Scientific (Clements),TAGS,AVIBASE,CONS_STATUS
Struthio camelus,,https://avibase.bsc-eoc.org/species.jsp?avibaseid=2247CB050A76CF8E,Least concern
Struthio molybdophanes,,,
Casuarius casuarius,,,
Casuarius bennetti,,,
Casuarius unappendiculatus,,,
Dromaius novaehollandiae,,,
Apteryx australis,,,
Apteryx rowi,,,
Apteryx mantelli,,,
Apteryx owenii,,,
Apteryx maxima,,,
Rhea americana,,,
Rhea pennata,,,
Tinamotis pentlandii,,,
Tinamotis ingoufi,,,
Eudromia formosa,,,
Eudromia elegans,,,
Taoniscus nanus,,,
Nothura boraquira,,,
Nothura minor,,,
Nothura darwinii,,,
Nothura maculosa,,,
Rhynchotus maculicollis,,,
Rhynchotus rufescens,,,
Nothoprocta cinerascens,,,
Nothoprocta pentlandii,,,
Nothoprocta curvirostris,,,
Nothoprocta ornata,,,
Nothoprocta taczanowskii,,,
Nothoprocta perdicaria,,,
Nothocercus julius,,,
Nothocercus nigrocapillus,,,
Nothocercus bonapartei,,,
Tinamus major,,,
Tinamus solitarius,,,
Tinamus tao,,,
Tinamus guttatus,,,
Tinamus osgoodi,,,
Crypturellus berlepschi,,,
Crypturellus cinereus,,,
Crypturellus ptaritepui,,,
Crypturellus parvirostris,,,
Crypturellus tataupa,,,
Crypturellus obsoletus,,,
Crypturellus variegatus,,,
Crypturellus bartletti,,,
Crypturellus casiquiare,,,
Crypturellus brevirostris,,,
Crypturellus soui,,,
Crypturellus undulatus,,,
Crypturellus noctivagus,,,
Crypturellus atrocapillus,,,
Crypturellus transfasciatus,,,
Crypturellus cinnamomeus,,,
Crypturellus boucardi,,,
Crypturellus kerriae,,,
Crypturellus erythropus,,,
Crypturellus duidae,,,
Crypturellus strigulosus,,,
Anhima cornuta,,,
Chauna torquata,,,
Chauna chavaria,,,
Anseranas semipalmata,,,
Dendrocygna guttata,,,
Dendrocygna eytoni,,,
Dendrocygna viduata,UB::Western-Palearctic::Rare/Accidental ,https://avibase.bsc-eoc.org/species.jsp?avibaseid=A534AFEA126DBD62,Least concern
Dendrocygna autumnalis,,,
Dendrocygna arborea,,,
Dendrocygna bicolor,UB::Western-Palearctic::Common ,https://avibase.bsc-eoc.org/species.jsp?avibaseid=9A60617EE376ABE9,Least concern
Dendrocygna arcuata,,,
Dendrocygna javanica,UB::Western-Palearctic::Rare/Accidental ,https://avibase.bsc-eoc.org/species.jsp?avibaseid=BD683E6E9F6B03A4,Least concern
Thalassornis leuconotus,,,
Anser indicus,UB::Western-Palearctic::Introduced-species ,https://avibase.bsc-eoc.org/species.jsp?avibaseid=B7159EF0DE54C384,Least concern
Anser canagicus,UB::Western-Palearctic::Introduced-species ,https://avibase.bsc-eoc.org/species.jsp?avibaseid=1E6F0F8D43759948,Least concern
Anser caerulescens,UB::Western-Palearctic::Rare/Accidental ,https://avibase.bsc-eoc.org/species.jsp?avibaseid=D3A260BCA65503C6,Least concern
Anser rossii,UB::Western-Palearctic::Rare/Accidental ,https://avibase.bsc-eoc.org/species.jsp?avibaseid=7A24F57F87F66E97,Least concern
Anser anser,UB::Western-Palearctic::Common ,https://avibase.bsc-eoc.org/species.jsp?avibaseid=4AED44E819A43204,Least concern
Anser cygnoides,UB::Western-Palearctic::Common ,https://avibase.bsc-eoc.org/species.jsp?avibaseid=946E45176CFB6DE7,Endangered
Anser albifrons,UB::Western-Palearctic::Common ,https://avibase.bsc-eoc.org/species.jsp?avibaseid=466E9077BE220EBE,Least concern
Anser erythropus,UB::Western-Palearctic::Common ,https://avibase.bsc-eoc.org/species.jsp?avibaseid=184D232983E7AD10,Vulnerable
Anser fabalis,UB::Western-Palearctic::Common ,https://avibase.bsc-eoc.org/species.jsp?avibaseid=BDB497A352D152DB,Least concern
Anser serrirostris,UB::Western-Palearctic::Common ,https://avibase.bsc-eoc.org/species.jsp?avibaseid=AD849FCBCC68A520,Least concern
Anser brachyrhynchus,UB::Western-Palearctic::Common ,https://avibase.bsc-eoc.org/species.jsp?avibaseid=AFA7EE7470F000E9,Least concern
Branta bernicla,UB::Western-Palearctic::Common ,https://avibase.bsc-eoc.org/species.jsp?avibaseid=3E04020B54C14FCC,Least concern
Branta leucopsis,UB::Western-Palearctic::Common ,https://avibase.bsc-eoc.org/species.jsp?avibaseid=3163ED86A508BB83,Least concern
Branta hutchinsii,UB::Western-Palearctic::Rare/Accidental ,https://avibase.bsc-eoc.org/species.jsp?avibaseid=60214D4970BA4158,Least concern
Branta canadensis,UB::Western-Palearctic::Common ,https://avibase.bsc-eoc.org/species.jsp?avibaseid=B59E18633E2EFD25,Least concern
Branta sandvicensis,,,
Branta ruficollis,UB::Western-Palearctic::Common ,https://avibase.bsc-eoc.org/species.jsp?avibaseid=0D280B3F11B099B2,Vulnerable
Cereopsis novaehollandiae,,,
Stictonetta naevosa,,,
Cyanochen cyanoptera,,,
Cygnus olor,UB::Western-Palearctic::Common ,https://avibase.bsc-eoc.org/species.jsp?avibaseid=694C127A5D849FFE,Least concern
Cygnus atratus,UB::Western-Palearctic::Introduced-species ,https://avibase.bsc-eoc.org/species.jsp?avibaseid=46B54DB1D4CF50D3,Least concern
Cygnus melancoryphus,,,
Cygnus buccinator,,,
Cygnus columbianus,UB::Western-Palearctic::Common ,https://avibase.bsc-eoc.org/species.jsp?avibaseid=0BCBA6B9CC19E7BA,Least concern
Cygnus cygnus,UB::Western-Palearctic::Common ,https://avibase.bsc-eoc.org/species.jsp?avibaseid=BDDB5670D2D20A55,Least concern
Coscoroba coscoroba,,,
Sarkidiornis melanotos,UB::Western-Palearctic::Rare/Accidental ,https://avibase.bsc-eoc.org/species.jsp?avibaseid=3948131B5C866873,Least concern
Sarkidiornis sylvicola,,,
Pteronetta hartlaubii,,,
Oressochen jubatus,,,
Oressochen melanopterus,,,
Chloephaga picta,UB::Western-Palearctic::Uncertain-origin ,https://avibase.bsc-eoc.org/species.jsp?avibaseid=74FC5DAB02BDF076,Least concern
Chloephaga hybrida,,,
Chloephaga poliocephala,,,
Chloephaga rubidiceps,,,
Radjah radjah,,,
Alopochen aegyptiaca,UB::Western-Palearctic::Common ,https://avibase.bsc-eoc.org/species.jsp?avibaseid=DA2F24E310CF72A6,Least concern
Alopochen mauritiana,,,
Alopochen kervazoi,,,
Tadorna ferruginea,UB::Western-Palearctic::Common ,https://avibase.bsc-eoc.org/species.jsp?avibaseid=1F9D883EB44DEFD6,Least concern
Tadorna cana,UB::Western-Palearctic::Uncertain-origin ,https://avibase.bsc-eoc.org/species.jsp?avibaseid=D9DEA77E9D637151,Least concern
Tadorna tadornoides,,,
Tadorna variegata,,,
Tadorna tadorna,UB::Western-Palearctic::Common ,https://avibase.bsc-eoc.org/species.jsp?avibaseid=5EAB32D3007896F3,Least concern
Tadorna cristata,,,
Plectropterus gambensis,UB::Western-Palearctic::Rare/Accidental ,https://avibase.bsc-eoc.org/species.jsp?avibaseid=EB01B24C6C4CDD54,Least concern
Tachyeres patachonicus,,,
Tachyeres pteneres,,,
Tachyeres brachypterus,,,
Tachyeres leucocephalus,,,
Lophonetta specularioides,,,
Speculanas specularis,,,
Cairina moschata,UB::Western-Palearctic::Introduced-species ,https://avibase.bsc-eoc.org/species.jsp?avibaseid=8DE140468464FA45,Least concern
Nettapus pulchellus,,,
Nettapus coromandelianus,UB::Western-Palearctic::Rare/Accidental ,https://avibase.bsc-eoc.org/species.jsp?avibaseid=90AAE188290B503E,Least concern
Nettapus auritus,,,
Callonetta leucophrys,,,
Aix sponsa,UB::Western-Palearctic::Rare/Accidental ,https://avibase.bsc-eoc.org/species.jsp?avibaseid=27B2749A88E3E2C8,Least concern
Aix galericulata,UB::Western-Palearctic::Common ,https://avibase.bsc-eoc.org/species.jsp?avibaseid=E1714A09EA1DFD1D,Least concern
Chenonetta jubata,,,
Chenonetta finschi,,,
Amazonetta brasiliensis,,,
Hymenolaimus malacorhynchos,,,
Merganetta armata,,,
Salvadorina waigiuensis,,,
Sibirionetta formosa,UB::Western-Palearctic::Common ,https://avibase.bsc-eoc.org/species.jsp?avibaseid=63EABB42903040B4,Least concern
Spatula querquedula,UB::Western-Palearctic::Common ,https://avibase.bsc-eoc.org/species.jsp?avibaseid=F577BA0F5BB7BD3F,Least concern
Spatula hottentota,,,
Spatula versicolor,,,
Spatula puna,,,
Spatula discors,UB::Western-Palearctic::Rare/Accidental ,https://avibase.bsc-eoc.org/species.jsp?avibaseid=90E2543E9A4ABA0A,Least concern
Spatula cyanoptera,UB::Western-Palearctic::Common ,https://avibase.bsc-eoc.org/species.jsp?avibaseid=0E599E6CC209AFAD,Least concern
Spatula platalea,,,
Spatula smithii,UB::Western-Palearctic::Rare/Accidental ,https://avibase.bsc-eoc.org/species.jsp?avibaseid=4670CF434BF8489C,Least concern
Spatula rhynchotis,,,
Spatula clypeata,UB::Western-Palearctic::Common ,https://avibase.bsc-eoc.org/species.jsp?avibaseid=ED4CE8E7CFF43696,Least concern
Mareca strepera,UB::Western-Palearctic::Common ,https://avibase.bsc-eoc.org/species.jsp?avibaseid=C235A4D712BB8855,Least concern
Mareca falcata,UB::Western-Palearctic::Common ,https://avibase.bsc-eoc.org/species.jsp?avibaseid=978D448531E03998,Least concern
Mareca penelope,UB::Western-Palearctic::Common ,https://avibase.bsc-eoc.org/species.jsp?avibaseid=15EE0D3685082E13,Least concern
Mareca americana,UB::Western-Palearctic::Common ,https://avibase.bsc-eoc.org/species.jsp?avibaseid=D201EB7230F20770,Least concern
Mareca sibilatrix,,,
Mareca marecula,,,
Anas sparsa,,,
Anas undulata,,,
Anas melleri,,,
Anas superciliosa,,,
Anas laysanensis,,,
Anas wyvilliana,,,
Anas luzonica,,,
Anas poecilorhyncha,UB::Western-Palearctic::Common ,https://avibase.bsc-eoc.org/species.jsp?avibaseid=759C5EB8F2513E96,Least concern
Anas zonorhyncha,UB::Western-Palearctic::Uncertain-origin ,https://avibase.bsc-eoc.org/species.jsp?avibaseid=E21470F9073AC877,Least concern
Anas platyrhynchos,UB::Western-Palearctic::Common ,https://avibase.bsc-eoc.org/species.jsp?avibaseid=85625D75F2524457,Least concern
Anas diazi,,,
Anas rubripes,UB::Western-Palearctic::Rare/Accidental ,https://avibase.bsc-eoc.org/species.jsp?avibaseid=C732CB106EE8BAE8,Least concern
Anas fulvigula,,,
Anas capensis,UB::Western-Palearctic::Rare/Accidental ,https://avibase.bsc-eoc.org/species.jsp?avibaseid=25DA0F41467279DF,Least concern
Anas bahamensis,,,
Anas erythrorhyncha,UB::Western-Palearctic::Rare/Accidental ,https://avibase.bsc-eoc.org/species.jsp?avibaseid=8F6876AC4DDE3CB7,Least concern
Anas acuta,UB::Western-Palearctic::Common ,https://avibase.bsc-eoc.org/species.jsp?avibaseid=56CCA7179C9FA71D,Least concern
Anas eatoni,,,
Anas georgica,,,
Anas crecca,UB::Western-Palearctic::Common ,https://avibase.bsc-eoc.org/species.jsp?avibaseid=BC6C3CCE5C1B5D9B,Least concern
Anas andium,,,
Anas flavirostris,,,
Anas theodori,,,
Anas albogularis,,,
Anas gibberifrons,,,
Anas gracilis,,,
Anas castanea,,,
Anas bernieri,,,
Anas aucklandica,,,
Anas nesiotis,,,
Anas chlorotis,,,
Malacorhynchus membranaceus,,,
Marmaronetta angustirostris,UB::Western-Palearctic::Common ,https://avibase.bsc-eoc.org/species.jsp?avibaseid=6362936EA12874F1,Near-threatened
Rhodonessa caryophyllacea,,,
Asarcornis scutulata,,,
Netta rufina,UB::Western-Palearctic::Common ,https://avibase.bsc-eoc.org/species.jsp?avibaseid=3EC2CDA952B4A18C,Least concern
Netta erythrophthalma,UB::Western-Palearctic::Rare/Accidental ,https://avibase.bsc-eoc.org/species.jsp?avibaseid=36C0242EAEB3388E,Least concern
Netta peposaca,,,
Aythya valisineria,UB::Western-Palearctic::Rare/Accidental ,https://avibase.bsc-eoc.org/species.jsp?avibaseid=1929E1E16E073570,Least concern
Aythya americana,UB::Western-Palearctic::Rare/Accidental ,https://avibase.bsc-eoc.org/species.jsp?avibaseid=3072CC168280168B,Least concern
Aythya ferina,UB::Western-Palearctic::Common ,https://avibase.bsc-eoc.org/species.jsp?avibaseid=A96692E0C9F7508B,Vulnerable
Aythya collaris,UB::Western-Palearctic::Rare/Accidental ,https://avibase.bsc-eoc.org/species.jsp?avibaseid=0783A7EA9C26947D,Least concern
Aythya nyroca,UB::Western-Palearctic::Common ,https://avibase.bsc-eoc.org/species.jsp?avibaseid=7CF91527F5832F30,Near-threatened
Aythya innotata,,,
Aythya baeri,,,
Aythya australis,,,
Aythya fuligula,UB::Western-Palearctic::Common ,https://avibase.bsc-eoc.org/species.jsp?avibaseid=67CEA1C1FC88F1DB,Least concern
Aythya novaeseelandiae,,,
Aythya marila,UB::Western-Palearctic::Common ,https://avibase.bsc-eoc.org/species.jsp?avibaseid=25C94A8F90A829F7,Least concern
Aythya affinis,UB::Western-Palearctic::Rare/Accidental ,https://avibase.bsc-eoc.org/species.jsp?avibaseid=50566E50C91B8686,Least concern
Polysticta stelleri,UB::Western-Palearctic::Common ,https://avibase.bsc-eoc.org/species.jsp?avibaseid=BA07D0168474EB92,Vulnerable
Camptorhynchus labradorius,,,
Somateria fischeri,UB::Western-Palearctic::Rare/Accidental ,https://avibase.bsc-eoc.org/species.jsp?avibaseid=7D8BF5CCA035FB99,Near-threatened
Somateria spectabilis,UB::Western-Palearctic::Common ,https://avibase.bsc-eoc.org/species.jsp?avibaseid=F3D7491432CC59E7,Least concern
Somateria mollissima,UB::Western-Palearctic::Common ,https://avibase.bsc-eoc.org/species.jsp?avibaseid=B77377EEB852D0AF,Near-threatened
Histrionicus histrionicus,UB::Western-Palearctic::Common ,https://avibase.bsc-eoc.org/species.jsp?avibaseid=BCBD2EAECA774B19,Least concern
Melanitta perspicillata,UB::Western-Palearctic::Common ,https://avibase.bsc-eoc.org/species.jsp?avibaseid=624078BAC17F8111,Least concern
Melanitta fusca,UB::Western-Palearctic::Common ,https://avibase.bsc-eoc.org/species.jsp?avibaseid=BAF44E36E8D647CB,Vulnerable
Melanitta deglandi,UB::Western-Palearctic::Common ,https://avibase.bsc-eoc.org/species.jsp?avibaseid=4800D6B673F13A48,Least concern
Melanitta stejnegeri,UB::Western-Palearctic::Common ,https://avibase.bsc-eoc.org/species.jsp?avibaseid=1A601D86C048CBAA,Least concern
Melanitta nigra,UB::Western-Palearctic::Common ,https://avibase.bsc-eoc.org/species.jsp?avibaseid=246981996A4998ED,Least concern
Melanitta americana,UB::Western-Palearctic::Rare/Accidental ,https://avibase.bsc-eoc.org/species.jsp?avibaseid=B7B1A5DD94724A05,Near-threatened
Clangula hyemalis,UB::Western-Palearctic::Common ,https://avibase.bsc-eoc.org/species.jsp?avibaseid=AF0C7BDEC7CEBAAC,Vulnerable
Bucephala albeola,UB::Western-Palearctic::Rare/Accidental ,https://avibase.bsc-eoc.org/species.jsp?avibaseid=FB7383856D0DB2EA,Least concern
Bucephala clangula,UB::Western-Palearctic::Common ,https://avibase.bsc-eoc.org/species.jsp?avibaseid=68EA281AF74846D2,Least concern
Bucephala islandica,UB::Western-Palearctic::Common ,https://avibase.bsc-eoc.org/species.jsp?avibaseid=9456DEDF7E1AADF3,Least concern
Mergellus albellus,UB::Western-Palearctic::Common ,https://avibase.bsc-eoc.org/species.jsp?avibaseid=F1F520368CC95F88,Least concern
Lophodytes cucullatus,UB::Western-Palearctic::Rare/Accidental ,https://avibase.bsc-eoc.org/species.jsp?avibaseid=60E6081E3DF8CFA4,Least concern
Mergus australis,,,
Mergus merganser,UB::Western-Palearctic::Common ,https://avibase.bsc-eoc.org/species.jsp?avibaseid=407E2CA886367DBB,Least concern
Mergus octosetaceus,,,
Mergus serrator,UB::Western-Palearctic::Common ,https://avibase.bsc-eoc.org/species.jsp?avibaseid=8DB64266A42FC19B,Least concern
Mergus squamatus,,,
Heteronetta atricapilla,,,
Nomonyx dominicus,,,
Oxyura jamaicensis,UB::Western-Palearctic::Common ,https://avibase.bsc-eoc.org/species.jsp?avibaseid=675EEA7FBD490CED,Least concern
Oxyura ferruginea,,,
Oxyura leucocephala,UB::Western-Palearctic::Common ,https://avibase.bsc-eoc.org/species.jsp?avibaseid=2E40EF2C53646E30,Endangered
Oxyura maccoa,,,
Oxyura vittata,,,
Oxyura australis,,,
Biziura lobata,,,
Alectura lathami,,,
Aepypodius arfakianus,,,
Aepypodius bruijnii,,,
Talegalla cuvieri,,,
Talegalla fuscirostris,,,
Talegalla jobiensis,,,
Leipoa ocellata,,,
Macrocephalon maleo,,,
Eulipoa wallacei,,,
Megapodius pritchardii,,,
Megapodius laperouse,,,
Megapodius nicobariensis,,,
Megapodius cumingii,,,
Megapodius bernsteinii,,,
Megapodius tenimberensis,,,
Megapodius freycinet,,,
Megapodius geelvinkianus,,,
Megapodius eremita,,,
Megapodius layardi,,,
Megapodius decollatus,,,
Megapodius reinwardt,,,
Penelopina nigra,,,
Chamaepetes unicolor,,,
Chamaepetes goudotii,,,
Aburria aburri,,,
Pipile jacutinga,,,
Pipile pipile,,,
Pipile cumanensis,,,
Pipile grayi,,,
Pipile cujubi,,,
Penelope argyrotis,,,
Penelope bridgesi,,,
Penelope obscura,,,
Penelope pileata,,,
Penelope ochrogaster,,,
Penelope jacucaca,,,
Penelope barbata,,,
Penelope purpurascens,,,
Penelope superciliaris,,,
Penelope marail,,,
Penelope albipennis,,,
Penelope ortoni,,,
Penelope montagnii,,,
Penelope dabbenei,,,
Penelope jacquacu,,,
Penelope perspicax,,,
Oreophasis derbianus,,,
Nothocrax urumutum,,,
Pauxi pauxi,,,
Pauxi koepckeae,,,
Pauxi unicornis,,,
Mitu tomentosum,,,
Mitu mitu,,,
Mitu salvini,,,
Mitu tuberosum,,,
Crax daubentoni,,,
Crax rubra,,,
Crax alberti,,,
Crax globulosa,,,
Crax blumenbachii,,,
Crax alector,,,
Crax fasciolata,,,
Ortalis vetula,,,
Ortalis leucogastra,,,
Ortalis poliocephala,,,
Ortalis wagleri,,,
Ortalis cinereiceps,,,
Ortalis erythroptera,,,
Ortalis motmot,,,
Ortalis ruficeps,,,
Ortalis canicollis,,,
Ortalis columbiana,,,
Ortalis guttata,,,
Ortalis superciliaris,,,
Ortalis araucuan,,,
Ortalis squamata,,,
Ortalis garrula,,,
Ortalis ruficauda,,,
Numida meleagris,UB::Western-Palearctic::Common ,https://avibase.bsc-eoc.org/species.jsp?avibaseid=1044B438EE7556BB,Least concern
Agelastes meleagrides,,,
Agelastes niger,,,
Acryllium vulturinum,,,
Guttera plumifera,,,
Guttera pucherani,,,
Guttera verreauxi,,,
Guttera edouardi,,,
Ptilopachus petrosus,,,
Ptilopachus nahani,,,
Rhynchortyx cinctus,,,
Oreortyx pictus,,,
Dendrortyx leucophrys,,,
Dendrortyx macroura,,,
Dendrortyx barbatus,,,
Philortyx fasciatus,,,
Colinus virginianus,UB::Western-Palearctic::Introduced-species ,https://avibase.bsc-eoc.org/species.jsp?avibaseid=91CCBC719C97AE19,Near-threatened
Colinus nigrogularis,,,
Colinus leucopogon,,,
Colinus cristatus,,,
Callipepla squamata,,,
Callipepla douglasii,,,
Callipepla californica,UB::Western-Palearctic::Introduced-species ,https://avibase.bsc-eoc.org/species.jsp?avibaseid=F93AC929F265F3EF,Least concern
Callipepla gambelii,,,
Cyrtonyx montezumae,,,
Cyrtonyx ocellatus,,,
Dactylortyx thoracicus,,,
Odontophorus gujanensis,,,
Odontophorus capueira,,,
Odontophorus melanotis,,,
Odontophorus atrifrons,,,
Odontophorus erythrops,,,
Odontophorus hyperythrus,,,
Odontophorus melanonotus,,,
Odontophorus speciosus,,,
Odontophorus dialeucos,,,
Odontophorus strophium,,,
Odontophorus columbianus,,,
Odontophorus leucolaemus,,,
Odontophorus balliviani,,,
Odontophorus stellatus,,,
Odontophorus guttatus,,,
Xenoperdix udzungwensis,,,
Caloperdix oculeus,,,
Rollulus rouloul,,,
Melanoperdix niger,,,
Arborophila torqueola,,,
Arborophila rufipectus,,,
Arborophila mandellii,,,
Arborophila gingica,,,
Arborophila rufogularis,,,
Arborophila rubrirostris,,,
Arborophila cambodiana,,,
Arborophila ardens,,,
Arborophila crudigularis,,,
Arborophila atrogularis,,,
Arborophila brunneopectus,,,
Arborophila davidi,,,
Arborophila hyperythra,,,
Arborophila campbelli,,,
Arborophila rolli,,,
Arborophila sumatrana,,,
Arborophila javanica,,,
Arborophila orientalis,,,
Lerwa lerwa,,,
Ithaginis cruentus,,,
Tragopan melanocephalus,,,
Tragopan satyra,,,
Tragopan blythii,,,
Tragopan temminckii,,,
Tragopan caboti,,,
Tetraophasis obscurus,,,
Tetraophasis szechenyii,,,
Lophophorus impejanus,,,
Lophophorus sclateri,,,
Lophophorus lhuysii,,,
Pucrasia macrolopha,,,
Meleagris gallopavo,UB::Western-Palearctic::Introduced-species ,https://avibase.bsc-eoc.org/species.jsp?avibaseid=9C5ED06A51A9FFEE,Least concern
Meleagris ocellata,,,
Bonasa umbellus,,,
Tetrastes bonasia,UB::Western-Palearctic::Common ,https://avibase.bsc-eoc.org/species.jsp?avibaseid=B8CA2EEB4E7E0CA3,Least concern
Tetrastes sewerzowi,,,
Centrocercus urophasianus,,,
Centrocercus minimus,,,
Dendragapus obscurus,,,
Dendragapus fuliginosus,,,
Tympanuchus phasianellus,,,
Tympanuchus cupido,,,
Tympanuchus pallidicinctus,,,
Lagopus leucura,,,
Lagopus scotica,UB::Western-Palearctic::Common ,https://avibase.bsc-eoc.org/species.jsp?avibaseid=57065B64D3BADA12,Least concern
Lagopus lagopus,UB::Western-Palearctic::Common ,https://avibase.bsc-eoc.org/species.jsp?avibaseid=6CCEAF5D74B10547,Least concern
Lagopus muta,UB::Western-Palearctic::Common ,https://avibase.bsc-eoc.org/species.jsp?avibaseid=79B161B7017DD7ED,Least concern
Falcipennis falcipennis,,,
Canachites canadensis,,,
Tetrao urogallus,UB::Western-Palearctic::Common ,https://avibase.bsc-eoc.org/species.jsp?avibaseid=C3221EE24B948F50,Least concern
Tetrao urogalloides,UB::Western-Palearctic::Common ,https://avibase.bsc-eoc.org/species.jsp?avibaseid=117B69091564DBC1,Least concern
Lyrurus tetrix,UB::Western-Palearctic::Common ,https://avibase.bsc-eoc.org/species.jsp?avibaseid=D4441CD6E9C993EF,Least concern
Lyrurus mlokosiewiczi,UB::Western-Palearctic::Common ,https://avibase.bsc-eoc.org/species.jsp?avibaseid=4ACE5613FF666F16,Near-threatened
Rhizothera longirostris,,,
Rhizothera dulitensis,,,
Perdix hodgsoniae,,,
Perdix perdix,UB::Western-Palearctic::Common ,https://avibase.bsc-eoc.org/species.jsp?avibaseid=C013A20E7F91419D,Least concern
Perdix dauurica,UB::Western-Palearctic::Introduced-species ,https://avibase.bsc-eoc.org/species.jsp?avibaseid=0923A272116E8D4E,Least concern
Syrmaticus soemmerringii,,,
Syrmaticus reevesii,UB::Western-Palearctic::Introduced-species ,https://avibase.bsc-eoc.org/species.jsp?avibaseid=94785AFFA715F16E,Vulnerable
Syrmaticus mikado,,,
Syrmaticus ellioti,,,
Syrmaticus humiae,,,
Chrysolophus pictus,UB::Western-Palearctic::Introduced-species ,https://avibase.bsc-eoc.org/species.jsp?avibaseid=093AC1FC5140E629,Least concern
Chrysolophus amherstiae,UB::Western-Palearctic::Introduced-species ,https://avibase.bsc-eoc.org/species.jsp?avibaseid=DDF032E83155CBB2,Least concern
Phasianus colchicus,UB::Western-Palearctic::Common ,https://avibase.bsc-eoc.org/species.jsp?avibaseid=2FA39DCD42F80BC9,Least concern
Phasianus versicolor,,,
Catreus wallichii,,,
Crossoptilon harmani,,,
Crossoptilon crossoptilon,,,
Crossoptilon mantchuricum,,,
Crossoptilon auritum,,,
Lophura edwardsi,,,
Lophura swinhoii,,,
Lophura bulweri,,,
Lophura leucomelanos,,,
Lophura nycthemera,,,
Lophura erythrophthalma,,,
Lophura pyronota,,,
Lophura diardi,,,
Lophura inornata,,,
Lophura rufa,,,
Lophura ignita,,,
Rheinardia ocellata,,,
Rheinardia nigrescens,,,
Argusianus argus,,,
Afropavo congensis,,,
Pavo cristatus,,https://avibase.bsc-eoc.org/species.jsp?avibaseid=A8C34DC9655204ED,Least concern
Pavo muticus,,,
Tropicoperdix chloropus,,,
Tropicoperdix charltonii,,,
Tropicoperdix graydoni,,,
Haematortyx sanguiniceps,,,
Galloperdix spadicea,,,
Galloperdix lunulata,,,
Galloperdix bicalcarata,,,
Polyplectron napoleonis,,,
Polyplectron schleiermacheri,,,
Polyplectron malacense,,,
Polyplectron germaini,,,
Polyplectron katsumatae,,,
Polyplectron bicalcaratum,,,
Polyplectron inopinatum,,,
Polyplectron chalcurum,,,
Bambusicola fytchii,,,
Bambusicola thoracicus,,,
Bambusicola sonorivox,,,
Gallus varius,,,
Gallus gallus,,,
Gallus sonneratii,,,
Gallus lafayettii,,,
Peliperdix lathami,,,
Ortygornis sephaena,,,
Ortygornis pondicerianus,UB::Western-Palearctic::Common ,https://avibase.bsc-eoc.org/species.jsp?avibaseid=B1C204EC88892CBE,Least concern
Ortygornis gularis,,,
Francolinus pintadeanus,,,
Francolinus francolinus,UB::Western-Palearctic::Common ,https://avibase.bsc-eoc.org/species.jsp?avibaseid=50658B225BD16740,Least concern
Francolinus pictus,,,
Campocolinus coqui,,,
Campocolinus albogularis,,,
Campocolinus schlegelii,,,
Scleroptila streptophora,,,
Scleroptila levaillantii,,,
Scleroptila finschi,,,
Scleroptila psilolaema,,,
Scleroptila elgonensis,,,
Scleroptila afra,,,
Scleroptila gutturalis,,,
Scleroptila shelleyi,,,
Scleroptila whytei,,,
Tetraogallus tibetanus,,,
Tetraogallus altaicus,UB::Western-Palearctic::Common ,https://avibase.bsc-eoc.org/species.jsp?avibaseid=D9A6E25C5C83C6F9,Least concern
Tetraogallus caucasicus,UB::Western-Palearctic::Common ,https://avibase.bsc-eoc.org/species.jsp?avibaseid=1596C37C32DED526,Least concern
Tetraogallus caspius,UB::Western-Palearctic::Common ,https://avibase.bsc-eoc.org/species.jsp?avibaseid=039BF484C6E832D0,Least concern
Tetraogallus himalayensis,,,
Ammoperdix griseogularis,UB::Western-Palearctic::Common ,https://avibase.bsc-eoc.org/species.jsp?avibaseid=439AFD40508D453F,Least concern
Ammoperdix heyi,UB::Western-Palearctic::Common ,https://avibase.bsc-eoc.org/species.jsp?avibaseid=CD83E49E5C1FB3F8,Least concern
Synoicus ypsilophorus,,,
Synoicus monorthonyx,,,
Synoicus chinensis,,,
Synoicus adansonii,,,
Margaroperdix madagarensis,,,
Coturnix coturnix,UB::Western-Palearctic::Common ,https://avibase.bsc-eoc.org/species.jsp?avibaseid=CAFE345DCABD8BF8,Least concern
Coturnix japonica,,,
Coturnix delegorguei,,,
Coturnix coromandelica,,,
Coturnix pectoralis,,,
Coturnix novaezelandiae,,,
Alectoris barbara,UB::Western-Palearctic::Common ,https://avibase.bsc-eoc.org/species.jsp?avibaseid=D44B2846BB2436A7,Least concern
Alectoris melanocephala,,,
Alectoris rufa,UB::Western-Palearctic::Common ,https://avibase.bsc-eoc.org/species.jsp?avibaseid=F71E0BE60C5B3C98,Near-threatened
Alectoris chukar,UB::Western-Palearctic::Common ,https://avibase.bsc-eoc.org/species.jsp?avibaseid=87CBEBF7C53AF64C,Least concern
Alectoris graeca,UB::Western-Palearctic::Common ,https://avibase.bsc-eoc.org/species.jsp?avibaseid=44437074E18EB422,Near-threatened
Alectoris philbyi,UB::Western-Palearctic::Common ,https://avibase.bsc-eoc.org/species.jsp?avibaseid=123F394154AE19F7,Least concern
Alectoris magna,,,
Perdicula asiatica,,,
Perdicula argoondah,,,
Perdicula erythrorhyncha,,,
Perdicula manipurensis,,,
Ophrysia superciliosa,,,
Pternistis hartlaubi,,,
Pternistis camerunensis,,,
Pternistis nobilis,,,
Pternistis castaneicollis,,,
Pternistis erckelii,UB::Western-Palearctic::Introduced-species ,https://avibase.bsc-eoc.org/species.jsp?avibaseid=6C4A65979468031C,Least concern
Pternistis ochropectus,,,
Pternistis swierstrai,,,
Pternistis ahantensis,,,
Pternistis griseostriatus,,,
Pternistis jacksoni,,,
Pternistis adspersus,,,
Pternistis capensis,,,
Pternistis natalensis,,,
Pternistis hildebrandti,,,
Pternistis bicalcaratus,UB::Western-Palearctic::Common ,https://avibase.bsc-eoc.org/species.jsp?avibaseid=D8267ADE70E0D733,Least concern
Pternistis squamatus,,,
Pternistis icterorhynchus,,,
Pternistis clappertoni,,,
Pternistis harwoodi,,,
Pternistis swainsonii,,,
Pternistis leucoscepus,,,
Pternistis rufopictus,,,
Pternistis afer,UB::Western-Palearctic::Common ,https://avibase.bsc-eoc.org/species.jsp?avibaseid=5FA94F6614A812A6,Least concern
Columba livia,UB::Western-Palearctic::Common ,https://avibase.bsc-eoc.org/species.jsp?avibaseid=BBA263C235B15B88,Least concern
Columba rupestris,UB::Western-Palearctic::Common ,https://avibase.bsc-eoc.org/species.jsp?avibaseid=BF20B94DAF59C36D,Least concern
Columba leuconota,,,
Columba guinea,UB::Western-Palearctic::Common ,https://avibase.bsc-eoc.org/species.jsp?avibaseid=A6EA9F02884DCAC3,Least concern
Columba albitorques,,,
Columba oenas,UB::Western-Palearctic::Common ,https://avibase.bsc-eoc.org/species.jsp?avibaseid=68E4C0D1404A46D8,Least concern
Columba eversmanni,UB::Western-Palearctic::Rare/Accidental ,https://avibase.bsc-eoc.org/species.jsp?avibaseid=38AA824BEABC9F9C,Vulnerable
Columba oliviae,,,
Columba palumbus,UB::Western-Palearctic::Common ,https://avibase.bsc-eoc.org/species.jsp?avibaseid=760F307A30689D66,Least concern
Columba trocaz,UB::Western-Palearctic::Common ,https://avibase.bsc-eoc.org/species.jsp?avibaseid=BAAC66AF63EF76A9,Least concern
Columba bollii,UB::Western-Palearctic::Common ,https://avibase.bsc-eoc.org/species.jsp?avibaseid=1ED914E6AA103853,Least concern
Columba unicincta,,,
Columba junoniae,UB::Western-Palearctic::Common ,https://avibase.bsc-eoc.org/species.jsp?avibaseid=396E6311C7C5F4E6,Near-threatened
Columba arquatrix,,,
Columba sjostedti,,,
Columba thomensis,,,
Columba delegorguei,,,
Columba iriditorques,,,
Columba malherbii,,,
Columba thiriouxi,,,
Columba pollenii,,,
Columba hodgsonii,,,
Columba albinucha,,,
Columba pulchricollis,,,
Columba elphinstonii,,,
Columba torringtoniae,,,
Columba punicea,,,
Columba argentina,,,
Columba palumboides,,,
Columba janthina,,,
Columba jouyi,,,
Columba versicolor,,,
Columba vitiensis,,,
Columba leucomela,,,
Columba pallidiceps,,,
Aplopelia larvata,,,
Patagioenas cayennensis,,,
Patagioenas speciosa,,,
Patagioenas squamosa,,,
Patagioenas picazuro,,,
Patagioenas corensis,,,
Patagioenas maculosa,,,
Patagioenas leucocephala,,,
Patagioenas flavirostris,,,
Patagioenas inornata,,,
Patagioenas fasciata,,,
Patagioenas araucana,,,
Patagioenas caribaea,,,
Patagioenas oenops,,,
Patagioenas plumbea,,,
Patagioenas subvinacea,,,
Patagioenas nigrirostris,,,
Patagioenas goodsoni,,,
Ectopistes migratorius,UB::Western-Palearctic::Rare/Accidental ,https://avibase.bsc-eoc.org/species.jsp?avibaseid=D397FE255A606DE8,Extinct
Nesoenas picturatus,,,
Nesoenas mayeri,,,
Nesoenas cicur,,,
Nesoenas rodericanus,,,
Streptopelia turtur,UB::Western-Palearctic::Common ,https://avibase.bsc-eoc.org/species.jsp?avibaseid=5788552B694ED7B5,Vulnerable
Streptopelia lugens,,,
Streptopelia hypopyrrha,,,
Streptopelia orientalis,UB::Western-Palearctic::Rare/Accidental ,https://avibase.bsc-eoc.org/species.jsp?avibaseid=6658BAC574088183,Least concern
Streptopelia bitorquata,,,
Streptopelia dusumieri,,,
Streptopelia decaocto,UB::Western-Palearctic::Common ,https://avibase.bsc-eoc.org/species.jsp?avibaseid=0C1EFC9B44C459D3,Least concern
Streptopelia xanthocycla,,,
Streptopelia roseogrisea,UB::Western-Palearctic::Common ,https://avibase.bsc-eoc.org/species.jsp?avibaseid=273A4A2F793BFFA1,Least concern
Streptopelia reichenowi,,,
Streptopelia decipiens,UB::Western-Palearctic::Rare/Accidental ,https://avibase.bsc-eoc.org/species.jsp?avibaseid=70BD722BFB32E346,Least concern
Streptopelia semitorquata,UB::Western-Palearctic::Common ,https://avibase.bsc-eoc.org/species.jsp?avibaseid=9888B3AE7B0B41EE,Least concern
Streptopelia capicola,,,
Streptopelia vinacea,,,
Streptopelia tranquebarica,UB::Western-Palearctic::Rare/Accidental ,https://avibase.bsc-eoc.org/species.jsp?avibaseid=BC1407780F9EC377,Least concern
Spilopelia chinensis,UB::Western-Palearctic::Introduced-species ,https://avibase.bsc-eoc.org/species.jsp?avibaseid=C8EF4F36C6C77DE0,Least concern
Spilopelia senegalensis,UB::Western-Palearctic::Common ,https://avibase.bsc-eoc.org/species.jsp?avibaseid=B2D6AB06AA0628A7,Least concern
Macropygia unchall,,,
Macropygia phasianella,,,
Macropygia macassariensis,,,
Macropygia magna,,,
Macropygia timorlaoensis,,,
Macropygia amboinensis,,,
Macropygia doreya,,,
Macropygia rufipennis,,,
Macropygia tenuirostris,,,
Macropygia emiliana,,,
Macropygia cinnamomea,,,
Macropygia modiglianii,,,
Macropygia nigrirostris,,,
Macropygia mackinlayi,,,
Macropygia ruficeps,,,
Reinwardtoena reinwardti,,,
Reinwardtoena browni,,,
Reinwardtoena crassirostris,,,
Turacoena manadensis,,,
Turacoena sulaensis,,,
Turacoena modesta,,,
Turtur chalcospilos,,,
Turtur abyssinicus,,,
Turtur afer,,,
Turtur tympanistria,,,
Turtur brehmeri,,,
Oena capensis,UB::Western-Palearctic::Common ,https://avibase.bsc-eoc.org/species.jsp?avibaseid=DDC2CC929B5547C5,Least concern
Chalcophaps indica,,,
Chalcophaps longirostris,,,
Chalcophaps stephani,,,
Henicophaps albifrons,,,
Henicophaps foersteri,,,
Pampusana hoedtii,,,
Pampusana stairi,,,
Pampusana sanctaecrucis,,,
Pampusana salamonis,,,
Pampusana ferruginea,,,
Pampusana beccarii,,,
Pampusana canifrons,,,
Pampusana jobiensis,,,
Pampusana rubescens,,,
Pampusana kubaryi,,,
Pampusana erythroptera,,,
Pampusana xanthonura,,,
Pampusana norfolkensis,,,
Phaps chalcoptera,,,
Phaps elegans,,,
Phaps histrionica,,,
Ocyphaps lophotes,,,
Geophaps plumifera,,,
Geophaps scripta,,,
Geophaps smithii,,,
Petrophassa rufipennis,,,
Petrophassa albipennis,,,
Leucosarcia melanoleuca,,,
Geopelia cuneata,,,
Geopelia striata,,,
Geopelia placida,,,
Geopelia maugeus,,,
Geopelia humeralis,,,
Columbina inca,,,
Columbina passerina,,,
Columbina minuta,,,
Columbina talpacoti,,,
Columbina buckleyi,,,
Columbina squammata,,,
Columbina picui,,,
Columbina cruziana,,,
Columbina cyanopis,,,
Claravis pretiosa,,,
Paraclaravis mondetoura,,,
Paraclaravis geoffroyi,,,
Metriopelia ceciliae,,,
Metriopelia morenoi,,,
Metriopelia melanoptera,,,
Metriopelia aymara,,,
Uropelia campestris,,,
Starnoenas cyanocephala,,,
Geotrygon purpurata,,,
Geotrygon saphirina,,,
Geotrygon versicolor,,,
Geotrygon montana,,,
Geotrygon violacea,,,
Geotrygon caniceps,,,
Geotrygon leucometopia,,,
Geotrygon chrysia,,,
Geotrygon mystacea,,,
Leptotrygon veraguensis,,,
Leptotila verreauxi,,,
Leptotila jamaicensis,,,
Leptotila cassinii,,,
Leptotila conoveri,,,
Leptotila ochraceiventris,,,
Leptotila plumbeiceps,,,
Leptotila rufaxilla,,,
Leptotila wellsi,,,
Leptotila pallida,,,
Leptotila megalura,,,
Zentrygon carrikeri,,,
Zentrygon costaricensis,,,
Zentrygon lawrencii,,,
Zentrygon albifacies,,,
Zentrygon frenata,,,
Zentrygon linearis,,,
Zentrygon chiriquensis,,,
Zentrygon goldmani,,,
Zenaida meloda,,,
Zenaida asiatica,,,
Zenaida aurita,UB::Western-Palearctic::Rare/Accidental ,https://avibase.bsc-eoc.org/species.jsp?avibaseid=85BD24D1E63A7EF0,Least concern
Zenaida galapagoensis,,,
Zenaida auriculata,,,
Zenaida macroura,UB::Western-Palearctic::Rare/Accidental ,https://avibase.bsc-eoc.org/species.jsp?avibaseid=00124D987C95811B,Least concern
Zenaida graysoni,,,
Caloenas nicobarica,,,
Caloenas maculata,,,
Raphus cucullatus,,,
Pezophaps solitaria,,,
Gallicolumba tristigmata,,,
Gallicolumba rufigula,,,
Gallicolumba platenae,,,
Gallicolumba keayi,,,
Gallicolumba menagei,,,
Gallicolumba luzonica,,,
Gallicolumba crinigera,,,
Microgoura meeki,,,
Trugon terrestris,,,
Otidiphaps nobilis,,,
Goura cristata,,,
Goura sclaterii,,,
Goura scheepmakeri,,,
Goura victoria,,,
Didunculus strigirostris,,,
Phapitreron leucotis,,,
Phapitreron amethystinus,,,
Phapitreron brunneiceps,,,
Phapitreron cinereiceps,,,
Treron olax,,,
Treron vernans,,,
Treron fulvicollis,,,
Treron bicinctus,,,
Treron pompadora,,,
Treron affinis,,,
Treron chloropterus,,,
Treron phayrei,,,
Treron axillaris,,,
Treron aromaticus,,,
Treron curvirostra,,,
Treron griseicauda,,,
Treron teysmannii,,,
Treron floris,,,
Treron psittaceus,,,
Treron capellei,,,
Treron phoenicopterus,,,
Treron waalia,UB::Western-Palearctic::Rare/Accidental ,https://avibase.bsc-eoc.org/species.jsp?avibaseid=46C9094410A753DB,Least concern
Treron griveaudi,,,
Treron australis,,,
Treron pembaensis,,,
Treron sanctithomae,,,
Treron seimundi,,,
Treron apicauda,,,
Treron calvus,,,
Treron oxyurus,,,
Treron sphenurus,,,
Treron sieboldii,,,
Treron formosae,,,
Megaloprepia formosa,,,
Megaloprepia magnifica,,,
Ramphiculus marchei,,,
Ramphiculus merrilli,,,
Ramphiculus occipitalis,,,
Ramphiculus fischeri,,,
Ramphiculus jambu,,,
Ramphiculus leclancheri,,,
Ramphiculus mangoliensis,,,
Ramphiculus gularis,,,
Ramphiculus subgularis,,,
Alectroenas pulcherrimus,,,
Alectroenas payandeei,,,
Alectroenas sganzini,,,
Alectroenas madagascariensis,,,
Alectroenas nitidissimus,,,
Ptilinopus luteovirens,,,
Ptilinopus layardi,,,
Ptilinopus victor,,,
Ptilinopus arcanus,,,
Ptilinopus melanospilus,,,
Ptilinopus holosericea,,,
Ptilinopus nainus,,,
Ptilinopus porphyreus,,,
Ptilinopus alligator,,,
Ptilinopus cinctus,,,
Ptilinopus dohertyi,,,
Ptilinopus superbus,,,
Ptilinopus rivoli,,,
Ptilinopus speciosus,,,
Ptilinopus solomonensis,,,
Ptilinopus tannensis,,,
Ptilinopus iozonus,,,
Ptilinopus eugeniae,,,
Ptilinopus viridis,,,
Ptilinopus hyogastrus,,,
Ptilinopus granulifrons,,,
Ptilinopus perlatus,,,
Ptilinopus wallacii,,,
Ptilinopus aurantiifrons,,,
Ptilinopus ornatus,,,
Ptilinopus insolitus,,,
Ptilinopus pulchellus,,,
Ptilinopus monacha,,,
Ptilinopus coronulatus,,,
Ptilinopus regina,,,
Ptilinopus mercierii,,,
Ptilinopus dupetithouarsii,,,
Ptilinopus greyi,,,
Ptilinopus porphyraceus,,,
Ptilinopus pelewensis,,,
Ptilinopus roseicapilla,,,
Ptilinopus richardsii,,,
Ptilinopus perousii,,,
Ptilinopus ponapensis,,,
Ptilinopus huttoni,,,
Ptilinopus insularis,,,
Ptilinopus coralensis,,,
Ptilinopus chalcurus,,,
Ptilinopus rarotongensis,,,
Ptilinopus chrysogaster,,,
Ptilinopus hernsheimi,,,
Ptilinopus purpuratus,,,
Ducula poliocephala,,,
Ducula forsteni,,,
Ducula mindorensis,,,
Ducula radiata,,,
Ducula carola,,,
Ducula aenea,,,
Ducula oenothorax,,,
Ducula nicobarica,,,
Ducula perspicillata,,,
Ducula neglecta,,,
Ducula concinna,,,
Ducula pacifica,,,
Ducula rubricera,,,
Ducula oceanica,,,
Ducula aurorae,,,
Ducula galeata,,,
Ducula myristicivora,,,
Ducula geelvinkiana,,,
Ducula rufigaster,,,
Ducula basilica,,,
Ducula finschii,,,
Ducula chalconota,,,
Ducula pistrinaria,,,
Ducula rosacea,,,
Ducula whartoni,,,
Ducula pickeringii,,,
Ducula latrans,,,
Ducula brenchleyi,,,
Ducula bakeri,,,
Ducula goliath,,,
Ducula pinon,,,
Ducula melanochroa,,,
Ducula mullerii,,,
Ducula zoeae,,,
Ducula cuprea,,,
Ducula badia,,,
Ducula lacernulata,,,
Ducula cineracea,,,
Ducula bicolor,,,
Ducula subflavescens,,,
Ducula spilorrhoa,,,
Ducula luctuosa,,,
Lopholaimus antarcticus,,,
Hemiphaga novaeseelandiae,,,
Hemiphaga chathamensis,,,
Cryptophaps poecilorrhoa,,,
Gymnophaps albertisii,,,
Gymnophaps mada,,,
Gymnophaps stalkeri,,,
Gymnophaps solomonensis,,,
Mesitornis variegatus,,,
Mesitornis unicolor,,,
Monias benschi,,,
Syrrhaptes tibetanus,,,
Syrrhaptes paradoxus,UB::Western-Palearctic::Common ,https://avibase.bsc-eoc.org/species.jsp?avibaseid=BDCB55F1196CAC6A,Least concern
Pterocles alchata,UB::Western-Palearctic::Common ,https://avibase.bsc-eoc.org/species.jsp?avibaseid=493C4CF8D0200AB4,Least concern
Pterocles namaqua,,,
Pterocles exustus,UB::Western-Palearctic::Common ,https://avibase.bsc-eoc.org/species.jsp?avibaseid=F5DE9155D65FAB81,Least concern
Pterocles senegallus,UB::Western-Palearctic::Common ,https://avibase.bsc-eoc.org/species.jsp?avibaseid=942BC61855ED501E,Least concern
Pterocles orientalis,UB::Western-Palearctic::Common ,https://avibase.bsc-eoc.org/species.jsp?avibaseid=06B41945B9E57EC4,Least concern
Pterocles gutturalis,,,
Pterocles coronatus,UB::Western-Palearctic::Common ,https://avibase.bsc-eoc.org/species.jsp?avibaseid=90194DA5CBF312EC,Least concern
Pterocles decoratus,,,
Pterocles personatus,,,
Pterocles lichtensteinii,UB::Western-Palearctic::Common ,https://avibase.bsc-eoc.org/species.jsp?avibaseid=F3715F7BC58BC842,Least concern
Pterocles bicinctus,,,
Pterocles quadricinctus,UB::Western-Palearctic::Common ,https://avibase.bsc-eoc.org/species.jsp?avibaseid=461482EA51EE8ACB,Least concern
Pterocles indicus,,,
Pterocles burchelli,,,
Otis tarda,UB::Western-Palearctic::Common ,https://avibase.bsc-eoc.org/species.jsp?avibaseid=C6F33176724AC933,Endangered
Ardeotis arabs,UB::Western-Palearctic::Common ,https://avibase.bsc-eoc.org/species.jsp?avibaseid=6A39447923373997,Near-threatened
Ardeotis kori,,,
Ardeotis nigriceps,,,
Ardeotis australis,,,
Chlamydotis undulata,UB::Western-Palearctic::Common ,https://avibase.bsc-eoc.org/species.jsp?avibaseid=5714C710ACE4DA8B,Vulnerable
Chlamydotis macqueenii,UB::Western-Palearctic::Common ,https://avibase.bsc-eoc.org/species.jsp?avibaseid=1BCEB0FD7CDFB06A,Vulnerable
Neotis ludwigii,,,
Neotis denhami,UB::Western-Palearctic::Rare/Accidental ,https://avibase.bsc-eoc.org/species.jsp?avibaseid=4FDBC0CBCDE078A0,Near-threatened
Neotis heuglinii,,,
Neotis nuba,UB::Western-Palearctic::Rare/Accidental ,https://avibase.bsc-eoc.org/species.jsp?avibaseid=22160251D9CC1114,Near-threatened
Eupodotis senegalensis,,,
Eupodotis caerulescens,,,
Heterotetrax vigorsii,,,
Heterotetrax rueppelii,,,
Heterotetrax humilis,,,
Lophotis savilei,,,
Lophotis gindiana,,,
Lophotis ruficrista,,,
Afrotis afra,,,
Afrotis afraoides,,,
Lissotis melanogaster,,,
Lissotis hartlaubii,,,
Houbaropsis bengalensis,,,
Sypheotides indicus,,,
Tetrax tetrax,UB::Western-Palearctic::Common ,https://avibase.bsc-eoc.org/species.jsp?avibaseid=56E3016D3370A6D5,Near-threatened
Corythaeola cristata,,,
Crinifer concolor,,,
Crinifer personatus,,,
Crinifer leucogaster,,,
Crinifer piscator,,,
Crinifer zonurus,,,
Gallirex johnstoni,,,
Gallirex porphyreolophus,,,
Menelikornis leucotis,,,
Menelikornis ruspolii,,,
Tauraco violaceus,,,
Tauraco rossae,,,
Tauraco macrorhynchus,,,
Tauraco bannermani,,,
Tauraco leucolophus,,,
Tauraco schuettii,,,
Tauraco schalowi,,,
Tauraco erythrolophus,,,
Tauraco persa,,,
Tauraco hartlaubi,,,
Tauraco fischeri,,,
Tauraco livingstonii,,,
Tauraco corythaix,,,
Guira guira,,,
Crotophaga major,,,
Crotophaga ani,,,
Crotophaga sulcirostris,,,
Tapera naevia,,,
Dromococcyx phasianellus,,,
Dromococcyx pavoninus,,,
Morococcyx erythropygus,,,
Geococcyx velox,,,
Geococcyx californianus,,,
Neomorphus geoffroyi,,,
Neomorphus squamiger,,,
Neomorphus radiolosus,,,
Neomorphus rufipennis,,,
Neomorphus pucheranii,,,
Carpococcyx viridis,,,
Carpococcyx radiceus,,,
Carpococcyx renauldi,,,
Coua cristata,,,
Coua verreauxi,,,
Coua caerulea,,,
Coua ruficeps,,,
Coua olivaceiceps,,,
Coua reynaudii,,,
Coua coquereli,,,
Coua cursor,,,
Coua gigas,,,
Coua delalandei,,,
Coua serriana,,,
Centropus milo,,,
Centropus ateralbus,,,
Centropus chalybeus,,,
Centropus menbeki,,,
Centropus unirufus,,,
Centropus chlororhynchos,,,
Centropus melanops,,,
Centropus rectunguis,,,
Centropus steerii,,,
Centropus celebensis,,,
Centropus anselli,,,
Centropus leucogaster,,,
Centropus senegalensis,UB::Western-Palearctic::Common ,https://avibase.bsc-eoc.org/species.jsp?avibaseid=4A83155BA1B18139,Least concern
Centropus monachus,,,
Centropus cupreicaudus,,,
Centropus superciliosus,,,
Centropus burchellii,,,
Centropus nigrorufus,,,
Centropus andamanensis,,,
Centropus sinensis,,,
Centropus goliath,,,
Centropus toulou,,,
Centropus grillii,,,
Centropus viridis,,,
Centropus bengalensis,,,
Centropus violaceus,,,
Centropus bernsteini,,,
Centropus phasianinus,,,
Rhinortha chlorophaea,,,
Ceuthmochares aereus,,,
Ceuthmochares australis,,,
Taccocua leschenaultii,,,
Zanclostomus javanicus,,,
Phaenicophaeus curvirostris,,,
Phaenicophaeus oeneicaudus,,,
Phaenicophaeus sumatranus,,,
Phaenicophaeus pyrrhocephalus,,,
Phaenicophaeus viridirostris,,,
Phaenicophaeus diardi,,,
Phaenicophaeus tristis,,,
Rhamphococcyx calyorhynchus,,,
Dasylophus superciliosus,,,
Dasylophus cumingi,,,
Clamator coromandus,,,
Clamator glandarius,UB::Western-Palearctic::Common ,https://avibase.bsc-eoc.org/species.jsp?avibaseid=3D67C56A490A60AE,Least concern
Clamator levaillantii,,,
Clamator jacobinus,UB::Western-Palearctic::Rare/Accidental ,https://avibase.bsc-eoc.org/species.jsp?avibaseid=BF0A09546401D245,Least concern
Coccycua minuta,,,
Coccycua pumila,,,
Coccycua cinerea,,,
Piaya mexicana,,,
Piaya cayana,,,
Piaya melanogaster,,,
Coccyzus melacoryphus,,,
Coccyzus americanus,UB::Western-Palearctic::Rare/Accidental ,https://avibase.bsc-eoc.org/species.jsp?avibaseid=0CF12F8155708DC8,Least concern
Coccyzus euleri,,,
Coccyzus minor,,,
Coccyzus ferrugineus,,,
Coccyzus erythropthalmus,UB::Western-Palearctic::Rare/Accidental ,https://avibase.bsc-eoc.org/species.jsp?avibaseid=41E9F54BDA04ACBA,Least concern
Coccyzus lansbergi,,,
Coccyzus pluvialis,,,
Coccyzus rufigularis,,,
Coccyzus vetula,,,
Coccyzus vieilloti,,,
Coccyzus merlini,,,
Coccyzus longirostris,,,
Nannococcyx psix,,,
Pachycoccyx audeberti,,,
Microdynamis parva,,,
Eudynamys scolopaceus,UB::Western-Palearctic::Rare/Accidental ,https://avibase.bsc-eoc.org/species.jsp?avibaseid=6150358815172A12,Least concern
Eudynamys melanorhynchus,,,
Eudynamys orientalis,,,
Urodynamis taitensis,,,
Scythrops novaehollandiae,,,
Chrysococcyx maculatus,,,
Chrysococcyx xanthorhynchus,,,
Chrysococcyx caprius,UB::Western-Palearctic::Rare/Accidental ,https://avibase.bsc-eoc.org/species.jsp?avibaseid=0482FA7E6D2B02F4,Least concern
Chrysococcyx klaas,,,
Chrysococcyx flavigularis,,,
Chrysococcyx cupreus,,,
Chalcites megarhynchus,,,
Chalcites basalis,,,
Chalcites osculans,,,
Chalcites ruficollis,,,
Chalcites lucidus,,,
Chalcites meyerii,,,
Chalcites minutillus,,,
Chalcites crassirostris,,,
Heteroscenes pallidus,,,
Caliechthrus leucolophus,,,
Cacomantis castaneiventris,,,
Cacomantis flabelliformis,,,
Cacomantis sonneratii,,,
Cacomantis merulinus,,,
Cacomantis passerinus,,,
Cacomantis sepulcralis,,,
Cacomantis virescens,,,
Cacomantis aeruginosus,,,
Cacomantis variolosus,,,
Cacomantis addendus,,,
Cacomantis blandus,,,
Cercococcyx mechowi,,,
Cercococcyx olivinus,,,
Cercococcyx montanus,,,
Surniculus dicruroides,,,
Surniculus velutinus,,,
Surniculus lugubris,,,
Surniculus musschenbroeki,,,
Hierococcyx vagans,,,
Hierococcyx sparverioides,,,
Hierococcyx bocki,,,
Hierococcyx varius,,,
Hierococcyx hyperythrus,UB::Western-Palearctic::Rare/Accidental ,https://avibase.bsc-eoc.org/species.jsp?avibaseid=207B35376E56241B,Least concern
Hierococcyx pectoralis,,,
Hierococcyx nisicolor,,,
Hierococcyx fugax,,,
Cuculus clamosus,,,
Cuculus solitarius,,,
Cuculus poliocephalus,,,
Cuculus crassirostris,,,
Cuculus micropterus,,,
Cuculus gularis,UB::Western-Palearctic::Common ,https://avibase.bsc-eoc.org/species.jsp?avibaseid=66931B3F993D2FCE,Least concern
Cuculus rochii,,,
Cuculus saturatus,UB::Western-Palearctic::Rare/Accidental ,https://avibase.bsc-eoc.org/species.jsp?avibaseid=66812DE278F9AD07,Least concern
Cuculus lepidus,,,
Cuculus canorus,UB::Western-Palearctic::Common ,https://avibase.bsc-eoc.org/species.jsp?avibaseid=B3D2C3C5B73EC8E8,Least concern
Cuculus optatus,UB::Western-Palearctic::Rare/Accidental ,https://avibase.bsc-eoc.org/species.jsp?avibaseid=6A735030417F672E,Least concern
Eurostopodus argus,,,
Eurostopodus nigripennis,,,
Eurostopodus exul,,,
Eurostopodus mystacalis,,,
Eurostopodus diabolicus,,,
Eurostopodus papuensis,,,
Eurostopodus archboldi,,,
Lyncornis temminckii,,,
Lyncornis macrotis,,,
Gactornis enarratus,,,
Chordeiles nacunda,,,
Chordeiles pusillus,,,
Chordeiles rupestris,,,
Chordeiles acutipennis,,,
Chordeiles minor,UB::Western-Palearctic::Rare/Accidental ,https://avibase.bsc-eoc.org/species.jsp?avibaseid=24E39ACD5692DA4A,Least concern
Chordeiles gundlachii,,,
Lurocalis semitorquatus,,,
Lurocalis rufiventris,,,
Nyctiprogne leucopyga,,,
Nyctiprogne vielliardi,,,
Nyctipolus nigrescens,,,
Nyctipolus hirundinaceus,,,
Nyctidromus albicollis,,,
Nyctidromus anthonyi,,,
Tepuiornis whitelyi,,,
Uropsalis segmentata,,,
Uropsalis lyra,,,
Quechuavis decussata,,,
Setopagis heterura,,,
Setopagis parvula,,,
Setopagis maculosa,,,
Antiurus maculicaudus,,,
Systellura longirostris,,,
Eleothreptus candicans,,,
Eleothreptus anomalus,,,
Hydropsalis cayennensis,,,
Hydropsalis climacocerca,,,
Hydropsalis torquata,,,
Hydropsalis forcipata,,,
Siphonorhis americana,,,
Siphonorhis brewsteri,,,
Nyctiphrynus mcleodii,,,
Nyctiphrynus yucatanicus,,,
Nyctiphrynus ocellatus,,,
Nyctiphrynus rosenbergi,,,
Phalaenoptilus nuttallii,,,
Antrostomus carolinensis,,,
Antrostomus rufus,,,
Antrostomus cubanensis,,,
Antrostomus ekmani,,,
Antrostomus salvini,,,
Antrostomus badius,,,
Antrostomus sericocaudatus,,,
Antrostomus ridgwayi,,,
Antrostomus vociferus,,,
Antrostomus saturatus,,,
Antrostomus arizonae,,,
Antrostomus noctitherus,,,
Veles binotatus,,,
Caprimulgus vexillarius,,,
Caprimulgus longipennis,,,
Caprimulgus ruficollis,UB::Western-Palearctic::Common ,https://avibase.bsc-eoc.org/species.jsp?avibaseid=6CC3D04BF479A2A2,Near-threatened
Caprimulgus indicus,,,
Caprimulgus jotaka,,,
Caprimulgus phalaena,,,
Caprimulgus europaeus,UB::Western-Palearctic::Common ,https://avibase.bsc-eoc.org/species.jsp?avibaseid=80D4B0FE7FF1D735,Least concern
Caprimulgus fraenatus,,,
Caprimulgus rufigena,,,
Caprimulgus aegyptius,UB::Western-Palearctic::Common ,https://avibase.bsc-eoc.org/species.jsp?avibaseid=2F7F024457A842B1,Least concern
Caprimulgus nubicus,UB::Western-Palearctic::Common ,https://avibase.bsc-eoc.org/species.jsp?avibaseid=626D56E43FDB7848,Least concern
Caprimulgus mahrattensis,UB::Western-Palearctic::Common ,https://avibase.bsc-eoc.org/species.jsp?avibaseid=C727BD310962B283,Least concern
Caprimulgus eximius,UB::Western-Palearctic::Rare/Accidental ,https://avibase.bsc-eoc.org/species.jsp?avibaseid=589694DD6D96D1D4,Least concern
Caprimulgus macrurus,,,
Caprimulgus ritae,,,
Caprimulgus andamanicus,,,
Caprimulgus meesi,,,
Caprimulgus atripennis,,,
Caprimulgus manillensis,,,
Caprimulgus celebensis,,,
Caprimulgus donaldsoni,,,
Caprimulgus pectoralis,,,
Caprimulgus poliocephalus,,,
Caprimulgus asiaticus,UB::Western-Palearctic::Rare/Accidental ,https://avibase.bsc-eoc.org/species.jsp?avibaseid=65D4C83B7790076A,Least concern
Caprimulgus madagascariensis,,,
Caprimulgus natalensis,,,
Caprimulgus inornatus,,,
Caprimulgus stellatus,,,
Caprimulgus solala,,,
Caprimulgus affinis,,,
Caprimulgus griseatus,,,
Caprimulgus tristigma,,,
Caprimulgus concretus,,,
Caprimulgus pulchellus,,,
Caprimulgus prigoginei,,,
Caprimulgus batesi,,,
Caprimulgus climacurus,,,
Caprimulgus clarus,,,
Caprimulgus fossii,,,
Phyllaemulor bracteatus,,,
Nyctibius grandis,,,
Nyctibius aethereus,,,
Nyctibius griseus,,,
Nyctibius jamaicensis,,,
Nyctibius maculosus,,,
Nyctibius leucopterus,,,
Steatornis caripensis,,,
Podargus strigoides,,,
Podargus ocellatus,,,
Podargus papuensis,,,
Rigidipenna inexpectata,,,
Batrachostomus auritus,,,
Batrachostomus harterti,,,
Batrachostomus septimus,,,
Batrachostomus stellatus,,,
Batrachostomus moniliger,,,
Batrachostomus hodgsoni,,,
Batrachostomus poliolophus,,,
Batrachostomus mixtus,,,
Batrachostomus javensis,,,
Batrachostomus affinis,,,
Batrachostomus chaseni,,,
Batrachostomus cornutus,,,
Aegotheles savesi,,,
Aegotheles insignis,,,
Aegotheles tatei,,,
Aegotheles wallacii,,,
Aegotheles albertisi,,,
Aegotheles crinifrons,,,
Aegotheles cristatus,,,
Aegotheles affinis,,,
Aegotheles bennettii,,,
Aegotheles terborghi,,,
Cypseloides niger,,,
Cypseloides lemosi,,,
Cypseloides rothschildi,,,
Cypseloides fumigatus,,,
Cypseloides storeri,,,
Cypseloides cryptus,,,
Cypseloides cherriei,,,
Cypseloides senex,,,
Streptoprocne rutila,,,
Streptoprocne phelpsi,,,
Streptoprocne zonaris,,,
Streptoprocne semicollaris,,,
Streptoprocne biscutata,,,
Mearnsia picina,,,
Mearnsia novaeguineae,,,
Zoonavena grandidieri,,,
Zoonavena thomensis,,,
Zoonavena sylvatica,,,
Telacanthura ussheri,,,
Telacanthura melanopygia,,,
Rhaphidura leucopygialis,,,
Rhaphidura sabini,UB::Western-Palearctic::Uncertain-origin ,https://avibase.bsc-eoc.org/species.jsp?avibaseid=1E12D857F5AED7C5,Least concern
Neafrapus cassini,,,
Neafrapus boehmi,,,
Chaetura cinereiventris,,,
Chaetura spinicaudus,,,
Chaetura fumosa,,,
Chaetura martinica,,,
Chaetura egregia,,,
Chaetura pelagica,UB::Western-Palearctic::Rare/Accidental ,https://avibase.bsc-eoc.org/species.jsp?avibaseid=C3AD1AFF63D26461,Vulnerable
Chaetura vauxi,,,
Chaetura chapmani,,,
Chaetura andrei,,,
Chaetura meridionalis,,,
Chaetura brachyura,,,
Hirundapus caudacutus,UB::Western-Palearctic::Rare/Accidental ,https://avibase.bsc-eoc.org/species.jsp?avibaseid=EA55CA2791012786,Least concern
Hirundapus cochinchinensis,,,
Hirundapus giganteus,,,
Hirundapus celebensis,,,
Hydrochous gigas,,,
Collocalia troglodytes,,,
Collocalia dodgei,,,
Collocalia natalis,,,
Collocalia linchi,,,
Collocalia affinis,,,
Collocalia marginata,,,
Collocalia isonota,,,
Collocalia sumbawae,,,
Collocalia neglecta,,,
Collocalia esculenta,,,
Collocalia uropygialis,,,
Aerodramus elaphrus,,,
Aerodramus francicus,,,
Aerodramus unicolor,,,
Aerodramus infuscatus,,,
Aerodramus mearnsi,,,
Aerodramus hirundinaceus,,,
Aerodramus spodiopygius,,,
Aerodramus terraereginae,,,
Aerodramus brevirostris,,,
Aerodramus vulcanorum,,,
Aerodramus whiteheadi,,,
Aerodramus nuditarsus,,,
Aerodramus orientalis,,,
Aerodramus amelis,,,
Aerodramus vanikorensis,,,
Aerodramus salangana,,,
Aerodramus pelewensis,,,
Aerodramus bartschi,,,
Aerodramus inquietus,,,
Aerodramus sawtelli,,,
Aerodramus leucophaeus,,,
Aerodramus ocistus,,,
Aerodramus maximus,,,
Aerodramus fuciphagus,,,
Aerodramus papuensis,,,
Schoutedenapus myoptilus,,,
Tachymarptis melba,UB::Western-Palearctic::Common ,https://avibase.bsc-eoc.org/species.jsp?avibaseid=FA1CAD2906F7C845,Least concern
Tachymarptis aequatorialis,,,
Apus alexandri,UB::Western-Palearctic::Common ,https://avibase.bsc-eoc.org/species.jsp?avibaseid=1C0A5AD9376CE448,Least concern
Apus apus,UB::Western-Palearctic::Common ,https://avibase.bsc-eoc.org/species.jsp?avibaseid=4E6EF3F983079D73,Least concern
Apus unicolor,UB::Western-Palearctic::Common ,https://avibase.bsc-eoc.org/species.jsp?avibaseid=59A5A24E0F334354,Least concern
Apus niansae,,,
Apus pallidus,UB::Western-Palearctic::Common ,https://avibase.bsc-eoc.org/species.jsp?avibaseid=332BC664DFABB965,Least concern
Apus barbatus,UB::Western-Palearctic::Rare/Accidental ,https://avibase.bsc-eoc.org/species.jsp?avibaseid=DEE4829A06C57F8D,Least concern
Apus berliozi,,,
Apus bradfieldi,,,
Apus balstoni,,,
Apus pacificus,UB::Western-Palearctic::Rare/Accidental ,https://avibase.bsc-eoc.org/species.jsp?avibaseid=E23EBEFB47EB1EB0,Least concern
Apus salimalii,,,
Apus leuconyx,,,
Apus cooki,,,
Apus acuticauda,,,
Apus affinis,UB::Western-Palearctic::Common ,https://avibase.bsc-eoc.org/species.jsp?avibaseid=D209A90C8A90DA51,Least concern
Apus nipalensis,,,
Apus horus,UB::Western-Palearctic::Rare/Accidental ,https://avibase.bsc-eoc.org/species.jsp?avibaseid=FF79A533E7CD3CDF,Least concern
Apus caffer,UB::Western-Palearctic::Common ,https://avibase.bsc-eoc.org/species.jsp?avibaseid=FA9F60196383DBA2,Least concern
Apus batesi,,,
Aeronautes saxatalis,,,
Aeronautes montivagus,,,
Aeronautes andecolus,,,
Panyptila cayennensis,,,
Panyptila sanctihieronymi,,,
Cypsiurus balasiensis,,,
Cypsiurus parvus,UB::Western-Palearctic::Common ,https://avibase.bsc-eoc.org/species.jsp?avibaseid=DA106373934D9148,Least concern
Cypsiurus gracilis,,,
Tachornis phoenicobia,,,
Tachornis furcata,,,
Tachornis squamata,,,
Hemiprocne coronata,,,
Hemiprocne longipennis,,,
Hemiprocne comata,,,
Hemiprocne mystacea,,,
Topaza pella,,,
Topaza pyra,,,
Florisuga mellivora,,,
Florisuga fusca,,,
Eutoxeres aquila,,,
Eutoxeres condamini,,,
Ramphodon naevius,,,
Glaucis dohrnii,,,
Glaucis aeneus,,,
Glaucis hirsutus,,,
Threnetes ruckeri,,,
Threnetes leucurus,,,
Threnetes niger,,,
Anopetia gounellei,,,
Phaethornis hispidus,,,
Phaethornis yaruqui,,,
Phaethornis guy,,,
Phaethornis syrmatophorus,,,
Phaethornis koepckeae,,,
Phaethornis philippii,,,
Phaethornis bourcieri,,,
Phaethornis longirostris,,,
Phaethornis mexicanus,,,
Phaethornis superciliosus,,,
Phaethornis malaris,,,
Phaethornis anthophilus,,,
Phaethornis squalidus,,,
Phaethornis rupurumii,,,
Phaethornis longuemareus,,,
Phaethornis aethopygus,,,
Phaethornis idaliae,,,
Phaethornis nattereri,,,
Phaethornis atrimentalis,,,
Phaethornis striigularis,,,
Phaethornis griseogularis,,,
Phaethornis ruber,,,
Phaethornis stuarti,,,
Phaethornis subochraceus,,,
Phaethornis augusti,,,
Phaethornis pretrei,,,
Phaethornis eurynome,,,
Doryfera ludovicae,,,
Doryfera johannae,,,
Schistes albogularis,,,
Schistes geoffroyi,,,
Augastes scutatus,,,
Augastes lumachella,,,
Colibri serrirostris,,,
Colibri coruscans,,,
Colibri delphinae,,,
Colibri thalassinus,,,
Colibri cyanotus,,,
Heliactin bilophus,,,
Androdon aequatorialis,,,
Heliothryx barroti,,,
Heliothryx auritus,,,
Polytmus guainumbi,,,
Polytmus milleri,,,
Polytmus theresiae,,,
Avocettula recurvirostris,,,
Chrysolampis mosquitus,,,
Anthracothorax mango,,,
Anthracothorax nigricollis,,,
Anthracothorax viridigula,,,
Anthracothorax prevostii,,,
Anthracothorax veraguensis,,,
Anthracothorax dominicus,,,
Anthracothorax aurulentus,,,
Anthracothorax viridis,,,
Eulampis jugularis,,,
Eulampis holosericeus,,,
Heliangelus mavors,,,
Heliangelus clarisse,,,
Heliangelus spencei,,,
Heliangelus amethysticollis,,,
Heliangelus strophianus,,,
Heliangelus exortis,,,
Heliangelus micraster,,,
Heliangelus viola,,,
Heliangelus regalis,,,
Sephanoides sephaniodes,,,
Sephanoides fernandensis,,,
Discosura popelairii,,,
Discosura langsdorffi,,,
Discosura letitiae,,,
Discosura conversii,,,
Discosura longicaudus,,,
Lophornis ornatus,,,
Lophornis gouldii,,,
Lophornis magnificus,,,
Lophornis brachylophus,,,
Lophornis delattrei,,,
Lophornis stictolophus,,,
Lophornis verreauxii,,,
Lophornis chalybeus,,,
Lophornis pavoninus,,,
Lophornis helenae,,,
Lophornis adorabilis,,,
Phlogophilus hemileucurus,,,
Phlogophilus harterti,,,
Adelomyia melanogenys,,,
Aglaiocercus kingii,,,
Aglaiocercus coelestis,,,
Aglaiocercus berlepschi,,,
Sappho sparganurus,,,
Polyonymus caroli,,,
Taphrolesbia griseiventris,,,
Oreotrochilus chimborazo,,,
Oreotrochilus cyanolaemus,,,
Oreotrochilus stolzmanni,,,
Oreotrochilus melanogaster,,,
Oreotrochilus estella,,,
Oreotrochilus leucopleurus,,,
Oreotrochilus adela,,,
Opisthoprora euryptera,,,
Lesbia victoriae,,,
Lesbia nuna,,,
Ramphomicron dorsale,,,
Ramphomicron microrhynchum,,,
Chalcostigma ruficeps,,,
Chalcostigma olivaceum,,,
Chalcostigma stanleyi,,,
Chalcostigma heteropogon,,,
Chalcostigma herrani,,,
Oxypogon stuebelii,,,
Oxypogon cyanolaemus,,,
Oxypogon lindenii,,,
Oxypogon guerinii,,,
Oreonympha nobilis,,,
Metallura iracunda,,,
Metallura tyrianthina,,,
Metallura williami,,,
Metallura baroni,,,
Metallura odomae,,,
Metallura theresiae,,,
Metallura eupogon,,,
Metallura aeneocauda,,,
Metallura phoebe,,,
Haplophaedia aureliae,,,
Haplophaedia assimilis,,,
Haplophaedia lugens,,,
Eriocnemis nigrivestis,,,
Eriocnemis isabellae,,,
Eriocnemis vestita,,,
Eriocnemis derbyi,,,
Eriocnemis godini,,,
Eriocnemis cupreoventris,,,
Eriocnemis luciani,,,
Eriocnemis mosquera,,,
Eriocnemis glaucopoides,,,
Eriocnemis mirabilis,,,
Eriocnemis aline,,,
Loddigesia mirabilis,,,
Aglaeactis cupripennis,,,
Aglaeactis castelnaudii,,,
Aglaeactis aliciae,,,
Aglaeactis pamela,,,
Coeligena coeligena,,,
Coeligena wilsoni,,,
Coeligena prunellei,,,
Coeligena torquata,,,
Coeligena conradii,,,
Coeligena inca,,,
Coeligena violifer,,,
Coeligena iris,,,
Coeligena phalerata,,,
Coeligena orina,,,
Coeligena lutetiae,,,
Coeligena consita,,,
Coeligena bonapartei,,,
Coeligena eos,,,
Coeligena helianthea,,,
Lafresnaya lafresnayi,,,
Ensifera ensifera,,,
Pterophanes cyanopterus,,,
Boissonneaua flavescens,,,
Boissonneaua matthewsii,,,
Boissonneaua jardini,,,
Ocreatus underwoodii,,,
Ocreatus peruanus,,,
Ocreatus addae,,,
Urochroa bougueri,,,
Urochroa leucura,,,
Urosticte benjamini,,,
Urosticte ruficrissa,,,
Heliodoxa xanthogonys,,,
Heliodoxa gularis,,,
Heliodoxa branickii,,,
Heliodoxa schreibersii,,,
Heliodoxa aurescens,,,
Heliodoxa rubinoides,,,
Heliodoxa jacula,,,
Heliodoxa imperatrix,,,
Heliodoxa leadbeateri,,,
Heliodoxa rubricauda,,,
Patagona gigas,,,
Sternoclyta cyanopectus,,,
Hylonympha macrocerca,,,
Eugenes fulgens,,,
Eugenes spectabilis,,,
Heliomaster longirostris,,,
Heliomaster constantii,,,
Heliomaster squamosus,,,
Heliomaster furcifer,,,
Panterpe insignis,,,
Lampornis viridipallens,,,
Lampornis sybillae,,,
Lampornis amethystinus,,,
Lampornis clemenciae,,,
Lampornis hemileucus,,,
Lampornis calolaemus,,,
Lampornis castaneoventris,,,
Lamprolaima rhami,,,
Tilmatura dupontii,,,
Calliphlox amethystina,,,
Thaumastura cora,,,
Myrmia micrura,,,
Myrtis fanny,,,
Rhodopis vesper,,,
Eulidia yarrellii,,,
Microstilbon burmeisteri,,,
Chaetocercus mulsant,,,
Chaetocercus bombus,,,
Chaetocercus heliodor,,,
Chaetocercus astreans,,,
Chaetocercus berlepschi,,,
Chaetocercus jourdanii,,,
Philodice bryantae,,,
Philodice mitchellii,,,
Doricha enicura,,,
Doricha eliza,,,
Calothorax lucifer,,,
Calothorax pulcher,,,
Archilochus colubris,,,
Archilochus alexandri,,,
Nesophlox evelynae,,,
Nesophlox lyrura,,,
Mellisuga minima,,,
Mellisuga helenae,,,
Calypte anna,,,
Calypte costae,,,
Selasphorus calliope,,,
Selasphorus rufus,,,
Selasphorus sasin,,,
Selasphorus platycercus,,,
Selasphorus heloisa,,,
Selasphorus ellioti,,,
Selasphorus flammula,,,
Selasphorus scintilla,,,
Selasphorus ardens,,,
Phaeoptila sordida,,,
Riccordia ricordii,,,
Riccordia bracei,,,
Riccordia swainsonii,,,
Riccordia maugaeus,,,
Riccordia bicolor,,,
Cynanthus latirostris,,,
Cynanthus lawrencei,,,
Cynanthus doubledayi,,,
Cynanthus auriceps,,,
Cynanthus forficatus,,,
Cynanthus canivetii,,,
Chlorostilbon mellisugus,,,
Chlorostilbon olivaresi,,,
Chlorostilbon gibsoni,,,
Chlorostilbon lucidus,,,
Chlorostilbon poortmani,,,
Chlorostilbon stenurus,,,
Chlorostilbon alice,,,
Chlorostilbon russatus,,,
Chlorostilbon assimilis,,,
Chlorostilbon melanorhynchus,,,
Basilinna leucotis,,,
Basilinna xantusii,,,
Pampa curvipennis,,,
Pampa rufa,,,
Klais guimeti,,,
Abeillia abeillei,,,
Orthorhyncus cristatus,,,
Stephanoxis lalandi,,,
Stephanoxis loddigesii,,,
Anthocephala floriceps,,,
Anthocephala berlepschi,,,
Campylopterus largipennis,,,
Campylopterus calcirupicola,,,
Campylopterus diamantinensis,,,
Campylopterus hemileucurus,,,
Campylopterus hyperythrus,,,
Campylopterus duidae,,,
Campylopterus villaviscensio,,,
Campylopterus falcatus,,,
Campylopterus phainopeplus,,,
Campylopterus ensipennis,,,
Chalybura urochrysia,,,
Chalybura buffonii,,,
Thalurania glaucopis,,,
Thalurania watertonii,,,
Thalurania colombica,,,
Thalurania furcata,,,
Microchera albocoronata,,,
Microchera cupreiceps,,,
Microchera chionura,,,
Goldmania violiceps,,,
Goldmania bella,,,
Eupherusa ridgwayi,,,
Eupherusa poliocerca,,,
Eupherusa cyanophrys,,,
Eupherusa eximia,,,
Eupherusa nigriventris,,,
Phaeochroa cuvierii,,,
Leucippus fallax,,,
Thaumasius baeri,,,
Thaumasius taczanowskii,,,
Taphrospilus hypostictus,,,
Eupetomena macroura,,,
Eupetomena cirrochloris,,,
Talaphorus chlorocercus,,,
Trochilus polytmus,,,
Trochilus scitulus,,,
Ramosomyia violiceps,,,
Ramosomyia viridifrons,,,
Saucerottia cyanocephala,,,
Saucerottia hoffmanni,,,
Saucerottia beryllina,,,
Saucerottia cyanura,,,
Saucerottia edward,,,
Saucerottia saucerottei,,,
Saucerottia cyanifrons,,,
Saucerottia castaneiventris,,,
Saucerottia viridigaster,,,
Saucerottia cupreicauda,,,
Saucerottia tobaci,,,
Amazilia rutila,,,
Amazilia yucatanensis,,,
Amazilia tzacatl,,,
Amazilia luciae,,,
Amazilis amazilia,,,
Uranomitra franciae,,,
Chrysuronia versicolor,,,
Chrysuronia goudoti,,,
Chrysuronia oenone,,,
Chrysuronia boucardi,,,
Chrysuronia coeruleogularis,,,
Chrysuronia lilliae,,,
Chrysuronia humboldtii,,,
Chrysuronia grayi,,,
Chrysuronia brevirostris,,,
Chrysuronia leucogaster,,,
Leucochloris albicollis,,,
Chionomesa fimbriata,,,
Chionomesa lactea,,,
Hylocharis sapphirina,,,
Hylocharis chrysura,,,
Elliotomyia chionogaster,,,
Elliotomyia viridicauda,,,
Polyerata rosenbergi,,,
Polyerata amabilis,,,
Polyerata decora,,,
Chlorestes candida,,,
Chlorestes eliciae,,,
Chlorestes cyanus,,,
Chlorestes julie,,,
Chlorestes notata,,,
Mentocrex kioloides,,,
Mentocrex beankaensis,,,
Sarothrura pulchra,,,
Sarothrura elegans,,,
Sarothrura rufa,,,
Sarothrura lugens,,,
Sarothrura boehmi,,,
Sarothrura affinis,,,
Sarothrura insularis,,,
Sarothrura ayresi,,,
Sarothrura watersi,,,
Rallicula rubra,,,
Rallicula leucospila,,,
Rallicula forbesi,,,
Rallicula mayri,,,
Rallus obsoletus,,,
Rallus tenuirostris,,,
Rallus longirostris,,,
Rallus elegans,,,
Rallus crepitans,,,
Rallus wetmorei,,,
Rallus limicola,UB::Western-Palearctic::Rare/Accidental ,https://avibase.bsc-eoc.org/species.jsp?avibaseid=87705CC47B47F3FD,Least concern
Rallus aequatorialis,,,
Rallus semiplumbeus,,,
Rallus antarcticus,,,
Rallus aquaticus,UB::Western-Palearctic::Common ,https://avibase.bsc-eoc.org/species.jsp?avibaseid=DE1D2DF4456931FF,Least concern
Rallus indicus,,,
Rallus caerulescens,,,
Rallus madagascariensis,,,
Dryolimnas cuvieri,,,
Dryolimnas augusti,,,
Aphanapteryx bonasia,,,
Erythromachus leguati,,,
Crex crex,UB::Western-Palearctic::Common ,https://avibase.bsc-eoc.org/species.jsp?avibaseid=7E2572426E200D08,Least concern
Crecopsis egregia,UB::Western-Palearctic::Common ,https://avibase.bsc-eoc.org/species.jsp?avibaseid=09A0F2EBC063CF30,Least concern
Rougetius rougetii,,,
Aphanocrex podarces,,,
Mundia elpenor,,,
Aramidopsis plateni,,,
Lewinia striata,,,
Lewinia mirifica,,,
Lewinia pectoralis,,,
Lewinia muelleri,,,
Gymnocrex rosenbergii,,,
Gymnocrex plumbeiventris,,,
Gymnocrex talaudensis,,,
Diaphorapteryx hawkinsi,,,
Gallirallus calayanensis,,,
Gallirallus wallacii,,,
Gallirallus castaneoventris,,,
Gallirallus australis,,,
Gallirallus lafresnayanus,,,
Gallirallus sylvestris,,,
Gallirallus okinawae,,,
Gallirallus pacificus,,,
Gallirallus philippensis,,,
Gallirallus modestus,,,
Gallirallus dieffenbachii,,,
Gallirallus insignis,,,
Gallirallus woodfordi,,,
Gallirallus poecilopterus,,,
Gallirallus owstoni,,,
Gallirallus wakensis,,,
Gallirallus torquatus,,,
Gallirallus rovianae,,,
Canirallus oculeus,,,
Pardirallus maculatus,,,
Pardirallus nigricans,,,
Pardirallus sanguinolentus,,,
Mustelirallus albicollis,,,
Mustelirallus cerverai,,,
Mustelirallus colombianus,,,
Mustelirallus erythrops,,,
Amaurolimnas concolor,,,
Aramides ypecaha,,,
Aramides wolfi,,,
Aramides mangle,,,
Aramides axillaris,,,
Aramides albiventris,,,
Aramides cajaneus,,,
Aramides calopterus,,,
Aramides saracura,,,
Tribonyx ventralis,,,
Tribonyx hodgenorum,,,
Tribonyx mortierii,,,
Porphyriops melanops,,,
Porzana carolina,UB::Western-Palearctic::Common ,https://avibase.bsc-eoc.org/species.jsp?avibaseid=2CC21529B5674AEB,Least concern
Porzana porzana,UB::Western-Palearctic::Common ,https://avibase.bsc-eoc.org/species.jsp?avibaseid=460708F99737A6A2,Least concern
Porzana fluminea,,,
Paragallinula angulata,UB::Western-Palearctic::Rare/Accidental ,https://avibase.bsc-eoc.org/species.jsp?avibaseid=A927C1AE78492E6B,Least concern
Gallinula silvestris,,,
Gallinula nesiotis,,,
Gallinula comeri,,,
Gallinula chloropus,UB::Western-Palearctic::Common ,https://avibase.bsc-eoc.org/species.jsp?avibaseid=8F82FF8C30667D90,Least concern
Gallinula galeata,UB::Western-Palearctic::Rare/Accidental ,https://avibase.bsc-eoc.org/species.jsp?avibaseid=3EF081A8ED429A45,Least concern
Gallinula tenebrosa,,,
Gallinula pacifica,,,
Fulica rufifrons,,,
Fulica cornuta,,,
Fulica gigantea,,,
Fulica armillata,,,
Fulica atra,UB::Western-Palearctic::Common ,https://avibase.bsc-eoc.org/species.jsp?avibaseid=B682B2A9C922D4C4,Least concern
Fulica newtonii,,,
Fulica cristata,UB::Western-Palearctic::Common ,https://avibase.bsc-eoc.org/species.jsp?avibaseid=53235FDC4FC130F5,Least concern
Fulica alai,,,
Fulica americana,UB::Western-Palearctic::Rare/Accidental ,https://avibase.bsc-eoc.org/species.jsp?avibaseid=4FB248BAEFEC2868,Least concern
Fulica ardesiaca,,,
Fulica leucoptera,,,
Porphyrio alleni,UB::Western-Palearctic::Rare/Accidental ,https://avibase.bsc-eoc.org/species.jsp?avibaseid=53288666B2C70F88,Least concern
Porphyrio martinica,UB::Western-Palearctic::Common ,https://avibase.bsc-eoc.org/species.jsp?avibaseid=72A4F8EBF168E80D,Least concern
Porphyrio flavirostris,,,
Porphyrio paepae,,,
Porphyrio kukwiedei,,,
Porphyrio caerulescens,,,
Porphyrio porphyrio,UB::Western-Palearctic::Common ,https://avibase.bsc-eoc.org/species.jsp?avibaseid=B6838E0C27EAD078,Least concern
Porphyrio indicus,,,
Porphyrio madagascariensis,UB::Western-Palearctic::Common ,https://avibase.bsc-eoc.org/species.jsp?avibaseid=865C039E4B8BE80A,Least concern
Porphyrio hochstetteri,,,
Porphyrio mantelli,,,
Porphyrio melanotus,,,
Porphyrio pulverulentus,,,
Porphyrio albus,,,
Porphyrio poliocephalus,UB::Western-Palearctic::Common ,https://avibase.bsc-eoc.org/species.jsp?avibaseid=BFAE9B0403627027,Least concern
Himantornis haematopus,,,
Poliolimnas cinereus,,,
Megacrex inepta,,,
Gallicrex cinerea,UB::Western-Palearctic::Rare/Accidental ,https://avibase.bsc-eoc.org/species.jsp?avibaseid=39B7A3C7FA75E312,Least concern
Amaurornis isabellina,,,
Amaurornis olivacea,,,
Amaurornis phoenicurus,UB::Western-Palearctic::Rare/Accidental ,https://avibase.bsc-eoc.org/species.jsp?avibaseid=F53518E3D78616E7,Least concern
Amaurornis magnirostris,,,
Amaurornis moluccana,,,
Aenigmatolimnas marginalis,UB::Western-Palearctic::Rare/Accidental ,https://avibase.bsc-eoc.org/species.jsp?avibaseid=13967506FE307148,Least concern
Rallina tricolor,,,
Rallina canningi,,,
Rallina fasciata,,,
Rallina eurizonoides,,,
Zapornia fusca,,,
Zapornia paykullii,,,
Zapornia akool,,,
Zapornia flavirostra,,,
Zapornia parva,UB::Western-Palearctic::Common ,https://avibase.bsc-eoc.org/species.jsp?avibaseid=9106EBE6C0914933,Least concern
Zapornia pusilla,UB::Western-Palearctic::Common ,https://avibase.bsc-eoc.org/species.jsp?avibaseid=34D5B04DE53894FF,Least concern
Zapornia astrictocarpus,,,
Zapornia palmeri,,,
Zapornia olivieri,,,
Zapornia bicolor,,,
Zapornia sandwichensis,,,
Zapornia nigra,,,
Zapornia atra,,,
Zapornia tabuensis,,,
Zapornia monasa,,,
Rufirallus schomburgkii,,,
Rufirallus viridis,,,
Rufirallus fasciatus,,,
Rufirallus leucopyrrhus,,,
Rufirallus xenopterus,,,
Anurolimnas castaneiceps,,,
Coturnicops exquisitus,,,
Coturnicops noveboracensis,,,
Laterallus rogersi,,,
Laterallus notatus,,,
Laterallus flaviventer,,,
Laterallus levraudi,,,
Laterallus melanophaius,,,
Laterallus ruber,,,
Laterallus albigularis,,,
Laterallus exilis,,,
Laterallus spilonota,,,
Laterallus jamaicensis,,,
Laterallus spiloptera,,,
Podica senegalensis,,,
Heliopais personatus,,,
Heliornis fulica,,,
Aramus guarauna,,,
Psophia crepitans,,,
Psophia leucoptera,,,
Psophia viridis,,,
Balearica regulorum,,,
Balearica pavonina,,,
Leucogeranus leucogeranus,UB::Western-Palearctic::Rare/Accidental ,https://avibase.bsc-eoc.org/species.jsp?avibaseid=77845DAD1C49E8F1,Critically endangered
Antigone canadensis,UB::Western-Palearctic::Rare/Accidental ,https://avibase.bsc-eoc.org/species.jsp?avibaseid=E196D6F9AB1DFF7E,Least concern
Antigone vipio,,,
Antigone rubicunda,,,
Antigone antigone,,,
Grus carunculatus,,,
Grus virgo,UB::Western-Palearctic::Common ,https://avibase.bsc-eoc.org/species.jsp?avibaseid=64DDD14DF2EB9B39,Least concern
Grus paradiseus,,,
Grus japonensis,,,
Grus americana,,,
Grus grus,UB::Western-Palearctic::Common ,https://avibase.bsc-eoc.org/species.jsp?avibaseid=99B8841E764117B1,Least concern
Grus nigricollis,,,
Grus monacha,UB::Western-Palearctic::Rare/Accidental ,https://avibase.bsc-eoc.org/species.jsp?avibaseid=38F36091DBC85095,Vulnerable
Pluvianellus socialis,,,
Chionis minor,,,
Chionis albus,UB::Western-Palearctic::Rare/Accidental ,https://avibase.bsc-eoc.org/species.jsp?avibaseid=62AC9C19E209962D,Least concern
Hesperoburhinus bistriatus,,,
Hesperoburhinus superciliaris,,,
Esacus recurvirostris,UB::Western-Palearctic::Common ,https://avibase.bsc-eoc.org/species.jsp?avibaseid=C2178ACC949372FC,Near-threatened
Esacus magnirostris,,,
Burhinus capensis,,,
Burhinus vermiculatus,,,
Burhinus grallarius,,,
Burhinus oedicnemus,UB::Western-Palearctic::Common ,https://avibase.bsc-eoc.org/species.jsp?avibaseid=C7DB323E37CEDBE6,Least concern
Burhinus indicus,,,
Burhinus senegalensis,UB::Western-Palearctic::Common ,https://avibase.bsc-eoc.org/species.jsp?avibaseid=85DF723B9BCC152F,Least concern
Pluvianus aegyptius,UB::Western-Palearctic::Rare/Accidental ,https://avibase.bsc-eoc.org/species.jsp?avibaseid=1B28A4B6389473D3,Least concern
Himantopus himantopus,UB::Western-Palearctic::Common ,https://avibase.bsc-eoc.org/species.jsp?avibaseid=3CAEB7CEEC7FFF50,Least concern
Himantopus leucocephalus,,,
Himantopus novaezelandiae,,,
Himantopus mexicanus,,,
Cladorhynchus leucocephalus,,,
Recurvirostra avosetta,UB::Western-Palearctic::Common ,https://avibase.bsc-eoc.org/species.jsp?avibaseid=C73ED2F5D88625BA,Least concern
Recurvirostra novaehollandiae,,,
Recurvirostra andina,,,
Recurvirostra americana,UB::Western-Palearctic::Rare/Accidental ,https://avibase.bsc-eoc.org/species.jsp?avibaseid=8EB0C1FABC1D725A,Least concern
Ibidorhyncha struthersii,,,
Haematopus ostralegus,UB::Western-Palearctic::Common ,https://avibase.bsc-eoc.org/species.jsp?avibaseid=ED66316522B99A30,Near-threatened
Haematopus longirostris,,,
Haematopus finschi,,,
Haematopus chathamensis,,,
Haematopus unicolor,,,
Haematopus fuliginosus,,,
Haematopus palliatus,UB::Western-Palearctic::Rare/Accidental ,https://avibase.bsc-eoc.org/species.jsp?avibaseid=981CE782575DD8E7,Least concern
Haematopus moquini,,,
Haematopus meadewaldoi,UB::Western-Palearctic::Common ,https://avibase.bsc-eoc.org/species.jsp?avibaseid=D74FDD2D489C8B83,Extinct
Haematopus ater,,,
Haematopus leucopodus,,,
Haematopus bachmani,,,
Pluvialis squatarola,UB::Western-Palearctic::Common ,https://avibase.bsc-eoc.org/species.jsp?avibaseid=27903EF7E618A6A2,Vulnerable
Pluvialis apricaria,UB::Western-Palearctic::Common ,https://avibase.bsc-eoc.org/species.jsp?avibaseid=25A20BA6F7EA9D9A,Least concern
Pluvialis dominica,UB::Western-Palearctic::Rare/Accidental ,https://avibase.bsc-eoc.org/species.jsp?avibaseid=2143A8526CA7C809,Least concern
Pluvialis fulva,UB::Western-Palearctic::Rare/Accidental ,https://avibase.bsc-eoc.org/species.jsp?avibaseid=07C11CF340D2017A,Least concern
Oreopholus ruficollis,,,
Hoploxypterus cayanus,,,
Phegornis mitchellii,,,
Zonibyx modestus,,,
Eudromias morinellus,UB::Western-Palearctic::Common ,https://avibase.bsc-eoc.org/species.jsp?avibaseid=20BE9DF14579BD4A,Least concern
Charadrius vociferus,UB::Western-Palearctic::Rare/Accidental ,https://avibase.bsc-eoc.org/species.jsp?avibaseid=BCF9A19AFE372627,Near-threatened
Charadrius hiaticula,UB::Western-Palearctic::Common ,https://avibase.bsc-eoc.org/species.jsp?avibaseid=EDA37B7C5D4A25ED,Least concern
Charadrius semipalmatus,UB::Western-Palearctic::Rare/Accidental ,https://avibase.bsc-eoc.org/species.jsp?avibaseid=95E28A57CB50B0D7,Least concern
Charadrius melodus,,,
Thinornis cucullatus,,,
Thinornis melanops,,,
Thinornis novaeseelandiae,,,
Thinornis forbesi,,,
Thinornis tricollaris,UB::Western-Palearctic::Rare/Accidental ,https://avibase.bsc-eoc.org/species.jsp?avibaseid=8DAF86A1D8B83199,Least concern
Thinornis dubius,UB::Western-Palearctic::Common ,https://avibase.bsc-eoc.org/species.jsp?avibaseid=35EC3BBF166AB032,Least concern
Thinornis placidus,,,
Vanellus vanellus,UB::Western-Palearctic::Common ,https://avibase.bsc-eoc.org/species.jsp?avibaseid=F029489ABD9D1334,Near-threatened
Vanellus crassirostris,,,
Vanellus armatus,,,
Vanellus spinosus,UB::Western-Palearctic::Common ,https://avibase.bsc-eoc.org/species.jsp?avibaseid=F5E92B225F648330,Least concern
Vanellus duvaucelii,,,
Vanellus malabaricus,,,
Vanellus tectus,UB::Western-Palearctic::Rare/Accidental ,https://avibase.bsc-eoc.org/species.jsp?avibaseid=D531B5D3CC41D25A,Least concern
Vanellus albiceps,,,
Vanellus lugubris,,,
Vanellus melanopterus,,,
Vanellus coronatus,,,
Vanellus senegallus,,,
Vanellus melanocephalus,,,
Vanellus superciliosus,,,
Vanellus cinereus,UB::Western-Palearctic::Rare/Accidental ,https://avibase.bsc-eoc.org/species.jsp?avibaseid=8F8F0CF04F2CB9F8,Least concern
Vanellus indicus,UB::Western-Palearctic::Common ,https://avibase.bsc-eoc.org/species.jsp?avibaseid=4A30C57258175715,Least concern
Vanellus macropterus,,,
Vanellus tricolor,,,
Vanellus miles,,,
Vanellus gregarius,UB::Western-Palearctic::Common ,https://avibase.bsc-eoc.org/species.jsp?avibaseid=D348C2D65FA2DF83,Critically endangered
Vanellus leucurus,UB::Western-Palearctic::Common ,https://avibase.bsc-eoc.org/species.jsp?avibaseid=A480FDDF8BBC5443,Least concern
Vanellus chilensis,,,
Vanellus resplendens,,,
Erythrogonys cinctus,,,
Peltohyas australis,,,
Anarhynchus asiaticus,UB::Western-Palearctic::Common ,https://avibase.bsc-eoc.org/species.jsp?avibaseid=264D03516760D706,Least concern
Anarhynchus veredus,UB::Western-Palearctic::Rare/Accidental ,https://avibase.bsc-eoc.org/species.jsp?avibaseid=02091964A47E998B,Least concern
Anarhynchus mongolus,UB::Western-Palearctic::Common ,https://avibase.bsc-eoc.org/species.jsp?avibaseid=66DA1FB3162F3239,Endangered
Anarhynchus atrifrons,UB::Western-Palearctic::Common ,https://avibase.bsc-eoc.org/species.jsp?avibaseid=828D3D5A6AFE2F26,Least concern
Anarhynchus leschenaultii,UB::Western-Palearctic::Common ,https://avibase.bsc-eoc.org/species.jsp?avibaseid=98B9C10B606A4FF1,Least concern
Anarhynchus bicinctus,,,
Anarhynchus frontalis,,,
Anarhynchus obscurus,,,
Anarhynchus wilsonia,,,
Anarhynchus collaris,,,
Anarhynchus montanus,,,
Anarhynchus alticola,,,
Anarhynchus falklandicus,,,
Anarhynchus thoracicus,,,
Anarhynchus pecuarius,UB::Western-Palearctic::Common ,https://avibase.bsc-eoc.org/species.jsp?avibaseid=0F0DCC2F28E4E83B,Least concern
Anarhynchus sanctaehelenae,,,
Anarhynchus ruficapillus,,,
Anarhynchus nivosus,UB::Western-Palearctic::Common ,https://avibase.bsc-eoc.org/species.jsp?avibaseid=F012ED4BC8CD3876,Near-threatened
Anarhynchus pallidus,,,
Anarhynchus peronii,,,
Anarhynchus marginatus,UB::Western-Palearctic::Rare/Accidental ,https://avibase.bsc-eoc.org/species.jsp?avibaseid=214B3533093D7B6B,Least concern
Anarhynchus javanicus,,,
Anarhynchus alexandrinus,UB::Western-Palearctic::Common ,https://avibase.bsc-eoc.org/species.jsp?avibaseid=AA4385A283B9A81E,Least concern
Anarhynchus dealbatus,,,
Pedionomus torquatus,,,
Attagis gayi,,,
Attagis malouinus,,,
Thinocorus orbignyianus,,,
Thinocorus rumicivorus,,,
Rostratula benghalensis,UB::Western-Palearctic::Common ,https://avibase.bsc-eoc.org/species.jsp?avibaseid=7516E6872967C181,Least concern
Rostratula australis,,,
Nycticryphes semicollaris,,,
Hydrophasianus chirurgus,,,
Jacana spinosa,,,
Jacana jacana,,,
Microparra capensis,,,
Irediparra gallinacea,,,
Metopidius indicus,,,
Actophilornis africanus,UB::Western-Palearctic::Uncertain-origin ,https://avibase.bsc-eoc.org/species.jsp?avibaseid=D16D486D33F5C4C3,Least concern
Actophilornis albinucha,,,
Bartramia longicauda,UB::Western-Palearctic::Rare/Accidental ,https://avibase.bsc-eoc.org/species.jsp?avibaseid=BF1DA86E0714FD01,Least concern
Numenius tahitiensis,,,
Numenius hudsonicus,UB::Western-Palearctic::Rare/Accidental ,https://avibase.bsc-eoc.org/species.jsp?avibaseid=4D844D5E5D15C3F6,Least concern
Numenius phaeopus,UB::Western-Palearctic::Common ,https://avibase.bsc-eoc.org/species.jsp?avibaseid=082F3A63A99AEDD4,Least concern
Numenius minutus,UB::Western-Palearctic::Rare/Accidental ,https://avibase.bsc-eoc.org/species.jsp?avibaseid=C00E1EB8C00BCC31,Least concern
Numenius borealis,UB::Western-Palearctic::Rare/Accidental ,https://avibase.bsc-eoc.org/species.jsp?avibaseid=FB9305DB788ED649,Critically endangered
Numenius americanus,,,
Numenius madagascariensis,UB::Western-Palearctic::Common ,https://avibase.bsc-eoc.org/species.jsp?avibaseid=DAF8F22BD6A6C662,Endangered
Numenius tenuirostris,UB::Western-Palearctic::Common ,https://avibase.bsc-eoc.org/species.jsp?avibaseid=7A35DE8186E4DF43,Critically endangered
Numenius arquata,UB::Western-Palearctic::Common ,https://avibase.bsc-eoc.org/species.jsp?avibaseid=3BB5CBA66CF48884,Near-threatened
Limosa lapponica,UB::Western-Palearctic::Common ,https://avibase.bsc-eoc.org/species.jsp?avibaseid=9A684C997C1AF1BA,Near-threatened
Limosa limosa,UB::Western-Palearctic::Common ,https://avibase.bsc-eoc.org/species.jsp?avibaseid=454B5CD5F5285B77,Near-threatened
Limosa haemastica,UB::Western-Palearctic::Rare/Accidental ,https://avibase.bsc-eoc.org/species.jsp?avibaseid=930139644308C7B7,Vulnerable
Limosa fedoa,,,
Limnodromus semipalmatus,UB::Western-Palearctic::Common ,https://avibase.bsc-eoc.org/species.jsp?avibaseid=B7E68EC8AB117F6C,Near-threatened
Limnodromus griseus,UB::Western-Palearctic::Rare/Accidental ,https://avibase.bsc-eoc.org/species.jsp?avibaseid=4A3B2CFF53868550,Vulnerable
Limnodromus scolopaceus,UB::Western-Palearctic::Common ,https://avibase.bsc-eoc.org/species.jsp?avibaseid=CB343E43E8CAF303,Near-threatened
Lymnocryptes minimus,UB::Western-Palearctic::Common ,https://avibase.bsc-eoc.org/species.jsp?avibaseid=1A15F0C6B4948C52,Least concern
Scolopax minor,UB::Western-Palearctic::Rare/Accidental ,https://avibase.bsc-eoc.org/species.jsp?avibaseid=F4829920F1710E56,Least concern
Scolopax rusticola,UB::Western-Palearctic::Common ,https://avibase.bsc-eoc.org/species.jsp?avibaseid=BFE14290EA4326FA,Least concern
Scolopax mira,,,
Scolopax bukidnonensis,,,
Scolopax saturata,,,
Scolopax rosenbergii,,,
Scolopax celebensis,,,
Scolopax rochussenii,,,
Coenocorypha barrierensis,,,
Coenocorypha iredalei,,,
Coenocorypha pusilla,,,
Coenocorypha huegeli,,,
Coenocorypha aucklandica,,,
Gallinago imperialis,,,
Gallinago jamesoni,,,
Gallinago stricklandii,,,
Gallinago solitaria,UB::Western-Palearctic::Common ,https://avibase.bsc-eoc.org/species.jsp?avibaseid=F6B72EAFCB98A437,Least concern
Gallinago nemoricola,,,
Gallinago media,UB::Western-Palearctic::Common ,https://avibase.bsc-eoc.org/species.jsp?avibaseid=BCCD5840C7A6D538,Near-threatened
Gallinago megala,UB::Western-Palearctic::Rare/Accidental ,https://avibase.bsc-eoc.org/species.jsp?avibaseid=9E66B47A3044536F,Least concern
Gallinago stenura,UB::Western-Palearctic::Common ,https://avibase.bsc-eoc.org/species.jsp?avibaseid=EE61E2CACBEC4856,Least concern
Gallinago hardwickii,,,
Gallinago nigripennis,,,
Gallinago gallinago,UB::Western-Palearctic::Common ,https://avibase.bsc-eoc.org/species.jsp?avibaseid=9151E0BA75761647,Least concern
Gallinago delicata,UB::Western-Palearctic::Rare/Accidental ,https://avibase.bsc-eoc.org/species.jsp?avibaseid=F5C8516D3B9C7686,Least concern
Gallinago undulata,,,
Gallinago nobilis,,,
Gallinago andina,,,
Gallinago macrodactyla,,,
Gallinago paraguaiae,,,
Gallinago magellanica,,,
Phalaropus tricolor,UB::Western-Palearctic::Rare/Accidental ,https://avibase.bsc-eoc.org/species.jsp?avibaseid=667C6969D7874433,Least concern
Phalaropus fulicarius,UB::Western-Palearctic::Common ,https://avibase.bsc-eoc.org/species.jsp?avibaseid=18A1938091EEEA73,Least concern
Phalaropus lobatus,UB::Western-Palearctic::Common ,https://avibase.bsc-eoc.org/species.jsp?avibaseid=E6F3BA54577746FB,Least concern
Xenus cinereus,UB::Western-Palearctic::Common ,https://avibase.bsc-eoc.org/species.jsp?avibaseid=6D5992EEE12070E8,Least concern
Actitis hypoleucos,UB::Western-Palearctic::Common ,https://avibase.bsc-eoc.org/species.jsp?avibaseid=8548B07ECA48773F,Least concern
Actitis macularius,UB::Western-Palearctic::Rare/Accidental ,https://avibase.bsc-eoc.org/species.jsp?avibaseid=0D88C072E71FE4B8,Least concern
Tringa ochropus,UB::Western-Palearctic::Common ,https://avibase.bsc-eoc.org/species.jsp?avibaseid=A7B17EFC92B53D29,Least concern
Tringa solitaria,UB::Western-Palearctic::Rare/Accidental ,https://avibase.bsc-eoc.org/species.jsp?avibaseid=D4A73324DB24F142,Least concern
Tringa brevipes,UB::Western-Palearctic::Rare/Accidental ,https://avibase.bsc-eoc.org/species.jsp?avibaseid=29256A389375B43E,Least concern
Tringa incana,,,
Tringa stagnatilis,UB::Western-Palearctic::Common ,https://avibase.bsc-eoc.org/species.jsp?avibaseid=15CF9352AD0E92DF,Least concern
Tringa glareola,UB::Western-Palearctic::Common ,https://avibase.bsc-eoc.org/species.jsp?avibaseid=8E67DC5F68BDF62C,Least concern
Tringa totanus,UB::Western-Palearctic::Common ,https://avibase.bsc-eoc.org/species.jsp?avibaseid=D6BFC73A3E067711,Least concern
Tringa flavipes,UB::Western-Palearctic::Rare/Accidental ,https://avibase.bsc-eoc.org/species.jsp?avibaseid=2C7A2673444BECF0,Vulnerable
Tringa guttifer,,,
Tringa semipalmata,UB::Western-Palearctic::Rare/Accidental ,https://avibase.bsc-eoc.org/species.jsp?avibaseid=E7A14E91456CB432,Least concern
Tringa erythropus,UB::Western-Palearctic::Common ,https://avibase.bsc-eoc.org/species.jsp?avibaseid=0895DD84DB3A45D1,Least concern
Tringa nebularia,UB::Western-Palearctic::Common ,https://avibase.bsc-eoc.org/species.jsp?avibaseid=18B415D28BBF934C,Least concern
Tringa melanoleuca,UB::Western-Palearctic::Rare/Accidental ,https://avibase.bsc-eoc.org/species.jsp?avibaseid=6EB81C98A8FD9CE6,Near-threatened
Prosobonia cancellata,,,
Prosobonia leucoptera,,,
Prosobonia ellisi,,,
Prosobonia parvirostris,,,
Arenaria interpres,UB::Western-Palearctic::Common ,https://avibase.bsc-eoc.org/species.jsp?avibaseid=DC3050A9771F2CE9,Near-threatened
Arenaria melanocephala,,,
Calidris tenuirostris,UB::Western-Palearctic::Rare/Accidental ,https://avibase.bsc-eoc.org/species.jsp?avibaseid=09C51FA9A4E5C3E8,Endangered
Calidris canutus,UB::Western-Palearctic::Common ,https://avibase.bsc-eoc.org/species.jsp?avibaseid=B5CE8FAD18923A94,Near-threatened
Calidris virgata,,,
Calidris pugnax,UB::Western-Palearctic::Common ,https://avibase.bsc-eoc.org/species.jsp?avibaseid=2DABF98FBEEAB7BB,Least concern
Calidris falcinellus,UB::Western-Palearctic::Common ,https://avibase.bsc-eoc.org/species.jsp?avibaseid=0A14882F5F9F64E6,Vulnerable
Calidris acuminata,UB::Western-Palearctic::Rare/Accidental ,https://avibase.bsc-eoc.org/species.jsp?avibaseid=A0A67A811E53D89F,Vulnerable
Calidris ferruginea,UB::Western-Palearctic::Common ,https://avibase.bsc-eoc.org/species.jsp?avibaseid=143A681C9BCE9A20,Vulnerable
Calidris himantopus,UB::Western-Palearctic::Rare/Accidental ,https://avibase.bsc-eoc.org/species.jsp?avibaseid=ECDE73F2E6E6E622,Near-threatened
Calidris temminckii,UB::Western-Palearctic::Common ,https://avibase.bsc-eoc.org/species.jsp?avibaseid=5ACF7FB313BEF9EA,Least concern
Calidris subminuta,UB::Western-Palearctic::Rare/Accidental ,https://avibase.bsc-eoc.org/species.jsp?avibaseid=7D629288C753814E,Least concern
Calidris ruficollis,UB::Western-Palearctic::Rare/Accidental ,https://avibase.bsc-eoc.org/species.jsp?avibaseid=BBDF2F1BAC640E4D,Near-threatened
Calidris pygmaea,UB::Western-Palearctic::Rare/Accidental ,https://avibase.bsc-eoc.org/species.jsp?avibaseid=3FC8CA50CC50BAAD,Critically endangered
Calidris subruficollis,UB::Western-Palearctic::Rare/Accidental ,https://avibase.bsc-eoc.org/species.jsp?avibaseid=3A3C62BC935BDA72,Vulnerable
Calidris alba,UB::Western-Palearctic::Common ,https://avibase.bsc-eoc.org/species.jsp?avibaseid=06B9BD243A756B28,Least concern
Calidris alpina,UB::Western-Palearctic::Common ,https://avibase.bsc-eoc.org/species.jsp?avibaseid=15369E8EB4CBD064,Near-threatened
Calidris maritima,UB::Western-Palearctic::Common ,https://avibase.bsc-eoc.org/species.jsp?avibaseid=0A0B84313ACFFB2F,Least concern
Calidris ptilocnemis,,,
Calidris bairdii,UB::Western-Palearctic::Rare/Accidental ,https://avibase.bsc-eoc.org/species.jsp?avibaseid=1F1AD154DAE2E070,Least concern
Calidris minuta,UB::Western-Palearctic::Common ,https://avibase.bsc-eoc.org/species.jsp?avibaseid=9936FF4AFB430504,Least concern
Calidris fuscicollis,UB::Western-Palearctic::Rare/Accidental ,https://avibase.bsc-eoc.org/species.jsp?avibaseid=153BA3069DFCDDCA,Vulnerable
Calidris minutilla,UB::Western-Palearctic::Rare/Accidental ,https://avibase.bsc-eoc.org/species.jsp?avibaseid=A47B0BD448AA34E0,Near-threatened
Calidris melanotos,UB::Western-Palearctic::Rare/Accidental ,https://avibase.bsc-eoc.org/species.jsp?avibaseid=ACC99F35F0E8F7EB,Least concern
Calidris mauri,UB::Western-Palearctic::Rare/Accidental ,https://avibase.bsc-eoc.org/species.jsp?avibaseid=01060BFDFF0D9D28,Least concern
Calidris pusilla,UB::Western-Palearctic::Rare/Accidental ,https://avibase.bsc-eoc.org/species.jsp?avibaseid=F35821AAC21FFF20,Near-threatened
Turnix tanki,,,
Turnix maculosus,,,
Turnix suscitator,,,
Turnix ocellatus,,,
Turnix sylvaticus,UB::Western-Palearctic::Common ,https://avibase.bsc-eoc.org/species.jsp?avibaseid=0DA8BB90D5401FDB,Least concern
Turnix velox,,,
Turnix pyrrhothorax,,,
Turnix worcesteri,,,
Turnix everetti,,,
Turnix nanus,,,
Turnix hottentottus,,,
Turnix castanotus,,,
Turnix olivii,,,
Turnix varius,,,
Turnix novaecaledoniae,,,
Turnix melanogaster,,,
Turnix nigricollis,,,
Ortyxelos meiffrenii,,,
Dromas ardeola,UB::Western-Palearctic::Common ,https://avibase.bsc-eoc.org/species.jsp?avibaseid=C3E33FEBDE75219B,Least concern
Smutsornis africanus,,,
Rhinoptilus chalcopterus,,,
Rhinoptilus bitorquatus,,,
Rhinoptilus cinctus,,,
Cursorius temminckii,UB::Western-Palearctic::Rare/Accidental ,https://avibase.bsc-eoc.org/species.jsp?avibaseid=7A841F8350F3E1C7,Least concern
Cursorius coromandelicus,,,
Cursorius cursor,UB::Western-Palearctic::Common ,https://avibase.bsc-eoc.org/species.jsp?avibaseid=DE0A72A7FA1E6DB7,Least concern
Cursorius somalensis,,,
Cursorius rufus,,,
Glareola nuchalis,,,
Glareola isabella,,,
Glareola cinerea,,,
Glareola lactea,UB::Western-Palearctic::Rare/Accidental ,https://avibase.bsc-eoc.org/species.jsp?avibaseid=D9A310F122B86A22,Least concern
Glareola ocularis,,,
Glareola pratincola,UB::Western-Palearctic::Common ,https://avibase.bsc-eoc.org/species.jsp?avibaseid=D56ABB4EE468E9EF,Least concern
Glareola nordmanni,UB::Western-Palearctic::Common ,https://avibase.bsc-eoc.org/species.jsp?avibaseid=E1F6A875C32C042D,Near-threatened
Glareola maldivarum,UB::Western-Palearctic::Rare/Accidental ,https://avibase.bsc-eoc.org/species.jsp?avibaseid=3222F80FA99A55A7,Least concern
Stercorarius longicaudus,UB::Western-Palearctic::Common ,https://avibase.bsc-eoc.org/species.jsp?avibaseid=1D4464402EC9FD21,Least concern
Stercorarius parasiticus,UB::Western-Palearctic::Common ,https://avibase.bsc-eoc.org/species.jsp?avibaseid=39086887E9EAFEB3,Least concern
Stercorarius pomarinus,UB::Western-Palearctic::Common ,https://avibase.bsc-eoc.org/species.jsp?avibaseid=7CB8F5B711DE64D0,Least concern
Stercorarius skua,UB::Western-Palearctic::Common ,https://avibase.bsc-eoc.org/species.jsp?avibaseid=BB041C6E5DB73FC7,Least concern
Stercorarius chilensis,,,
Stercorarius antarcticus,UB::Western-Palearctic::Rare/Accidental ,https://avibase.bsc-eoc.org/species.jsp?avibaseid=4D5D2BC3F80BD645,Least concern
Stercorarius maccormicki,UB::Western-Palearctic::Rare/Accidental ,https://avibase.bsc-eoc.org/species.jsp?avibaseid=7D1A9D5CCCDC597C,Least concern
Cerorhinca monocerata,UB::Western-Palearctic::Common ,https://avibase.bsc-eoc.org/species.jsp?avibaseid=53D94597DFB84ECB,Least concern
Fratercula cirrhata,UB::Western-Palearctic::Rare/Accidental ,https://avibase.bsc-eoc.org/species.jsp?avibaseid=F79373497BC9C8FD,Least concern
Fratercula arctica,UB::Western-Palearctic::Common ,https://avibase.bsc-eoc.org/species.jsp?avibaseid=2771624B64AD7F2C,Vulnerable
Fratercula corniculata,UB::Western-Palearctic::Rare/Accidental ,https://avibase.bsc-eoc.org/species.jsp?avibaseid=24111FA5AE00A5DB,Least concern
Ptychoramphus aleuticus,,,
Aethia pusilla,,,
Aethia pygmaea,,,
Aethia cristatella,UB::Western-Palearctic::Rare/Accidental ,https://avibase.bsc-eoc.org/species.jsp?avibaseid=3DC4EBB85AB96A2A,Least concern
Aethia psittacula,UB::Western-Palearctic::Rare/Accidental ,https://avibase.bsc-eoc.org/species.jsp?avibaseid=2B46719DC058D033,Least concern
Brachyramphus perdix,UB::Western-Palearctic::Rare/Accidental ,https://avibase.bsc-eoc.org/species.jsp?avibaseid=0518820F7A915A80,Near-threatened
Brachyramphus brevirostris,,,
Brachyramphus marmoratus,,,
Cepphus grylle,UB::Western-Palearctic::Common ,https://avibase.bsc-eoc.org/species.jsp?avibaseid=B5AA5952E13FE5F3,Least concern
Cepphus carbo,UB::Western-Palearctic::Common ,https://avibase.bsc-eoc.org/species.jsp?avibaseid=906805208A4BB584,Least concern
Cepphus columba,UB::Western-Palearctic::Common ,https://avibase.bsc-eoc.org/species.jsp?avibaseid=2F5DF476344AEA92,Least concern
Alca torda,UB::Western-Palearctic::Common ,https://avibase.bsc-eoc.org/species.jsp?avibaseid=64F4DD81371B269F,Least concern
Pinguinus impennis,UB::Western-Palearctic::Rare/Accidental ,https://avibase.bsc-eoc.org/species.jsp?avibaseid=57D2F32E062CB366,Extinct
Alle alle,UB::Western-Palearctic::Common ,https://avibase.bsc-eoc.org/species.jsp?avibaseid=B0932D89F1F74318,Least concern
Uria lomvia,UB::Western-Palearctic::Common ,https://avibase.bsc-eoc.org/species.jsp?avibaseid=B70B5840ABCD5CFC,Least concern
Uria aalge,UB::Western-Palearctic::Common ,https://avibase.bsc-eoc.org/species.jsp?avibaseid=39F29B55EF9A542F,Least concern
Synthliboramphus antiquus,UB::Western-Palearctic::Rare/Accidental ,https://avibase.bsc-eoc.org/species.jsp?avibaseid=ACA4FEFE451B4BD8,Least concern
Synthliboramphus wumizusume,,,
Synthliboramphus scrippsi,,,
Synthliboramphus hypoleucus,,,
Synthliboramphus craveri,,,
Creagrus furcatus,,,
Hydrocoloeus minutus,UB::Western-Palearctic::Common ,https://avibase.bsc-eoc.org/species.jsp?avibaseid=F89FD6E3A367C008,Least concern
Rhodostethia rosea,UB::Western-Palearctic::Rare/Accidental ,https://avibase.bsc-eoc.org/species.jsp?avibaseid=4CD353D243C27F86,Least concern
Rissa tridactyla,UB::Western-Palearctic::Common ,https://avibase.bsc-eoc.org/species.jsp?avibaseid=FB4D08F0837D4683,Vulnerable
Rissa brevirostris,,,
Pagophila eburnea,UB::Western-Palearctic::Rare/Accidental ,https://avibase.bsc-eoc.org/species.jsp?avibaseid=FED91A1F00C4E67C,Near-threatened
Xema sabini,UB::Western-Palearctic::Common ,https://avibase.bsc-eoc.org/species.jsp?avibaseid=86182656472B476B,Least concern
Saundersilarus saundersi,,,
Chroicocephalus genei,UB::Western-Palearctic::Common ,https://avibase.bsc-eoc.org/species.jsp?avibaseid=27CE7132A1848BCD,Least concern
Chroicocephalus philadelphia,UB::Western-Palearctic::Rare/Accidental ,https://avibase.bsc-eoc.org/species.jsp?avibaseid=0337440E2A88E638,Least concern
Chroicocephalus novaehollandiae,,,
Chroicocephalus bulleri,,,
Chroicocephalus serranus,,,
Chroicocephalus maculipennis,,,
Chroicocephalus ridibundus,UB::Western-Palearctic::Common ,https://avibase.bsc-eoc.org/species.jsp?avibaseid=FB02DD9658CC1EC6,Least concern
Chroicocephalus brunnicephalus,UB::Western-Palearctic::Rare/Accidental ,https://avibase.bsc-eoc.org/species.jsp?avibaseid=C2868E7AA8A8778F,Least concern
Chroicocephalus cirrocephalus,UB::Western-Palearctic::Rare/Accidental ,https://avibase.bsc-eoc.org/species.jsp?avibaseid=6EB497FA1859864B,Least concern
Chroicocephalus hartlaubii,,,
Leucophaeus modestus,,,
Leucophaeus scoresbii,,,
Leucophaeus atricilla,UB::Western-Palearctic::Rare/Accidental ,https://avibase.bsc-eoc.org/species.jsp?avibaseid=6CDC3C9C8B50EA71,Least concern
Leucophaeus pipixcan,UB::Western-Palearctic::Rare/Accidental ,https://avibase.bsc-eoc.org/species.jsp?avibaseid=57C93A74CBC9863F,Least concern
Leucophaeus fuliginosus,,,
Ichthyaetus ichthyaetus,UB::Western-Palearctic::Common ,https://avibase.bsc-eoc.org/species.jsp?avibaseid=EF930CDC7CE618F7,Least concern
Ichthyaetus relictus,UB::Western-Palearctic::Common ,https://avibase.bsc-eoc.org/species.jsp?avibaseid=166CE0D70D663FCC,Vulnerable
Ichthyaetus audouinii,UB::Western-Palearctic::Common ,https://avibase.bsc-eoc.org/species.jsp?avibaseid=F7B9355E42C3F987,Vulnerable
Ichthyaetus melanocephalus,UB::Western-Palearctic::Common ,https://avibase.bsc-eoc.org/species.jsp?avibaseid=052BFA8A77EED5AF,Least concern
Ichthyaetus hemprichii,UB::Western-Palearctic::Common ,https://avibase.bsc-eoc.org/species.jsp?avibaseid=67D43542E9EBE903,Least concern
Ichthyaetus leucophthalmus,UB::Western-Palearctic::Common ,https://avibase.bsc-eoc.org/species.jsp?avibaseid=A7F240E39F0AD5F9,Least concern
Larus pacificus,,,
Larus belcheri,,,
Larus crassirostris,UB::Western-Palearctic::Rare/Accidental ,https://avibase.bsc-eoc.org/species.jsp?avibaseid=8C4CE60F3DA7955C,Least concern
Larus atlanticus,,,
Larus heermanni,,,
Larus canus,UB::Western-Palearctic::Common ,https://avibase.bsc-eoc.org/species.jsp?avibaseid=00DA9D9151189271,Least concern
Larus brachyrhynchus,UB::Western-Palearctic::Common ,https://avibase.bsc-eoc.org/species.jsp?avibaseid=342F6965CFE656B1,Least concern
Larus delawarensis,UB::Western-Palearctic::Rare/Accidental ,https://avibase.bsc-eoc.org/species.jsp?avibaseid=23863F65441680FA,Least concern
Larus livens,,,
Larus occidentalis,,,
Larus cachinnans,UB::Western-Palearctic::Common ,https://avibase.bsc-eoc.org/species.jsp?avibaseid=93CA037F6FFE9FDB,Least concern
Larus dominicanus,UB::Western-Palearctic::Rare/Accidental ,https://avibase.bsc-eoc.org/species.jsp?avibaseid=E6536E4E904EF414,Least concern
Larus smithsonianus,UB::Western-Palearctic::Rare/Accidental ,https://avibase.bsc-eoc.org/species.jsp?avibaseid=60F32AF8F5E3E40B,Least concern
Larus vegae,UB::Western-Palearctic::Rare/Accidental ,https://avibase.bsc-eoc.org/species.jsp?avibaseid=FD1EF7BB1FBB3311,Least concern
Larus mongolicus,UB::Western-Palearctic::Common ,https://avibase.bsc-eoc.org/species.jsp?avibaseid=E1325FAB8AD8AF75,Least concern
Larus argentatus,UB::Western-Palearctic::Common ,https://avibase.bsc-eoc.org/species.jsp?avibaseid=F002188E226DF09C,Least concern
Larus michahellis,UB::Western-Palearctic::Common ,https://avibase.bsc-eoc.org/species.jsp?avibaseid=E074D7069AE1303C,Least concern
Larus armenicus,UB::Western-Palearctic::Common ,https://avibase.bsc-eoc.org/species.jsp?avibaseid=F6951FF7E28D37AC,Least concern
Larus marinus,UB::Western-Palearctic::Common ,https://avibase.bsc-eoc.org/species.jsp?avibaseid=E826E9F3FBAED223,Least concern
Larus hyperboreus,UB::Western-Palearctic::Common ,https://avibase.bsc-eoc.org/species.jsp?avibaseid=A59FA446D6B40057,Least concern
Larus fuscus,UB::Western-Palearctic::Common ,https://avibase.bsc-eoc.org/species.jsp?avibaseid=2D52E3A509137804,Least concern
Larus californicus,,,
Larus glaucescens,UB::Western-Palearctic::Rare/Accidental ,https://avibase.bsc-eoc.org/species.jsp?avibaseid=03AC32BA532FB6E3,Least concern
Larus schistisagus,UB::Western-Palearctic::Rare/Accidental ,https://avibase.bsc-eoc.org/species.jsp?avibaseid=456C7FAEF6E50426,Least concern
Larus glaucoides,UB::Western-Palearctic::Common ,https://avibase.bsc-eoc.org/species.jsp?avibaseid=FB4FCB27CC5566D1,Least concern
Rynchops flavirostris,UB::Western-Palearctic::Rare/Accidental ,https://avibase.bsc-eoc.org/species.jsp?avibaseid=907B1140134453B4,Least concern
Rynchops albicollis,UB::Western-Palearctic::Common ,https://avibase.bsc-eoc.org/species.jsp?avibaseid=88151F23B9BD5964,Endangered
Rynchops niger,UB::Western-Palearctic::Rare/Accidental ,https://avibase.bsc-eoc.org/species.jsp?avibaseid=88AB027C4DF06D93,Least concern
Gygis alba,,,
Gygis candida,UB::Western-Palearctic::Rare/Accidental ,https://avibase.bsc-eoc.org/species.jsp?avibaseid=0E429338254C6275,Least concern
Gygis microrhyncha,,,
Anous stolidus,UB::Western-Palearctic::Rare/Accidental ,https://avibase.bsc-eoc.org/species.jsp?avibaseid=A070171E774B95B5,Least concern
Anous tenuirostris,,,
Anous minutus,,,
Anous albivitta,,,
Anous ceruleus,,,
Onychoprion aleuticus,UB::Western-Palearctic::Rare/Accidental ,https://avibase.bsc-eoc.org/species.jsp?avibaseid=BEE4F34A70214978,Vulnerable
Onychoprion fuscatus,UB::Western-Palearctic::Rare/Accidental ,https://avibase.bsc-eoc.org/species.jsp?avibaseid=3E7F825D03C0DC3E,Least concern
Onychoprion anaethetus,UB::Western-Palearctic::Common ,https://avibase.bsc-eoc.org/species.jsp?avibaseid=E6518B9D5C802F2A,Least concern
Onychoprion lunatus,,,
Sternula albifrons,UB::Western-Palearctic::Common ,https://avibase.bsc-eoc.org/species.jsp?avibaseid=17310BF0FE9BAC8A,Least concern
Sternula saundersi,UB::Western-Palearctic::Rare/Accidental ,https://avibase.bsc-eoc.org/species.jsp?avibaseid=4B21F4D8DBD4F42D,Least concern
Sternula balaenarum,,,
Sternula nereis,,,
Sternula antillarum,UB::Western-Palearctic::Rare/Accidental ,https://avibase.bsc-eoc.org/species.jsp?avibaseid=BE78E765F1DA8123,Least concern
Sternula superciliaris,,,
Sternula lorata,,,
Phaetusa simplex,,,
Gelochelidon nilotica,UB::Western-Palearctic::Common ,https://avibase.bsc-eoc.org/species.jsp?avibaseid=87168739C37AC427,Least concern
Gelochelidon macrotarsa,,,
Hydroprogne caspia,UB::Western-Palearctic::Common ,https://avibase.bsc-eoc.org/species.jsp?avibaseid=BC06BC0D1056BC7B,Least concern
Larosterna inca,,,
Chlidonias hybrida,UB::Western-Palearctic::Common ,https://avibase.bsc-eoc.org/species.jsp?avibaseid=7AB4E42B260B5954,Least concern
Chlidonias albostriatus,,,
Chlidonias niger,UB::Western-Palearctic::Common ,https://avibase.bsc-eoc.org/species.jsp?avibaseid=115AF02DD58018FB,Least concern
Chlidonias leucopterus,UB::Western-Palearctic::Common ,https://avibase.bsc-eoc.org/species.jsp?avibaseid=43CAAEE3B0D305D9,Least concern
Sterna aurantia,UB::Western-Palearctic::Rare/Accidental ,https://avibase.bsc-eoc.org/species.jsp?avibaseid=A874F3344E9FE3C3,Vulnerable
Sterna forsteri,UB::Western-Palearctic::Rare/Accidental ,https://avibase.bsc-eoc.org/species.jsp?avibaseid=D13B91229B2F157E,Least concern
Sterna trudeaui,,,
Sterna paradisaea,UB::Western-Palearctic::Common ,https://avibase.bsc-eoc.org/species.jsp?avibaseid=BDC5CF80BE6CFC21,Least concern
Sterna hirundinacea,,,
Sterna vittata,,,
Sterna virgata,,,
Sterna hirundo,UB::Western-Palearctic::Common ,https://avibase.bsc-eoc.org/species.jsp?avibaseid=4D2FF6F13790ED7E,Least concern
Sterna repressa,UB::Western-Palearctic::Common ,https://avibase.bsc-eoc.org/species.jsp?avibaseid=CF5C013D4B3FE57D,Least concern
Sterna sumatrana,,,
Sterna dougallii,UB::Western-Palearctic::Common ,https://avibase.bsc-eoc.org/species.jsp?avibaseid=74236837A4AFD042,Least concern
Sterna striata,,,
Sterna acuticauda,,,
Thalasseus sandvicensis,UB::Western-Palearctic::Common ,https://avibase.bsc-eoc.org/species.jsp?avibaseid=F7504353640C1055,Least concern
Thalasseus elegans,UB::Western-Palearctic::Rare/Accidental ,https://avibase.bsc-eoc.org/species.jsp?avibaseid=3F9E1C51FBD48FC1,Near-threatened
Thalasseus bengalensis,UB::Western-Palearctic::Common ,https://avibase.bsc-eoc.org/species.jsp?avibaseid=D01CDECDCA736E26,Least concern
Thalasseus albididorsalis,UB::Western-Palearctic::Common ,https://avibase.bsc-eoc.org/species.jsp?avibaseid=CF8461BFDAE5E751,Least concern
Thalasseus maximus,UB::Western-Palearctic::Rare/Accidental ,https://avibase.bsc-eoc.org/species.jsp?avibaseid=719935EF80BDF4AB,Least concern
Thalasseus bergii,UB::Western-Palearctic::Common ,https://avibase.bsc-eoc.org/species.jsp?avibaseid=526978C4A16D3750,Least concern
Thalasseus bernsteini,,,
Phoenicopterus chilensis,,,
Phoenicopterus ruber,UB::Western-Palearctic::Rare/Accidental ,https://avibase.bsc-eoc.org/species.jsp?avibaseid=E3FF6313179EC968,Least concern
Phoenicopterus roseus,UB::Western-Palearctic::Common ,https://avibase.bsc-eoc.org/species.jsp?avibaseid=0F9B5174A8ACF737,Least concern
Phoeniconaias minor,UB::Western-Palearctic::Common ,https://avibase.bsc-eoc.org/species.jsp?avibaseid=B06A9079584A8D53,Near-threatened
Phoenicoparrus andinus,,,
Phoenicoparrus jamesi,,,
Rollandia rolland,,,
Rollandia microptera,,,
Tachybaptus rufolavatus,,,
Tachybaptus ruficollis,UB::Western-Palearctic::Common ,https://avibase.bsc-eoc.org/species.jsp?avibaseid=215FEA89A0F19F5C,Least concern
Tachybaptus novaehollandiae,,,
Tachybaptus pelzelnii,,,
Tachybaptus dominicus,,,
Podilymbus podiceps,UB::Western-Palearctic::Common ,https://avibase.bsc-eoc.org/species.jsp?avibaseid=9A8E55D00554A088,Least concern
Podilymbus gigas,,,
Poliocephalus poliocephalus,,,
Poliocephalus rufopectus,,,
Podiceps major,,,
Podiceps auritus,UB::Western-Palearctic::Common ,https://avibase.bsc-eoc.org/species.jsp?avibaseid=018B316959E84738,Vulnerable
Podiceps grisegena,UB::Western-Palearctic::Common ,https://avibase.bsc-eoc.org/species.jsp?avibaseid=1CBD2CED48B674A4,Least concern
Podiceps cristatus,UB::Western-Palearctic::Common ,https://avibase.bsc-eoc.org/species.jsp?avibaseid=8F269702DC208010,Least concern
Podiceps nigricollis,UB::Western-Palearctic::Common ,https://avibase.bsc-eoc.org/species.jsp?avibaseid=32DCEC14D7AE129B,Least concern
Podiceps andinus,,,
Podiceps occipitalis,,,
Podiceps taczanowskii,,,
Podiceps gallardoi,,,
Aechmophorus occidentalis,,,
Aechmophorus clarkii,,,
Opisthocomus hoazin,,,
Rhynochetos jubatus,,,
Eurypyga helias,,,
Phaethon lepturus,UB::Western-Palearctic::Rare/Accidental ,https://avibase.bsc-eoc.org/species.jsp?avibaseid=1D07B501FEAF0840,Least concern
Phaethon aethereus,UB::Western-Palearctic::Common ,https://avibase.bsc-eoc.org/species.jsp?avibaseid=7EE005BD2701D129,Least concern
Phaethon rubricauda,,,
Gavia stellata,UB::Western-Palearctic::Common ,https://avibase.bsc-eoc.org/species.jsp?avibaseid=6C50988A5445ED76,Least concern
Gavia arctica,UB::Western-Palearctic::Common ,https://avibase.bsc-eoc.org/species.jsp?avibaseid=CA5852BE6E617DBD,Least concern
Gavia pacifica,UB::Western-Palearctic::Rare/Accidental ,https://avibase.bsc-eoc.org/species.jsp?avibaseid=B7D7EF2398F42295,Least concern
Gavia immer,UB::Western-Palearctic::Common ,https://avibase.bsc-eoc.org/species.jsp?avibaseid=7E02237895784E9A,Least concern
Gavia adamsii,UB::Western-Palearctic::Common ,https://avibase.bsc-eoc.org/species.jsp?avibaseid=5349255DB4579713,Near-threatened
Aptenodytes patagonicus,,,
Aptenodytes forsteri,,,
Pygoscelis adeliae,,,
Pygoscelis papua,,,
Pygoscelis antarcticus,,,
Megadyptes antipodes,,,
Eudyptula minor,,,
Spheniscus demersus,,,
Spheniscus humboldti,,,
Spheniscus mendiculus,,,
Spheniscus magellanicus,,,
Eudyptes pachyrhynchus,,,
Eudyptes sclateri,,,
Eudyptes chrysolophus,,,
Eudyptes schlegeli,,,
Eudyptes chrysocome,,,
Eudyptes filholi,,,
Eudyptes moseleyi,,,
Eudyptes robustus,,,
Diomedea sanfordi,,,
Diomedea epomophora,,,
Diomedea exulans,UB::Western-Palearctic::Common ,https://avibase.bsc-eoc.org/species.jsp?avibaseid=A28D8D38F9A022A4,Vulnerable
Diomedea dabbenena,UB::Western-Palearctic::Rare/Accidental ,https://avibase.bsc-eoc.org/species.jsp?avibaseid=1048BC8A62BE30C0,Critically endangered
Diomedea antipodensis,,,
Diomedea amsterdamensis,,,
Phoebastria irrorata,,,
Phoebastria immutabilis,,,
Phoebastria nigripes,,,
Phoebastria albatrus,,,
Phoebetria fusca,,,
Phoebetria palpebrata,,,
Thalassarche chlororhynchos,UB::Western-Palearctic::Common ,https://avibase.bsc-eoc.org/species.jsp?avibaseid=EA2FA91827802E23,Endangered
Thalassarche carteri,,,
Thalassarche chrysostoma,,,
Thalassarche bulleri,,,
Thalassarche cauta,UB::Western-Palearctic::Common ,https://avibase.bsc-eoc.org/species.jsp?avibaseid=87797B4724F5DC9E,Least concern
Thalassarche salvini,,,
Thalassarche eremita,,,
Thalassarche melanophris,UB::Western-Palearctic::Rare/Accidental ,https://avibase.bsc-eoc.org/species.jsp?avibaseid=F9FCB9FF95FD3440,Least concern
Oceanites oceanicus,UB::Western-Palearctic::Common ,https://avibase.bsc-eoc.org/species.jsp?avibaseid=D295D249BDB7E046,Least concern
Oceanites pincoyae,,,
Oceanites gracilis,,,
Garrodia nereis,,,
Pelagodroma marina,UB::Western-Palearctic::Common ,https://avibase.bsc-eoc.org/species.jsp?avibaseid=E9DF118ED56564A9,Least concern
Fregetta grallaria,UB::Western-Palearctic::Rare/Accidental ,https://avibase.bsc-eoc.org/species.jsp?avibaseid=224E1093DDF013E4,Least concern
Fregetta maoriana,,,
Fregetta lineata,,,
Fregetta tropica,UB::Western-Palearctic::Rare/Accidental ,https://avibase.bsc-eoc.org/species.jsp?avibaseid=ACE8EADE6CE42400,Least concern
Nesofregetta fuliginosa,,,
Hydrobates pelagicus,UB::Western-Palearctic::Common ,https://avibase.bsc-eoc.org/species.jsp?avibaseid=E1638A370D09095C,Least concern
Hydrobates furcatus,,,
Hydrobates hornbyi,,,
Hydrobates leucorhous,UB::Western-Palearctic::Common ,https://avibase.bsc-eoc.org/species.jsp?avibaseid=C5FB15C6D112FE91,Vulnerable
Hydrobates socorroensis,,,
Hydrobates cheimomnestes,,,
Hydrobates monorhis,UB::Western-Palearctic::Rare/Accidental ,https://avibase.bsc-eoc.org/species.jsp?avibaseid=80DE86705CC16A9A,Near-threatened
Hydrobates homochroa,,,
Hydrobates castro,UB::Western-Palearctic::Common ,https://avibase.bsc-eoc.org/species.jsp?avibaseid=D3FAE385D584B014,Least concern
Hydrobates monteiroi,UB::Western-Palearctic::Common ,https://avibase.bsc-eoc.org/species.jsp?avibaseid=3E579E5B93B9FF9A,Vulnerable
Hydrobates jabejabe,UB::Western-Palearctic::Endemic ,https://avibase.bsc-eoc.org/species.jsp?avibaseid=0F6A5DD68BE0A173,Least concern
Hydrobates tethys,,,
Hydrobates melania,,,
Hydrobates macrodactylus,,,
Hydrobates markhami,,,
Hydrobates matsudairae,,,
Hydrobates tristrami,,,
Hydrobates microsoma,,,
Macronectes giganteus,UB::Western-Palearctic::Rare/Accidental ,https://avibase.bsc-eoc.org/species.jsp?avibaseid=C1706A8B803AD6EF,Least concern
Macronectes halli,UB::Western-Palearctic::Rare/Accidental ,https://avibase.bsc-eoc.org/species.jsp?avibaseid=F504C8DE4D185454,Least concern
Fulmarus glacialis,UB::Western-Palearctic::Common ,https://avibase.bsc-eoc.org/species.jsp?avibaseid=049D9AEA4AFBFDFA,Least concern
Fulmarus glacialoides,,,
Thalassoica antarctica,,,
Daption capense,UB::Western-Palearctic::Rare/Accidental ,https://avibase.bsc-eoc.org/species.jsp?avibaseid=AAC2D6136C46A743,Least concern
Pagodroma nivea,,,
Aphrodroma brevirostris,,,
Pterodroma rupinarum,,,
Pterodroma macroptera,UB::Western-Palearctic::Rare/Accidental ,https://avibase.bsc-eoc.org/species.jsp?avibaseid=508E7E59EF3A45EA,Least concern
Pterodroma gouldi,,,
Pterodroma neglecta,UB::Western-Palearctic::Rare/Accidental ,https://avibase.bsc-eoc.org/species.jsp?avibaseid=889232C779ABDB24,Least concern
Pterodroma magentae,,,
Pterodroma arminjoniana,UB::Western-Palearctic::Common ,https://avibase.bsc-eoc.org/species.jsp?avibaseid=8116523B40EF3745,Vulnerable
Pterodroma heraldica,UB::Western-Palearctic::Rare/Accidental ,https://avibase.bsc-eoc.org/species.jsp?avibaseid=6C34881726A5477B,Least concern
Pterodroma ultima,,,
Pterodroma solandri,,,
Pterodroma atrata,,,
Pterodroma madeira,UB::Western-Palearctic::Common ,https://avibase.bsc-eoc.org/species.jsp?avibaseid=A6EA486B4C3CA2A5,Endangered
Pterodroma feae,UB::Western-Palearctic::Common ,https://avibase.bsc-eoc.org/species.jsp?avibaseid=CFE78BAC9F38FCCD,Near-threatened
Pterodroma deserta,UB::Western-Palearctic::Breeding-endemic ,https://avibase.bsc-eoc.org/species.jsp?avibaseid=F93629B0601FD107,Vulnerable
Pterodroma mollis,UB::Western-Palearctic::Rare/Accidental ,https://avibase.bsc-eoc.org/species.jsp?avibaseid=12286A1E6662F54C,Least concern
Pterodroma baraui,UB::Western-Palearctic::Rare/Accidental ,https://avibase.bsc-eoc.org/species.jsp?avibaseid=D956176F1CC0F3AF,Endangered
Pterodroma lessonii,,,
Pterodroma inexpectata,,,
Pterodroma cahow,UB::Western-Palearctic::Rare/Accidental ,https://avibase.bsc-eoc.org/species.jsp?avibaseid=F6533C4B9F518365,Endangered
Pterodroma hasitata,UB::Western-Palearctic::Rare/Accidental ,https://avibase.bsc-eoc.org/species.jsp?avibaseid=DCD73C3AFC4BDD4B,Endangered
Pterodroma caribbaea,,,
Pterodroma externa,,,
Pterodroma incerta,UB::Western-Palearctic::Rare/Accidental ,https://avibase.bsc-eoc.org/species.jsp?avibaseid=23865D2512972A80,Endangered
Pterodroma phaeopygia,,,
Pterodroma sandwichensis,,,
Pterodroma cervicalis,,,
Pterodroma hypoleuca,,,
Pterodroma nigripennis,,,
Pterodroma axillaris,,,
Pterodroma cookii,,,
Pterodroma defilippiana,,,
Pterodroma leucoptera,,,
Pterodroma brevipes,,,
Pterodroma longirostris,,,
Pterodroma pycrofti,,,
Pterodroma alba,,,
Pterodroma occulta,,,
Halobaena caerulea,,,
Pachyptila turtur,,,
Pachyptila vittata,,,
Pachyptila salvini,,,
Pachyptila macgillivrayi,,,
Pachyptila desolata,,,
Pachyptila belcheri,,,
Pachyptila crassirostris,,,
Bulweria bulwerii,UB::Western-Palearctic::Common ,https://avibase.bsc-eoc.org/species.jsp?avibaseid=058773E4925D5D2E,Least concern
Bulweria fallax,UB::Western-Palearctic::Rare/Accidental ,https://avibase.bsc-eoc.org/species.jsp?avibaseid=F501ED18B26262B3,Near-threatened
Bulweria bifax,,,
Pseudobulweria macgillivrayi,,,
Pseudobulweria aterrima,,,
Pseudobulweria rostrata,,,
Pseudobulweria becki,,,
Procellaria cinerea,,,
Procellaria aequinoctialis,UB::Western-Palearctic::Rare/Accidental ,https://avibase.bsc-eoc.org/species.jsp?avibaseid=35EB45A0494AEE57,Vulnerable
Procellaria conspicillata,,,
Procellaria parkinsoni,,,
Procellaria westlandica,,,
Calonectris leucomelas,UB::Western-Palearctic::Rare/Accidental ,https://avibase.bsc-eoc.org/species.jsp?avibaseid=13B165A3056EF798,Near-threatened
Calonectris borealis,UB::Western-Palearctic::Common ,https://avibase.bsc-eoc.org/species.jsp?avibaseid=710BB4E6D1B2E7FF,Least concern
Calonectris diomedea,UB::Western-Palearctic::Common ,https://avibase.bsc-eoc.org/species.jsp?avibaseid=CA4D268D439B2832,Least concern
Calonectris edwardsii,UB::Western-Palearctic::Common ,https://avibase.bsc-eoc.org/species.jsp?avibaseid=D6AB20A5DC3C2649,Near-threatened
Ardenna creatopus,,,
Ardenna carneipes,UB::Western-Palearctic::Rare/Accidental ,https://avibase.bsc-eoc.org/species.jsp?avibaseid=08F22F8404DCC0D2,Near-threatened
Ardenna gravis,UB::Western-Palearctic::Common ,https://avibase.bsc-eoc.org/species.jsp?avibaseid=8B879DFA2AFB1481,Least concern
Ardenna pacifica,UB::Western-Palearctic::Rare/Accidental ,https://avibase.bsc-eoc.org/species.jsp?avibaseid=E94A7272C71031C6,Least concern
Ardenna bulleri,UB::Western-Palearctic::Common ,https://avibase.bsc-eoc.org/species.jsp?avibaseid=83F9C0586496AA33,Vulnerable
Ardenna grisea,UB::Western-Palearctic::Common ,https://avibase.bsc-eoc.org/species.jsp?avibaseid=1725B07D51A40D6A,Near-threatened
Ardenna tenuirostris,UB::Western-Palearctic::Rare/Accidental ,https://avibase.bsc-eoc.org/species.jsp?avibaseid=60825BF601060350,Least concern
Puffinus nativitatis,,,
Puffinus subalaris,,,
Puffinus puffinus,UB::Western-Palearctic::Common ,https://avibase.bsc-eoc.org/species.jsp?avibaseid=5AEDC00231A5201C,Least concern
Puffinus yelkouan,UB::Western-Palearctic::Common ,https://avibase.bsc-eoc.org/species.jsp?avibaseid=FD97EC1E6EB57033,Vulnerable
Puffinus mauretanicus,UB::Western-Palearctic::Common ,https://avibase.bsc-eoc.org/species.jsp?avibaseid=42F573C742DA4333,Critically endangered
Puffinus huttoni,,,
Puffinus bannermani,,,
Puffinus auricularis,,,
Puffinus newelli,,,
Puffinus myrtae,,,
Puffinus bryani,,,
Puffinus opisthomelas,,,
Puffinus gavia,,,
Puffinus assimilis,,,
Puffinus elegans,UB::Western-Palearctic::Rare/Accidental ,https://avibase.bsc-eoc.org/species.jsp?avibaseid=6F4BBFE2ABA8D391,Least concern
Puffinus baroli,UB::Western-Palearctic::Common ,https://avibase.bsc-eoc.org/species.jsp?avibaseid=5F555FDD48DEAC1C,Least concern
Puffinus boydi,UB::Western-Palearctic::Common ,https://avibase.bsc-eoc.org/species.jsp?avibaseid=C817F45510E37F8A,Least concern
Puffinus lherminieri,UB::Western-Palearctic::Rare/Accidental ,https://avibase.bsc-eoc.org/species.jsp?avibaseid=06C36D41443C29AF,Least concern
Puffinus bailloni,UB::Western-Palearctic::Rare/Accidental ,https://avibase.bsc-eoc.org/species.jsp?avibaseid=6DA05B66DC30A0D9,Least concern
Puffinus persicus,UB::Western-Palearctic::Rare/Accidental ,https://avibase.bsc-eoc.org/species.jsp?avibaseid=198120BB773A3C38,Least concern
Puffinus heinrothi,,,
Pelecanoides garnotii,,,
Pelecanoides urinatrix,,,
Pelecanoides georgicus,,,
Pelecanoides magellani,,,
Anastomus oscitans,,,
Anastomus lamelligerus,UB::Western-Palearctic::Rare/Accidental ,https://avibase.bsc-eoc.org/species.jsp?avibaseid=0F14ECE44F616F74,Least concern
Ciconia nigra,UB::Western-Palearctic::Common ,https://avibase.bsc-eoc.org/species.jsp?avibaseid=E2817DAE1B24B31E,Least concern
Ciconia abdimii,UB::Western-Palearctic::Rare/Accidental ,https://avibase.bsc-eoc.org/species.jsp?avibaseid=26CD03193C89F18B,Least concern
Ciconia microscelis,UB::Western-Palearctic::Rare/Accidental ,https://avibase.bsc-eoc.org/species.jsp?avibaseid=5157C558FE47A6C9,Least concern
Ciconia episcopus,,,
Ciconia stormi,,,
Ciconia maguari,,,
Ciconia ciconia,UB::Western-Palearctic::Common ,https://avibase.bsc-eoc.org/species.jsp?avibaseid=28825494A08AFE5A,Least concern
Ciconia boyciana,,,
Ephippiorhynchus asiaticus,,,
Ephippiorhynchus senegalensis,,,
Jabiru mycteria,,,
Leptoptilos javanicus,,,
Leptoptilos crumenifer,UB::Western-Palearctic::Rare/Accidental ,https://avibase.bsc-eoc.org/species.jsp?avibaseid=03C0F97C496962D8,Least concern
Leptoptilos dubius,,,
Mycteria americana,,,
Mycteria cinerea,,,
Mycteria ibis,UB::Western-Palearctic::Rare/Accidental ,https://avibase.bsc-eoc.org/species.jsp?avibaseid=4F92C8924C9382AA,Least concern
Mycteria leucocephala,,,
Fregata aquila,UB::Western-Palearctic::Rare/Accidental ,https://avibase.bsc-eoc.org/species.jsp?avibaseid=00E090F87F64DBDB,Vulnerable
Fregata magnificens,UB::Western-Palearctic::Rare/Accidental ,https://avibase.bsc-eoc.org/species.jsp?avibaseid=8AA3B42E976C7B2A,Least concern
Fregata ariel,UB::Western-Palearctic::Rare/Accidental ,https://avibase.bsc-eoc.org/species.jsp?avibaseid=09ED7E926715445E,Least concern
Fregata minor,,,
Fregata andrewsi,,,
Papasula abbotti,,,
Morus bassanus,UB::Western-Palearctic::Common ,https://avibase.bsc-eoc.org/species.jsp?avibaseid=534FB490884C6D33,Least concern
Morus capensis,UB::Western-Palearctic::Rare/Accidental ,https://avibase.bsc-eoc.org/species.jsp?avibaseid=775E93D7FC5685AC,Endangered
Morus serrator,,,
Sula sula,UB::Western-Palearctic::Rare/Accidental ,https://avibase.bsc-eoc.org/species.jsp?avibaseid=0A4609D14FC148DF,Least concern
Sula leucogaster,UB::Western-Palearctic::Common ,https://avibase.bsc-eoc.org/species.jsp?avibaseid=05520B42BE95E3ED,Least concern
Sula brewsteri,,,
Sula dactylatra,UB::Western-Palearctic::Rare/Accidental ,https://avibase.bsc-eoc.org/species.jsp?avibaseid=22D1B4A2F0911712,Least concern
Sula granti,,,
Sula nebouxii,,,
Sula variegata,,,
Anhinga anhinga,,,
Anhinga rufa,UB::Western-Palearctic::Common ,https://avibase.bsc-eoc.org/species.jsp?avibaseid=5C7936A7E5949CE8,Least concern
Anhinga melanogaster,,,
Anhinga novaehollandiae,,,
Microcarbo melanoleucos,,,
Microcarbo africanus,UB::Western-Palearctic::Common ,https://avibase.bsc-eoc.org/species.jsp?avibaseid=E255DCE15494936B,Least concern
Microcarbo coronatus,,,
Microcarbo niger,,,
Microcarbo pygmaeus,UB::Western-Palearctic::Common ,https://avibase.bsc-eoc.org/species.jsp?avibaseid=AFF49475BDB69B4E,Least concern
Poikilocarbo gaimardi,,,
Urile penicillatus,,,
Urile urile,,,
Urile pelagicus,UB::Western-Palearctic::Common ,https://avibase.bsc-eoc.org/species.jsp?avibaseid=A429B5B8397A0907,Least concern
Urile perspicillatus,UB::Western-Palearctic::Endemic-(country/region) ,https://avibase.bsc-eoc.org/species.jsp?avibaseid=F7CFAA5DEC6DE2C0,Extinct
Phalacrocorax neglectus,,,
Phalacrocorax capensis,,,
Phalacrocorax carbo,UB::Western-Palearctic::Common ,https://avibase.bsc-eoc.org/species.jsp?avibaseid=3DF5C587CE3CF1E1,Least concern
Phalacrocorax capillatus,UB::Western-Palearctic::Common ,https://avibase.bsc-eoc.org/species.jsp?avibaseid=EF2F3A05CF0F47D5,Least concern
Phalacrocorax nigrogularis,UB::Western-Palearctic::Common ,https://avibase.bsc-eoc.org/species.jsp?avibaseid=7947E6036EA2F549,Vulnerable
Phalacrocorax punctatus,,,
Phalacrocorax featherstoni,,,
Phalacrocorax fuscicollis,,,
Phalacrocorax sulcirostris,,,
Phalacrocorax varius,,,
Phalacrocorax fuscescens,,,
Gulosus aristotelis,UB::Western-Palearctic::Common ,https://avibase.bsc-eoc.org/species.jsp?avibaseid=CECC7B264A61BD22,Least concern
Nannopterum harrisi,,,
Nannopterum auritum,UB::Western-Palearctic::Rare/Accidental ,https://avibase.bsc-eoc.org/species.jsp?avibaseid=3AC46C54EE4A6251,Least concern
Nannopterum brasilianum,,,
Leucocarbo magellanicus,,,
Leucocarbo bougainvilliorum,,,
Leucocarbo ranfurlyi,,,
Leucocarbo carunculatus,,,
Leucocarbo chalconotus,,,
Leucocarbo onslowi,,,
Leucocarbo colensoi,,,
Leucocarbo campbelli,,,
Leucocarbo atriceps,,,
Eudocimus albus,,,
Eudocimus ruber,,,
Plegadis falcinellus,UB::Western-Palearctic::Common ,https://avibase.bsc-eoc.org/species.jsp?avibaseid=D4540F880A3EC3BB,Least concern
Plegadis chihi,,,
Plegadis ridgwayi,,,
Lophotibis cristata,,,
Cercibis oxycerca,,,
Mesembrinibis cayennensis,,,
Phimosus infuscatus,,,
Theristicus caerulescens,,,
Theristicus caudatus,,,
Theristicus melanopis,,,
Theristicus branickii,,,
Threskiornis aethiopicus,UB::Western-Palearctic::Common ,https://avibase.bsc-eoc.org/species.jsp?avibaseid=550DE745B77C8079,Least concern
Threskiornis bernieri,,,
Threskiornis solitarius,,,
Threskiornis melanocephalus,,,
Threskiornis molucca,,,
Threskiornis spinicollis,,,
Pseudibis papillosa,,,
Pseudibis davisoni,,,
Pseudibis gigantea,,,
Geronticus eremita,UB::Western-Palearctic::Common ,https://avibase.bsc-eoc.org/species.jsp?avibaseid=B20FECE2231097F4,Endangered
Geronticus calvus,,,
Nipponia nippon,,,
Bostrychia olivacea,,,
Bostrychia bocagei,,,
Bostrychia rara,,,
Bostrychia hagedash,,,
Bostrychia carunculata,,,
Platalea leucorodia,UB::Western-Palearctic::Common ,https://avibase.bsc-eoc.org/species.jsp?avibaseid=A0A584C1E7D786FE,Least concern
Platalea regia,,,
Platalea alba,UB::Western-Palearctic::Rare/Accidental ,https://avibase.bsc-eoc.org/species.jsp?avibaseid=F86BB1D3818BDB03,Least concern
Platalea minor,,,
Platalea flavipes,,,
Platalea ajaja,,,
Tigriornis leucolopha,,,
Tigrisoma lineatum,,,
Tigrisoma mexicanum,,,
Tigrisoma fasciatum,,,
Cochlearius cochlearius,,,
Agamia agami,,,
Zebrilus undulatus,,,
Botaurus stellaris,UB::Western-Palearctic::Common ,https://avibase.bsc-eoc.org/species.jsp?avibaseid=0F42F11AC607C758,Least concern
Botaurus poiciloptilus,,,
Botaurus lentiginosus,UB::Western-Palearctic::Rare/Accidental ,https://avibase.bsc-eoc.org/species.jsp?avibaseid=13E9F9B48CD5A08A,Least concern
Botaurus pinnatus,,,
Botaurus involucris,,,
Botaurus exilis,UB::Western-Palearctic::Rare/Accidental ,https://avibase.bsc-eoc.org/species.jsp?avibaseid=0B361ED83051417E,Least concern
Botaurus flavicollis,,,
Botaurus cinnamomeus,,,
Botaurus eurhythmus,UB::Western-Palearctic::Rare/Accidental ,https://avibase.bsc-eoc.org/species.jsp?avibaseid=E04AFC71BCFB544D,Least concern
Botaurus sturmii,UB::Western-Palearctic::Rare/Accidental ,https://avibase.bsc-eoc.org/species.jsp?avibaseid=87EEBD3E5FE01CA2,Least concern
Botaurus minutus,UB::Western-Palearctic::Common ,https://avibase.bsc-eoc.org/species.jsp?avibaseid=7AAD57ACA1C4ECA9,Least concern
Botaurus sinensis,UB::Western-Palearctic::Rare/Accidental ,https://avibase.bsc-eoc.org/species.jsp?avibaseid=1BFBF5D5663468B1,Least concern
Botaurus dubius,,,
Botaurus novaezelandiae,,,
Nyctanassa violacea,UB::Western-Palearctic::Rare/Accidental ,https://avibase.bsc-eoc.org/species.jsp?avibaseid=C677249004161A94,Least concern
Nyctanassa carcinocatactes,,,
Nycticorax nycticorax,UB::Western-Palearctic::Common ,https://avibase.bsc-eoc.org/species.jsp?avibaseid=6BB94D7EA4D041A8,Least concern
Nycticorax duboisi,,,
Nycticorax mauritianus,,,
Nycticorax megacephalus,,,
Nycticorax caledonicus,,,
Nycticorax olsoni,,,
Gorsachius melanolophus,,,
Gorsachius goisagi,,,
Pilherodius pileatus,,,
Syrigma sibilatrix,,,
Egretta caerulea,UB::Western-Palearctic::Rare/Accidental ,https://avibase.bsc-eoc.org/species.jsp?avibaseid=11512CF46992C660,Least concern
Egretta tricolor,UB::Western-Palearctic::Rare/Accidental ,https://avibase.bsc-eoc.org/species.jsp?avibaseid=031409C72898108C,Least concern
Egretta rufescens,,,
Egretta vinaceigula,,,
Egretta ardesiaca,UB::Western-Palearctic::Rare/Accidental ,https://avibase.bsc-eoc.org/species.jsp?avibaseid=74853F898557A8BD,Least concern
Egretta sacra,,,
Egretta eulophotes,,,
Egretta thula,UB::Western-Palearctic::Rare/Accidental ,https://avibase.bsc-eoc.org/species.jsp?avibaseid=AA7901D88E7203E5,Least concern
Egretta garzetta,UB::Western-Palearctic::Common ,https://avibase.bsc-eoc.org/species.jsp?avibaseid=F2858F9FFB9DFDCF,Least concern
Egretta gularis,UB::Western-Palearctic::Common ,https://avibase.bsc-eoc.org/species.jsp?avibaseid=DF32B1F9C576957F,Least concern
Egretta picata,,,
Egretta novaehollandiae,,,
Calherodius leuconotus,,,
Oroanassa magnifica,,,
Butorides striata,,,
Butorides sundevalli,,,
Butorides atricapilla,UB::Western-Palearctic::Common ,https://avibase.bsc-eoc.org/species.jsp?avibaseid=7085B8A0829E3CDC,Least concern
Butorides virescens,UB::Western-Palearctic::Rare/Accidental ,https://avibase.bsc-eoc.org/species.jsp?avibaseid=86D45B8F04F61F0E,Least concern
Zonerodius heliosylus,,,
Ardeola rufiventris,,,
Ardeola ralloides,UB::Western-Palearctic::Common ,https://avibase.bsc-eoc.org/species.jsp?avibaseid=CE73EBD7A90E9FCF,Least concern
Ardeola idae,,,
Ardeola grayii,UB::Western-Palearctic::Rare/Accidental ,https://avibase.bsc-eoc.org/species.jsp?avibaseid=E5E0B92FC2C26D6E,Least concern
Ardeola bacchus,UB::Western-Palearctic::Rare/Accidental ,https://avibase.bsc-eoc.org/species.jsp?avibaseid=56292AA80E2251F0,Least concern
Ardeola speciosa,,,
Ardea ibis,UB::Western-Palearctic::Common ,https://avibase.bsc-eoc.org/species.jsp?avibaseid=AB1CB2161CDC177A,Least concern
Ardea coromanda,UB::Western-Palearctic::Rare/Accidental ,https://avibase.bsc-eoc.org/species.jsp?avibaseid=0653A8ADF672E188,Least concern
Ardea pacifica,,,
Ardea alba,UB::Western-Palearctic::Common ,https://avibase.bsc-eoc.org/species.jsp?avibaseid=49D9148A171E7F2E,Least concern
Ardea brachyrhyncha,UB::Western-Palearctic::Rare/Accidental ,https://avibase.bsc-eoc.org/species.jsp?avibaseid=C3ABF8633819B2E7,Least concern
Ardea intermedia,UB::Western-Palearctic::Uncertain-origin ,https://avibase.bsc-eoc.org/species.jsp?avibaseid=30785911C6334086,Least concern
Ardea plumifera,,,
Ardea cinerea,UB::Western-Palearctic::Common ,https://avibase.bsc-eoc.org/species.jsp?avibaseid=6429024DBA7AB672,Least concern
Ardea herodias,UB::Western-Palearctic::Rare/Accidental ,https://avibase.bsc-eoc.org/species.jsp?avibaseid=93694BB5492F7012,Least concern
Ardea cocoi,,,
Ardea purpurea,UB::Western-Palearctic::Common ,https://avibase.bsc-eoc.org/species.jsp?avibaseid=3395DCF1CE3A8C91,Least concern
Ardea humbloti,,,
Ardea insignis,,,
Ardea sumatrana,,,
Ardea melanocephala,UB::Western-Palearctic::Common ,https://avibase.bsc-eoc.org/species.jsp?avibaseid=25A648FE397BB822,Least concern
Ardea goliath,UB::Western-Palearctic::Rare/Accidental ,https://avibase.bsc-eoc.org/species.jsp?avibaseid=C7888A152F4A837D,Least concern
Scopus umbretta,UB::Western-Palearctic::Common ,https://avibase.bsc-eoc.org/species.jsp?avibaseid=FC10F6ED31D29188,Least concern
Balaeniceps rex,,,
Pelecanus erythrorhynchos,,,
Pelecanus occidentalis,,,
Pelecanus thagus,,,
Pelecanus onocrotalus,UB::Western-Palearctic::Common ,https://avibase.bsc-eoc.org/species.jsp?avibaseid=8BAFB01E85D7AF4B,Least concern
Pelecanus conspicillatus,,,
Pelecanus rufescens,UB::Western-Palearctic::Rare/Accidental ,https://avibase.bsc-eoc.org/species.jsp?avibaseid=8D24E93CF5DAD3FA,Least concern
Pelecanus philippensis,UB::Western-Palearctic::Common ,https://avibase.bsc-eoc.org/species.jsp?avibaseid=793E3F20D63D5A09,Near-threatened
Pelecanus crispus,UB::Western-Palearctic::Common ,https://avibase.bsc-eoc.org/species.jsp?avibaseid=7C6D8BA2AC91D368,Near-threatened
Gymnogyps californianus,,,
Sarcoramphus papa,,,
Vultur gryphus,,,
Coragyps atratus,,,
Cathartes aura,,,
Cathartes burrovianus,,,
Cathartes melambrotus,,,
Sagittarius serpentarius,,,
Pandion haliaetus,UB::Western-Palearctic::Common ,https://avibase.bsc-eoc.org/species.jsp?avibaseid=1327AC55AA9D579B,Least concern
Gampsonyx swainsonii,,,
Chelictinia riocourii,,,
Elanus leucurus,,,
Elanus caeruleus,UB::Western-Palearctic::Common ,https://avibase.bsc-eoc.org/species.jsp?avibaseid=97C47F3E1BA4129A,Least concern
Elanus axillaris,,,
Elanus scriptus,,,
Polyboroides typus,,,
Polyboroides radiatus,,,
Gypohierax angolensis,,,
Gypaetus barbatus,UB::Western-Palearctic::Common ,https://avibase.bsc-eoc.org/species.jsp?avibaseid=81DB7410BE70406B,Near-threatened
Neophron percnopterus,UB::Western-Palearctic::Common ,https://avibase.bsc-eoc.org/species.jsp?avibaseid=6D3480A64B4953CE,Endangered
Eutriorchis astur,,,
Chondrohierax uncinatus,,,
Chondrohierax wilsonii,,,
Leptodon cayanensis,,,
Leptodon forbesi,,,
Aviceda cuculoides,,,
Aviceda madagascariensis,,,
Aviceda jerdoni,,,
Aviceda subcristata,,,
Aviceda leuphotes,,,
Pernis apivorus,UB::Western-Palearctic::Common ,https://avibase.bsc-eoc.org/species.jsp?avibaseid=ED5A7E8F6EDBB78E,Least concern
Pernis ptilorhynchus,UB::Western-Palearctic::Rare/Accidental ,https://avibase.bsc-eoc.org/species.jsp?avibaseid=1192205BDCBB11D2,Least concern
Pernis celebensis,,,
Pernis steerei,,,
Elanoides forficatus,UB::Western-Palearctic::Rare/Accidental ,https://avibase.bsc-eoc.org/species.jsp?avibaseid=1BAC66452DCC9AC9,Least concern
Hamirostra melanosternon,,,
Lophoictinia isura,,,
Henicopernis longicauda,,,
Henicopernis infuscatus,,,
Sarcogyps calvus,,,
Trigonoceps occipitalis,,,
Aegypius monachus,UB::Western-Palearctic::Common ,https://avibase.bsc-eoc.org/species.jsp?avibaseid=158BDC90F07DF1D2,Near-threatened
Torgos tracheliotos,UB::Western-Palearctic::Common ,https://avibase.bsc-eoc.org/species.jsp?avibaseid=672EA454429EA6BC,Endangered
Necrosyrtes monachus,UB::Western-Palearctic::Rare/Accidental ,https://avibase.bsc-eoc.org/species.jsp?avibaseid=131038ADDA3373B0,Critically endangered
Gyps himalayensis,UB::Western-Palearctic::Rare/Accidental ,https://avibase.bsc-eoc.org/species.jsp?avibaseid=9BB5551EA97A0A1C,Near-threatened
Gyps bengalensis,,,
Gyps africanus,UB::Western-Palearctic::Rare/Accidental ,https://avibase.bsc-eoc.org/species.jsp?avibaseid=0419DDC2F668EEE5,Critically endangered
Gyps indicus,,,
Gyps tenuirostris,,,
Gyps coprotheres,,,
Gyps rueppelli,UB::Western-Palearctic::Rare/Accidental ,https://avibase.bsc-eoc.org/species.jsp?avibaseid=76B512B1EE9B10EC,Critically endangered
Gyps fulvus,UB::Western-Palearctic::Common ,https://avibase.bsc-eoc.org/species.jsp?avibaseid=5D1987CEE4005AA2,Least concern
Spilornis klossi,,,
Spilornis rufipectus,,,
Spilornis kinabaluensis,,,
Spilornis cheela,,,
Spilornis holospilus,,,
Spilornis elgini,,,
Pithecophaga jefferyi,,,
Terathopius ecaudatus,UB::Western-Palearctic::Rare/Accidental ,https://avibase.bsc-eoc.org/species.jsp?avibaseid=6CBD872456996F41,Endangered
Circaetus cinerascens,,,
Circaetus fasciolatus,,,
Circaetus spectabilis,,,
Circaetus beaudouini,,,
Circaetus pectoralis,,,
Circaetus gallicus,UB::Western-Palearctic::Common ,https://avibase.bsc-eoc.org/species.jsp?avibaseid=8372FFBAA4080FBB,Least concern
Circaetus cinereus,,,
Stephanoaetus coronatus,,,
Nisaetus nanus,,,
Nisaetus kelaarti,,,
Nisaetus nipalensis,,,
Nisaetus alboniger,,,
Nisaetus bartelsi,,,
Nisaetus lanceolatus,,,
Nisaetus pinskeri,,,
Nisaetus philippensis,,,
Nisaetus cirrhatus,,,
Nisaetus floris,,,
Spizaetus tyrannus,,,
Spizaetus melanoleucus,,,
Spizaetus ornatus,,,
Spizaetus isidori,,,
Lophotriorchis kienerii,,,
Polemaetus bellicosus,,,
Lophaetus occipitalis,,,
Ictinaetus malaiensis,,,
Clanga hastata,,,
Clanga pomarina,UB::Western-Palearctic::Common ,https://avibase.bsc-eoc.org/species.jsp?avibaseid=C2565B6526591E9A,Least concern
Clanga clanga,UB::Western-Palearctic::Common ,https://avibase.bsc-eoc.org/species.jsp?avibaseid=BAC4CA22EDCC74E7,Vulnerable
Hieraaetus wahlbergi,UB::Western-Palearctic::Rare/Accidental ,https://avibase.bsc-eoc.org/species.jsp?avibaseid=535F3C994BB4A618,Least concern
Hieraaetus ayresii,,,
Hieraaetus weiskei,,,
Hieraaetus pennatus,UB::Western-Palearctic::Common ,https://avibase.bsc-eoc.org/species.jsp?avibaseid=4B8CC2853542FFED,Least concern
Hieraaetus morphnoides,,,
Aquila nipalensis,UB::Western-Palearctic::Common ,https://avibase.bsc-eoc.org/species.jsp?avibaseid=A635F56542EE0C16,Endangered
Aquila heliaca,UB::Western-Palearctic::Common ,https://avibase.bsc-eoc.org/species.jsp?avibaseid=469DCF57248A1C69,Vulnerable
Aquila adalberti,UB::Western-Palearctic::Common ,https://avibase.bsc-eoc.org/species.jsp?avibaseid=69742EE44F0A1463,Vulnerable
Aquila rapax,UB::Western-Palearctic::Common ,https://avibase.bsc-eoc.org/species.jsp?avibaseid=F6D547B28875698E,Vulnerable
Aquila africana,,,
Aquila gurneyi,,,
Aquila audax,,,
Aquila chrysaetos,UB::Western-Palearctic::Common ,https://avibase.bsc-eoc.org/species.jsp?avibaseid=5F8E7CA845BD413F,Least concern
Aquila verreauxii,UB::Western-Palearctic::Common ,https://avibase.bsc-eoc.org/species.jsp?avibaseid=14F13C32872CBA1C,Least concern
Aquila fasciata,UB::Western-Palearctic::Common ,https://avibase.bsc-eoc.org/species.jsp?avibaseid=05F1144132A7E4FF,Least concern
Aquila spilogaster,,,
Harpyopsis novaeguineae,,,
Macheiramphus alcinus,,,
Morphnus guianensis,,,
Harpia harpyja,,,
Lophospiza trivirgata,,,
Lophospiza griseiceps,,,
Micronisus gabar,UB::Western-Palearctic::Rare/Accidental ,https://avibase.bsc-eoc.org/species.jsp?avibaseid=922DE9C1DF8597F0,Least concern
Urotriorchis macrourus,,,
Melierax metabates,UB::Western-Palearctic::Common ,https://avibase.bsc-eoc.org/species.jsp?avibaseid=D2AFD39BFB907C05,Least concern
Melierax poliopterus,UB::Western-Palearctic::Rare/Accidental ,https://avibase.bsc-eoc.org/species.jsp?avibaseid=FA3A1F20C3A632BB,Least concern
Melierax canorus,,,
Kaupifalco monogrammicus,,,
Aerospiza tachiro,,,
Aerospiza castanilius,,,
Tachyspiza erythropus,,,
Tachyspiza minulla,,,
Tachyspiza virgata,UB::Western-Palearctic::Common ,https://avibase.bsc-eoc.org/species.jsp?avibaseid=A59A2D4D6942EC6C,Least concern
Tachyspiza nanus,,,
Tachyspiza erythrauchen,,,
Tachyspiza cirrocephala,,,
Tachyspiza brachyura,,,
Tachyspiza rhodogaster,,,
Tachyspiza gularis,UB::Western-Palearctic::Common ,https://avibase.bsc-eoc.org/species.jsp?avibaseid=1E49FE52073F3523,Least concern
Tachyspiza badia,UB::Western-Palearctic::Common ,https://avibase.bsc-eoc.org/species.jsp?avibaseid=1A0ECB6EDF6DB4B2,Least concern
Tachyspiza butleri,,,
Tachyspiza brevipes,UB::Western-Palearctic::Common ,https://avibase.bsc-eoc.org/species.jsp?avibaseid=8492E4B70A95DC74,Least concern
Tachyspiza soloensis,,,
Tachyspiza imitator,,,
Tachyspiza francesiae,,,
Tachyspiza trinotata,,,
Tachyspiza poliocephala,,,
Tachyspiza princeps,,,
Tachyspiza novaehollandiae,,,
Tachyspiza hiogaster,,,
Tachyspiza melanochlamys,,,
Tachyspiza albogularis,,,
Tachyspiza rufitorques,,,
Tachyspiza henicogramma,,,
Tachyspiza luteoschistacea,,,
Tachyspiza haplochroa,,,
Tachyspiza fasciata,,,
Erythrotriorchis buergersi,,,
Erythrotriorchis radiatus,,,
Accipiter poliogaster,,,
Accipiter ovampensis,,,
Accipiter madagascariensis,,,
Accipiter nisus,UB::Western-Palearctic::Common ,https://avibase.bsc-eoc.org/species.jsp?avibaseid=DB376A66278ED21E,Least concern
Accipiter rufiventris,,,
Accipiter striatus,,,
Astur bicolor,,,
Astur chilensis,,,
Astur cooperii,,,
Astur gundlachi,,,
Astur gentilis,UB::Western-Palearctic::Common ,https://avibase.bsc-eoc.org/species.jsp?avibaseid=95DD1855EC896B90,Least concern
Astur atricapillus,UB::Western-Palearctic::Rare/Accidental ,https://avibase.bsc-eoc.org/species.jsp?avibaseid=AE5956D5CF79C8F0,Least concern
Astur meyerianus,,,
Astur melanoleucus,,,
Astur henstii,,,
Megatriorchis doriae,,,
Circus aeruginosus,UB::Western-Palearctic::Common ,https://avibase.bsc-eoc.org/species.jsp?avibaseid=E2A19474E62F83E1,Least concern
Circus ranivorus,,,
Circus spilonotus,,,
Circus spilothorax,,,
Circus approximans,,,
Circus maillardi,,,
Circus macrosceles,,,
Circus buffoni,,,
Circus assimilis,,,
Circus maurus,,,
Circus cinereus,,,
Circus cyaneus,UB::Western-Palearctic::Common ,https://avibase.bsc-eoc.org/species.jsp?avibaseid=F558C7F96E40C134,Least concern
Circus hudsonius,UB::Western-Palearctic::Rare/Accidental ,https://avibase.bsc-eoc.org/species.jsp?avibaseid=A091D50AA92D949C,Least concern
Circus macrourus,UB::Western-Palearctic::Common ,https://avibase.bsc-eoc.org/species.jsp?avibaseid=22647E26E5C80F2E,Near-threatened
Circus melanoleucos,,,
Circus pygargus,UB::Western-Palearctic::Common ,https://avibase.bsc-eoc.org/species.jsp?avibaseid=63B6412E23CC0D93,Least concern
Microspizias superciliosus,,,
Microspizias collaris,,,
Harpagus bidentatus,,,
Harpagus diodon,,,
Milvus milvus,UB::Western-Palearctic::Common ,https://avibase.bsc-eoc.org/species.jsp?avibaseid=451D6FC8A169D726,Least concern
Milvus migrans,UB::Western-Palearctic::Common ,https://avibase.bsc-eoc.org/species.jsp?avibaseid=06D9A2C8D1E3678A,Least concern
Haliastur indus,UB::Western-Palearctic::Rare/Accidental ,https://avibase.bsc-eoc.org/species.jsp?avibaseid=D89A9DC9963D5DDC,Least concern
Haliastur sphenurus,,,
Haliaeetus albicilla,UB::Western-Palearctic::Common ,https://avibase.bsc-eoc.org/species.jsp?avibaseid=5A3D91D3254A568D,Least concern
Haliaeetus leucocephalus,UB::Western-Palearctic::Rare/Accidental ,https://avibase.bsc-eoc.org/species.jsp?avibaseid=FED3756C12CF67FA,Least concern
Haliaeetus leucoryphus,UB::Western-Palearctic::Rare/Accidental ,https://avibase.bsc-eoc.org/species.jsp?avibaseid=F3CCFC1881D339F6,Endangered
Haliaeetus pelagicus,UB::Western-Palearctic::Rare/Accidental ,https://avibase.bsc-eoc.org/species.jsp?avibaseid=C481FB2478D562BC,Vulnerable
Icthyophaga vocifer,UB::Western-Palearctic::Rare/Accidental ,https://avibase.bsc-eoc.org/species.jsp?avibaseid=A19B0CF4A0D54658,Least concern
Icthyophaga vociferoides,,,
Icthyophaga leucogaster,,,
Icthyophaga sanfordi,,,
Icthyophaga humilis,,,
Icthyophaga ichthyaetus,,,
Butastur liventer,,,
Butastur rufipennis,UB::Western-Palearctic::Rare/Accidental ,https://avibase.bsc-eoc.org/species.jsp?avibaseid=45A1D850C0690AD0,Least concern
Butastur teesa,UB::Western-Palearctic::Common ,https://avibase.bsc-eoc.org/species.jsp?avibaseid=868CD2468530F5FC,Least concern
Butastur indicus,,,
Ictinia mississippiensis,,,
Ictinia plumbea,,,
Geranospiza caerulescens,,,
Busarellus nigricollis,,,
Rostrhamus sociabilis,,,
Helicolestes hamatus,,,
Morphnarchus princeps,,,
Cryptoleucopteryx plumbea,,,
Buteogallus schistaceus,,,
Buteogallus anthracinus,,,
Buteogallus gundlachii,,,
Buteogallus aequinoctialis,,,
Buteogallus meridionalis,,,
Buteogallus lacernulatus,,,
Buteogallus urubitinga,,,
Buteogallus solitarius,,,
Buteogallus coronatus,,,
Rupornis magnirostris,,,
Parabuteo unicinctus,,,
Parabuteo leucorrhous,,,
Geranoaetus albicaudatus,,,
Geranoaetus polyosoma,,,
Geranoaetus melanoleucus,,,
Pseudastur occidentalis,,,
Pseudastur albicollis,,,
Pseudastur polionotus,,,
Leucopternis semiplumbeus,,,
Leucopternis melanops,,,
Leucopternis kuhli,,,
Bermuteo avivorus,,,
Buteo plagiatus,,,
Buteo nitidus,,,
Buteo platypterus,,,
Buteo lineatus,,,
Buteo ridgwayi,,,
Buteo albonotatus,,,
Buteo solitarius,,,
Buteo albigula,,,
Buteo brachyurus,,,
Buteo swainsoni,UB::Western-Palearctic::Uncertain-origin ,https://avibase.bsc-eoc.org/species.jsp?avibaseid=DE473F42C06227F0,Least concern
Buteo galapagoensis,,,
Buteo jamaicensis,,,
Buteo ventralis,,,
Buteo lagopus,UB::Western-Palearctic::Common ,https://avibase.bsc-eoc.org/species.jsp?avibaseid=90B13ACF984D0DDF,Least concern
Buteo regalis,,,
Buteo auguralis,,,
Buteo augur,,,
Buteo rufofuscus,,,
Buteo oreophilus,,,
Buteo buteo,UB::Western-Palearctic::Common ,https://avibase.bsc-eoc.org/species.jsp?avibaseid=3C0C325D1141B36B,Least concern
Buteo trizonatus,,,
Buteo brachypterus,,,
Buteo socotraensis,,,
Buteo rufinus,UB::Western-Palearctic::Common ,https://avibase.bsc-eoc.org/species.jsp?avibaseid=CC65921FEBE1BB96,Least concern
Buteo hemilasius,UB::Western-Palearctic::Rare/Accidental ,https://avibase.bsc-eoc.org/species.jsp?avibaseid=92FFE8FF7EC12945,Least concern
Buteo refectus,,,
Buteo japonicus,,,
Tyto tenebricosa,,,
Tyto novaehollandiae,,,
Tyto aurantia,,,
Tyto almae,,,
Tyto sororcula,,,
Tyto manusi,,,
Tyto nigrobrunnea,,,
Tyto inexspectata,,,
Tyto rosenbergii,,,
Tyto prigoginei,,,
Tyto longimembris,,,
Tyto capensis,,,
Tyto alba,UB::Western-Palearctic::Common ,https://avibase.bsc-eoc.org/species.jsp?avibaseid=CFD6F2750CBB4D94,Least concern
Tyto javanica,UB::Western-Palearctic::Common ,https://avibase.bsc-eoc.org/species.jsp?avibaseid=9E668317A0504D2B,Least concern
Tyto furcata,UB::Western-Palearctic::Common ,https://avibase.bsc-eoc.org/species.jsp?avibaseid=6B54759BD35CBE45,Least concern
Tyto deroepstorffi,,,
Tyto glaucops,,,
Tyto soumagnei,,,
Phodilus badius,,,
Phodilus assimilis,,,
Otus sagittatus,,,
Otus balli,,,
Otus rufescens,,,
Otus thilohoffmanni,,,
Otus icterorhynchus,,,
Otus ireneae,,,
Otus alfredi,,,
Otus spilocephalus,,,
Otus brookii,,,
Otus angelinae,,,
Otus mentawi,,,
Otus bakkamoena,UB::Western-Palearctic::Common ,https://avibase.bsc-eoc.org/species.jsp?avibaseid=489F3A6AE9786396,Least concern
Otus lettia,,,
Otus gurneyi,,,
Otus lempiji,,,
Otus semitorques,,,
Otus silvicola,,,
Otus fuliginosus,,,
Otus megalotis,,,
Otus everetti,,,
Otus nigrorum,,,
Otus mindorensis,,,
Otus magicus,,,
Otus tempestatis,,,
Otus jolandae,,,
Otus podarginus,,,
Otus mantananensis,,,
Otus elegans,,,
Otus manadensis,,,
Otus mendeni,,,
Otus collari,,,
Otus siaoensis,,,
Otus sulaensis,,,
Otus beccarii,,,
Otus umbra,,,
Otus enganensis,,,
Otus alius,,,
Otus pamelae,UB::Western-Palearctic::Common ,https://avibase.bsc-eoc.org/species.jsp?avibaseid=FB19E2854842C43B,Least concern
Otus scops,UB::Western-Palearctic::Common ,https://avibase.bsc-eoc.org/species.jsp?avibaseid=2C7AA1546D80617E,Least concern
Otus cyprius,UB::Western-Palearctic::Common ,https://avibase.bsc-eoc.org/species.jsp?avibaseid=616A1359C42319B3,Least concern
Otus bikegila,,,
Otus pembaensis,,,
Otus hartlaubi,,,
Otus senegalensis,,,
Otus brucei,UB::Western-Palearctic::Common ,https://avibase.bsc-eoc.org/species.jsp?avibaseid=08C90B0FEAD6B9AF,Least concern
Otus mirus,,,
Otus longicornis,,,
Otus moheliensis,,,
Otus pauliani,,,
Otus insularis,,,
Otus sunia,UB::Western-Palearctic::Common ,https://avibase.bsc-eoc.org/species.jsp?avibaseid=DD855E67383228E3,Least concern
Otus socotranus,,,
Otus capnodes,,,
Otus mayottensis,,,
Otus grucheti,,,
Otus murivorus,,,
Otus sauzieri,,,
Otus rutilus,,,
Psiloscops flammeolus,,,
Gymnasio nudipes,,,
Megascops clarkii,,,
Megascops trichopsis,,,
Megascops albogularis,,,
Megascops choliba,,,
Megascops koepckeae,,,
Megascops ingens,,,
Megascops petersoni,,,
Megascops marshalli,,,
Megascops hoyi,,,
Megascops guatemalae,,,
Megascops centralis,,,
Megascops roraimae,,,
Megascops sanctaecatarinae,,,
Megascops barbarus,,,
Megascops seductus,,,
Megascops cooperi,,,
Megascops kennicottii,,,
Megascops asio,,,
Megascops gilesi,,,
Megascops roboratus,,,
Megascops watsonii,,,
Megascops atricapilla,,,
Margarobyas lawrencii,,,
Ptilopsis leucotis,,,
Ptilopsis granti,,,
Lophostrix cristata,,,
Jubula lettii,,,
Pulsatrix perspicillata,,,
Pulsatrix koeniswaldiana,,,
Pulsatrix melanota,,,
Bubo scandiacus,UB::Western-Palearctic::Common ,https://avibase.bsc-eoc.org/species.jsp?avibaseid=5B23B360E7DEC4A9,Vulnerable
Bubo virginianus,,,
Bubo magellanicus,,,
Bubo bengalensis,,,
Bubo cinerascens,,,
Bubo africanus,,,
Bubo milesi,,,
Bubo capensis,,,
Bubo ascalaphus,UB::Western-Palearctic::Common ,https://avibase.bsc-eoc.org/species.jsp?avibaseid=9FD4D3D96813BCD3,Least concern
Bubo bubo,UB::Western-Palearctic::Common ,https://avibase.bsc-eoc.org/species.jsp?avibaseid=5516AEB347441B72,Least concern
Ketupa poensis,,,
Ketupa leucosticta,,,
Ketupa lactea,,,
Ketupa shelleyi,,,
Ketupa blakistoni,,,
Ketupa ketupu,,,
Ketupa zeylonensis,UB::Western-Palearctic::Common ,https://avibase.bsc-eoc.org/species.jsp?avibaseid=CFDF9E89DD4CE1D4,Least concern
Ketupa flavipes,,,
Ketupa coromanda,,,
Ketupa nipalensis,,,
Ketupa sumatrana,,,
Ketupa philippensis,,,
Scotopelia peli,,,
Scotopelia ussheri,,,
Scotopelia bouvieri,,,
Surnia ulula,UB::Western-Palearctic::Common ,https://avibase.bsc-eoc.org/species.jsp?avibaseid=C2018A5DD8CDB5F5,Least concern
Glaucidium passerinum,UB::Western-Palearctic::Common ,https://avibase.bsc-eoc.org/species.jsp?avibaseid=79E2AC7C3122B93F,Least concern
Glaucidium perlatum,,,
Glaucidium gnoma,,,
Glaucidium costaricanum,,,
Glaucidium nubicola,,,
Glaucidium jardinii,,,
Glaucidium bolivianum,,,
Glaucidium parkeri,,,
Glaucidium griseiceps,,,
Glaucidium sanchezi,,,
Glaucidium palmarum,,,
Glaucidium hardyi,,,
Glaucidium mooreorum,,,
Glaucidium minutissimum,,,
Glaucidium brasilianum,,,
Glaucidium nana,,,
Glaucidium peruanum,,,
Glaucidium siju,,,
Glaucidium tephronotum,,,
Glaucidium sjostedti,,,
Glaucidium cuculoides,,,
Glaucidium castanopterum,,,
Glaucidium radiatum,,,
Glaucidium castanotum,,,
Glaucidium capense,,,
Glaucidium albertinum,,,
Taenioptynx brodiei,,,
Taenioptynx sylvaticus,,,
Micrathene whitneyi,,,
Xenoglaux loweryi,,,
Athene brama,UB::Western-Palearctic::Common ,https://avibase.bsc-eoc.org/species.jsp?avibaseid=DDE6A35290A28441,Least concern
Athene noctua,UB::Western-Palearctic::Common ,https://avibase.bsc-eoc.org/species.jsp?avibaseid=9A7B268C4EF6F803,Least concern
Athene blewitti,,,
Athene jacquinoti,,,
Athene granti,,,
Athene malaitae,,,
Athene roseoaxillaris,,,
Athene superciliaris,,,
Athene cunicularia,,,
Strix virgata,,,
Strix nigrolineata,,,
Strix huhula,,,
Strix albitarsis,,,
Strix seloputo,,,
Strix ocellata,,,
Strix leptogrammica,,,
Strix aluco,UB::Western-Palearctic::Common ,https://avibase.bsc-eoc.org/species.jsp?avibaseid=612B4380B3AF772A,Least concern
Strix nivicolum,,,
Strix hadorami,UB::Western-Palearctic::Common ,https://avibase.bsc-eoc.org/species.jsp?avibaseid=F6F873494FC088BD,Least concern
Strix butleri,UB::Western-Palearctic::Common ,https://avibase.bsc-eoc.org/species.jsp?avibaseid=6590EFD471E175D2,Least concern
Strix occidentalis,,,
Strix varia,,,
Strix sartorii,,,
Strix fulvescens,,,
Strix hylophila,,,
Strix rufipes,,,
Strix chacoensis,,,
Strix uralensis,UB::Western-Palearctic::Common ,https://avibase.bsc-eoc.org/species.jsp?avibaseid=93486A5625828721,Least concern
Strix nebulosa,UB::Western-Palearctic::Common ,https://avibase.bsc-eoc.org/species.jsp?avibaseid=FA36ABE544B38D79,Least concern
Strix woodfordii,,,
Asio grammicus,,,
Asio otus,UB::Western-Palearctic::Common ,https://avibase.bsc-eoc.org/species.jsp?avibaseid=FC4D40D2D5CEA6BE,Least concern
Asio abyssinicus,,,
Asio madagascariensis,,,
Asio clamator,,,
Asio stygius,,,
Asio flammeus,UB::Western-Palearctic::Common ,https://avibase.bsc-eoc.org/species.jsp?avibaseid=8F123A11E5DADFDD,Least concern
Asio capensis,UB::Western-Palearctic::Common ,https://avibase.bsc-eoc.org/species.jsp?avibaseid=83E21A8422006EB7,Least concern
Asio solomonensis,,,
Aegolius funereus,UB::Western-Palearctic::Common ,https://avibase.bsc-eoc.org/species.jsp?avibaseid=8AB4EAF6DBFA02CE,Least concern
Aegolius acadicus,,,
Aegolius gradyi,,,
Aegolius ridgwayi,,,
Aegolius harrisii,,,
Ninox rufa,,,
Ninox strenua,,,
Ninox connivens,,,
Ninox rudolfi,,,
Ninox affinis,,,
Ninox boobook,,,
Ninox rotiensis,,,
Ninox fusca,,,
Ninox plesseni,,,
Ninox leucopsis,,,
Ninox novaeseelandiae,,,
Ninox albifacies,,,
Ninox sumbaensis,,,
Ninox scutulata,UB::Western-Palearctic::Common ,https://avibase.bsc-eoc.org/species.jsp?avibaseid=A5AC4024C0C46CB7,Least concern
Ninox obscura,,,
Ninox japonica,UB::Western-Palearctic::Common ,https://avibase.bsc-eoc.org/species.jsp?avibaseid=A6052ECBFDA47AF3,Least concern
Ninox randi,,,
Ninox philippensis,,,
Ninox spilocephala,,,
Ninox mindorensis,,,
Ninox spilonotus,,,
Ninox rumseyi,,,
Ninox leventisi,,,
Ninox reyi,,,
Ninox ochracea,,,
Ninox burhani,,,
Ninox ios,,,
Ninox hypogramma,,,
Ninox forbesi,,,
Ninox squamipila,,,
Ninox hantu,,,
Ninox natalis,,,
Ninox theomacha,,,
Ninox meeki,,,
Ninox punctulata,,,
Ninox variegata,,,
Ninox odiosa,,,
Uroglaux dimorpha,,,
Colius striatus,,,
Colius leucocephalus,,,
Colius castanotus,,,
Colius colius,,,
Urocolius macrourus,UB::Western-Palearctic::Common ,https://avibase.bsc-eoc.org/species.jsp?avibaseid=E45D9EB2FE2364EE,Least concern
Urocolius indicus,,,
Leptosomus discolor,,,
Apaloderma narina,,,
Apaloderma aequatoriale,,,
Apaloderma vittatum,,,
Apalharpactes reinwardtii,,,
Apalharpactes mackloti,,,
Harpactes oreskios,,,
Harpactes fasciatus,,,
Harpactes kasumba,,,
Harpactes diardii,,,
Harpactes ardens,,,
Harpactes whiteheadi,,,
Harpactes orrhophaeus,,,
Harpactes duvaucelii,,,
Harpactes erythrocephalus,,,
Harpactes wardi,,,
Euptilotis neoxenus,,,
Pharomachrus pavoninus,,,
Pharomachrus auriceps,,,
Pharomachrus mocinno,,,
Pharomachrus fulgidus,,,
Pharomachrus antisianus,,,
Priotelus temnurus,,,
Priotelus roseigaster,,,
Trogon clathratus,,,
Trogon massena,,,
Trogon comptus,,,
Trogon mesurus,,,
Trogon melanurus,,,
Trogon melanocephalus,,,
Trogon citreolus,,,
Trogon chionurus,,,
Trogon viridis,,,
Trogon bairdii,,,
Trogon caligatus,,,
Trogon violaceus,,,
Trogon ramonianus,,,
Trogon curucui,,,
Trogon surrucura,,,
Trogon tenellus,,,
Trogon cupreicauda,,,
Trogon rufus,,,
Trogon chrysochloros,,,
Trogon ambiguus,,,
Trogon elegans,,,
Trogon mexicanus,,,
Trogon collaris,,,
Trogon personatus,,,
Upupa epops,UB::Western-Palearctic::Common ,https://avibase.bsc-eoc.org/species.jsp?avibaseid=FA2F91259125A6FA,Least concern
Upupa marginata,,,
Upupa antaios,,,
Phoeniculus purpureus,,,
Phoeniculus damarensis,,,
Phoeniculus somaliensis,,,
Phoeniculus bollei,,,
Rhinopomastus castaneiceps,,,
Rhinopomastus aterrimus,,,
Rhinopomastus cyanomelas,,,
Rhinopomastus minor,,,
Bucorvus abyssinicus,,,
Bucorvus leadbeateri,,,
Lophoceros camurus,,,
Lophoceros alboterminatus,,,
Lophoceros bradfieldi,,,
Lophoceros semifasciatus,,,
Lophoceros fasciatus,,,
Lophoceros hemprichii,,,
Lophoceros nasutus,,,
Lophoceros pallidirostris,,,
Tockus flavirostris,,,
Tockus leucomelas,,,
Tockus jacksoni,,,
Tockus deckeni,,,
Tockus monteiri,,,
Tockus rufirostris,,,
Tockus damarensis,,,
Tockus ruahae,,,
Tockus kempi,,,
Tockus erythrorhynchus,,,
Berenicornis comatus,,,
Horizocerus albocristatus,,,
Horizocerus cassini,,,
Horizocerus hartlaubi,,,
Horizocerus granti,,,
Ceratogymna elata,,,
Ceratogymna atrata,,,
Bycanistes brevis,,,
Bycanistes subcylindricus,,,
Bycanistes cylindricus,,,
Bycanistes albotibialis,,,
Bycanistes bucinator,,,
Bycanistes fistulator,,,
Rhinoplax vigil,,,
Buceros hydrocorax,,,
Buceros rhinoceros,,,
Buceros bicornis,,,
Anorrhinus galeritus,,,
Anorrhinus austeni,,,
Anorrhinus tickelli,,,
Ocyceros birostris,,,
Ocyceros griseus,,,
Ocyceros gingalensis,,,
Anthracoceros malayanus,,,
Anthracoceros montani,,,
Anthracoceros coronatus,,,
Anthracoceros albirostris,,,
Anthracoceros marchei,,,
Aceros nipalensis,,,
Rhyticeros cassidix,,,
Rhyticeros everetti,,,
Rhyticeros undulatus,,,
Rhyticeros subruficollis,,,
Rhyticeros narcondami,,,
Rhyticeros plicatus,,,
Rhabdotorrhinus exarhatus,,,
Rhabdotorrhinus corrugatus,,,
Rhabdotorrhinus waldeni,,,
Rhabdotorrhinus leucocephalus,,,
Penelopides panini,,,
Penelopides manillae,,,
Penelopides mindorensis,,,
Penelopides samarensis,,,
Penelopides affinis,,,
Nyctyornis amictus,,,
Nyctyornis athertoni,,,
Meropogon forsteni,,,
Merops gularis,,,
Merops mentalis,,,
Merops muelleri,,,
Merops bulocki,,,
Merops bullockoides,,,
Merops pusillus,,,
Merops variegatus,,,
Merops lafresnayii,,,
Merops oreobates,,,
Merops hirundineus,,,
Merops breweri,,,
Merops revoilii,,,
Merops albicollis,UB::Western-Palearctic::Rare/Accidental ,https://avibase.bsc-eoc.org/species.jsp?avibaseid=03C4A0C92560EB26,Least concern
Merops viridissimus,UB::Western-Palearctic::Common ,https://avibase.bsc-eoc.org/species.jsp?avibaseid=0AAA530E40F8F610,Least concern
Merops cyanophrys,UB::Western-Palearctic::Common ,https://avibase.bsc-eoc.org/species.jsp?avibaseid=681DC9138022A816,Least concern
Merops orientalis,UB::Western-Palearctic::Common ,https://avibase.bsc-eoc.org/species.jsp?avibaseid=759AD1FB7E4EDF8C,Least concern
Merops boehmi,,,
Merops viridis,,,
Merops americanus,,,
Merops persicus,UB::Western-Palearctic::Common ,https://avibase.bsc-eoc.org/species.jsp?avibaseid=6EE4511347F342C4,Least concern
Merops superciliosus,UB::Western-Palearctic::Rare/Accidental ,https://avibase.bsc-eoc.org/species.jsp?avibaseid=AC89B8FF845CAECF,Least concern
Merops philippinus,,,
Merops ornatus,,,
Merops apiaster,UB::Western-Palearctic::Common ,https://avibase.bsc-eoc.org/species.jsp?avibaseid=66AA3934DBAD18BC,Least concern
Merops leschenaulti,,,
Merops malimbicus,,,
Merops nubicus,,,
Merops nubicoides,,,
Todus multicolor,,,
Todus subulatus,,,
Todus angustirostris,,,
Todus todus,,,
Todus mexicanus,,,
Hylomanes momotula,,,
Aspatha gularis,,,
Momotus mexicanus,,,
Momotus coeruliceps,,,
Momotus lessonii,,,
Momotus subrufescens,,,
Momotus bahamensis,,,
Momotus momota,,,
Momotus aequatorialis,,,
Baryphthengus martii,,,
Baryphthengus ruficapillus,,,
Electron carinatum,,,
Electron platyrhynchum,,,
Eumomota superciliosa,,,
Alcedo hercules,,,
Alcedo atthis,UB::Western-Palearctic::Common ,https://avibase.bsc-eoc.org/species.jsp?avibaseid=9505E03D7416B365,Least concern
Alcedo semitorquata,,,
Alcedo quadribrachys,,,
Alcedo meninting,,,
Alcedo peninsulae,,,
Alcedo euryzona,,,
Alcedo coerulescens,,,
Ceyx azureus,,,
Ceyx websteri,,,
Ceyx cyanopectus,,,
Ceyx flumenicola,,,
Ceyx argentatus,,,
Ceyx pusillus,,,
Ceyx erithaca,,,
Ceyx rufidorsa,,,
Ceyx melanurus,,,
Ceyx sangirensis,,,
Ceyx fallax,,,
Ceyx margarethae,,,
Ceyx wallacii,,,
Ceyx lepidus,,,
Ceyx cajeli,,,
Ceyx solitarius,,,
Ceyx dispar,,,
Ceyx mulcatus,,,
Ceyx sacerdotis,,,
Ceyx collectoris,,,
Ceyx meeki,,,
Ceyx nigromaxilla,,,
Ceyx gentianus,,,
Corythornis cristatus,,,
Corythornis vintsioides,,,
Corythornis leucogaster,,,
Corythornis madagascariensis,,,
Ispidina picta,,,
Ispidina lecontei,,,
Lacedo pulchella,,,
Dacelo novaeguineae,,,
Dacelo leachii,,,
Dacelo tyro,,,
Dacelo gaudichaud,,,
Dacelo rex,,,
Cittura sanghirensis,,,
Cittura cyanotis,,,
Pelargopsis amauroptera,,,
Pelargopsis capensis,,,
Pelargopsis melanorhyncha,,,
Halcyon coromanda,,,
Halcyon badia,,,
Halcyon smyrnensis,UB::Western-Palearctic::Common ,https://avibase.bsc-eoc.org/species.jsp?avibaseid=B30B6781677CE7D4,Least concern
Halcyon gularis,,,
Halcyon leucocephala,UB::Western-Palearctic::Common ,https://avibase.bsc-eoc.org/species.jsp?avibaseid=178B6892F59B71D3,Least concern
Halcyon pileata,,,
Halcyon cyanoventris,,,
Halcyon senegalensis,,,
Halcyon senegaloides,,,
Halcyon malimbica,,,
Halcyon albiventris,,,
Halcyon chelicuti,,,
Todiramphus nigrocyaneus,,,
Todiramphus winchelli,,,
Todiramphus diops,,,
Todiramphus lazuli,,,
Todiramphus pyrrhopygius,,,
Todiramphus macleayii,,,
Todiramphus albonotatus,,,
Todiramphus leucopygius,,,
Todiramphus farquhari,,,
Todiramphus godeffroyi,,,
Todiramphus ruficollaris,,,
Todiramphus veneratus,,,
Todiramphus gambieri,,,
Todiramphus tutus,,,
Todiramphus sacer,,,
Todiramphus pelewensis,,,
Todiramphus cinnamominus,,,
Todiramphus reichenbachii,,,
Todiramphus recurvirostris,,,
Todiramphus colonus,,,
Todiramphus sordidus,,,
Todiramphus sanctus,,,
Todiramphus chloris,UB::Western-Palearctic::Common ,https://avibase.bsc-eoc.org/species.jsp?avibaseid=5DA28D375F27F00A,Least concern
Todiramphus saurophagus,,,
Todiramphus albicilla,,,
Todiramphus tristrami,,,
Todiramphus funebris,,,
Todiramphus enigma,,,
Todiramphus australasia,,,
Caridonax fulgidus,,,
Melidora macrorrhina,,,
Actenoides bougainvillei,,,
Actenoides concretus,,,
Actenoides lindsayi,,,
Actenoides hombroni,,,
Actenoides monachus,,,
Actenoides princeps,,,
Syma torotoro,,,
Syma megarhyncha,,,
Tanysiptera hydrocharis,,,
Tanysiptera galatea,,,
Tanysiptera ellioti,,,
Tanysiptera riedelii,,,
Tanysiptera carolinae,,,
Tanysiptera nympha,,,
Tanysiptera danae,,,
Tanysiptera sylvia,,,
Tanysiptera nigriceps,,,
Megaceryle maxima,,,
Megaceryle lugubris,,,
Megaceryle torquata,,,
Megaceryle alcyon,UB::Western-Palearctic::Rare/Accidental ,https://avibase.bsc-eoc.org/species.jsp?avibaseid=3558066B4F7EEB8E,Least concern
Ceryle rudis,UB::Western-Palearctic::Common ,https://avibase.bsc-eoc.org/species.jsp?avibaseid=8205077FA2E98715,Least concern
Chloroceryle amazona,,,
Chloroceryle aenea,,,
Chloroceryle americana,,,
Chloroceryle inda,,,
Coracias garrulus,UB::Western-Palearctic::Common ,https://avibase.bsc-eoc.org/species.jsp?avibaseid=7451A628C39538C5,Least concern
Coracias abyssinicus,UB::Western-Palearctic::Rare/Accidental ,https://avibase.bsc-eoc.org/species.jsp?avibaseid=E7C7EE3AC6A45C81,Least concern
Coracias caudatus,,,
Coracias spatulatus,,,
Coracias naevius,,,
Coracias benghalensis,UB::Western-Palearctic::Common ,https://avibase.bsc-eoc.org/species.jsp?avibaseid=4F404CB97EC589F3,Least concern
Coracias affinis,,,
Coracias temminckii,,,
Coracias cyanogaster,,,
Eurystomus glaucurus,UB::Western-Palearctic::Rare/Accidental ,https://avibase.bsc-eoc.org/species.jsp?avibaseid=4F01F4165EC3954E,Least concern
Eurystomus gularis,,,
Eurystomus orientalis,,,
Eurystomus azureus,,,
Geobiastes squamiger,,,
Brachypteracias leptosomus,,,
Uratelornis chimaera,,,
Atelornis pittoides,,,
Atelornis crossleyi,,,
Notharchus hyperrhynchus,,,
Notharchus macrorhynchos,,,
Notharchus swainsoni,,,
Notharchus pectoralis,,,
Notharchus ordii,,,
Notharchus tectus,,,
Bucco macrodactylus,,,
Bucco tamatia,,,
Bucco noanamae,,,
Bucco capensis,,,
Nystalus radiatus,,,
Nystalus obamai,,,
Nystalus striolatus,,,
Nystalus chacuru,,,
Nystalus maculatus,,,
Hypnelus ruficollis,,,
Hypnelus bicinctus,,,
Malacoptila fusca,,,
Malacoptila semicincta,,,
Malacoptila striata,,,
Malacoptila rufa,,,
Malacoptila panamensis,,,
Malacoptila fulvogularis,,,
Malacoptila mystacalis,,,
Micromonacha lanceolata,,,
Nonnula rubecula,,,
Nonnula sclateri,,,
Nonnula brunnea,,,
Nonnula frontalis,,,
Nonnula ruficapilla,,,
Nonnula amaurocephala,,,
Hapaloptila castanea,,,
Monasa atra,,,
Monasa nigrifrons,,,
Monasa morphoeus,,,
Monasa flavirostris,,,
Chelidoptera tenebrosa,,,
Galbalcyrhynchus leucotis,,,
Galbalcyrhynchus purusianus,,,
Brachygalba albogularis,,,
Brachygalba lugubris,,,
Brachygalba goeringi,,,
Brachygalba salmoni,,,
Jacamaralcyon tridactyla,,,
Galbula albirostris,,,
Galbula cyanicollis,,,
Galbula ruficauda,,,
Galbula galbula,,,
Galbula tombacea,,,
Galbula cyanescens,,,
Galbula pastazae,,,
Galbula chalcothorax,,,
Galbula leucogastra,,,
Galbula dea,,,
Jacamerops aureus,,,
Trachylaemus goffinii,,,
Trachylaemus purpuratus,,,
Trachyphonus vaillantii,,,
Trachyphonus erythrocephalus,,,
Trachyphonus margaritatus,,,
Trachyphonus darnaudii,,,
Cryptolybia olivacea,,,
Gymnobucco bonapartei,,,
Gymnobucco sladeni,,,
Gymnobucco peli,,,
Gymnobucco calvus,,,
Stactolaema leucotis,,,
Stactolaema whytii,,,
Stactolaema anchietae,,,
Pogoniulus scolopaceus,,,
Pogoniulus simplex,,,
Pogoniulus leucomystax,,,
Pogoniulus coryphaea,,,
Pogoniulus atroflavus,,,
Pogoniulus subsulphureus,,,
Pogoniulus bilineatus,,,
Pogoniulus uropygialis,,,
Pogoniulus pusillus,,,
Pogoniulus chrysoconus,,,
Buccanodon duchaillui,,,
Tricholaema hirsuta,,,
Tricholaema diademata,,,
Tricholaema frontata,,,
Tricholaema leucomelas,,,
Tricholaema lacrymosa,,,
Tricholaema melanocephala,,,
Lybius undatus,,,
Lybius vieilloti,,,
Lybius leucocephalus,,,
Lybius chaplini,,,
Lybius rubrifacies,,,
Lybius guifsobalito,,,
Lybius torquatus,,,
Pogonornis melanopterus,,,
Pogonornis minor,,,
Pogonornis bidentatus,,,
Pogonornis dubius,,,
Pogonornis rolleti,,,
Caloramphus hayii,,,
Caloramphus fuliginosus,,,
Psilopogon malabaricus,,,
Psilopogon rubricapillus,,,
Psilopogon haemacephalus,,,
Psilopogon cyanotis,,,
Psilopogon duvaucelii,,,
Psilopogon australis,,,
Psilopogon eximius,,,
Psilopogon pyrolophus,,,
Psilopogon virens,,,
Psilopogon lagrandieri,,,
Psilopogon rafflesii,,,
Psilopogon mystacophanos,,,
Psilopogon javensis,,,
Psilopogon pulcherrimus,,,
Psilopogon henricii,,,
Psilopogon armillaris,,,
Psilopogon faiostrictus,,,
Psilopogon lineatus,,,
Psilopogon zeylanicus,,,
Psilopogon viridis,,,
Psilopogon flavifrons,,,
Psilopogon franklinii,,,
Psilopogon auricularis,,,
Psilopogon monticola,,,
Psilopogon corvinus,,,
Psilopogon chrysopogon,,,
Psilopogon incognitus,,,
Psilopogon nuchalis,,,
Psilopogon faber,,,
Psilopogon asiaticus,,,
Psilopogon annamensis,,,
Psilopogon oorti,,,
Psilopogon chersonesus,,,
Capito aurovirens,,,
Capito dayi,,,
Capito maculicoronatus,,,
Capito squamatus,,,
Capito hypoleucus,,,
Capito wallacei,,,
Capito fitzpatricki,,,
Capito quinticolor,,,
Capito brunneipectus,,,
Capito niger,,,
Capito auratus,,,
Eubucco richardsoni,,,
Eubucco tucinkae,,,
Eubucco bourcierii,,,
Eubucco versicolor,,,
Semnornis frantzii,,,
Semnornis ramphastinus,,,
Aulacorhynchus prasinus,,,
Aulacorhynchus albivitta,,,
Aulacorhynchus sulcatus,,,
Aulacorhynchus derbianus,,,
Aulacorhynchus whitelianus,,,
Aulacorhynchus haematopygus,,,
Aulacorhynchus huallagae,,,
Aulacorhynchus coeruleicinctis,,,
Andigena hypoglauca,,,
Andigena laminirostris,,,
Andigena cucullata,,,
Andigena nigrirostris,,,
Pteroglossus bailloni,,,
Pteroglossus viridis,,,
Pteroglossus inscriptus,,,
Pteroglossus torquatus,,,
Pteroglossus erythropygius,,,
Pteroglossus frantzii,,,
Pteroglossus aracari,,,
Pteroglossus castanotis,,,
Pteroglossus pluricinctus,,,
Pteroglossus azara,,,
Pteroglossus beauharnaisii,,,
Pteroglossus bitorquatus,,,
Selenidera spectabilis,,,
Selenidera piperivora,,,
Selenidera reinwardtii,,,
Selenidera nattereri,,,
Selenidera gouldii,,,
Selenidera maculirostris,,,
Ramphastos toco,,,
Ramphastos ambiguus,,,
Ramphastos tucanus,,,
Ramphastos sulfuratus,,,
Ramphastos brevis,,,
Ramphastos vitellinus,,,
Ramphastos dicolorus,,,
Prodotiscus insignis,,,
Prodotiscus zambesiae,,,
Prodotiscus regulus,,,
Melignomon zenkeri,,,
Melignomon eisentrauti,,,
Indicator pumilio,,,
Indicator willcocksi,,,
Indicator meliphilus,,,
Indicator exilis,,,
Indicator minor,,,
Indicator maculatus,,,
Indicator variegatus,,,
Indicator xanthonotus,,,
Indicator archipelagicus,,,
Indicator indicator,,,
Melichneutes robustus,,,
Jynx torquilla,UB::Western-Palearctic::Common ,https://avibase.bsc-eoc.org/species.jsp?avibaseid=B2E6AB9FC2608DFA,Least concern
Jynx ruficollis,,,
Picumnus innominatus,,,
Picumnus aurifrons,,,
Picumnus pumilus,,,
Picumnus lafresnayi,,,
Picumnus exilis,,,
Picumnus sclateri,,,
Picumnus squamulatus,,,
Picumnus spilogaster,,,
Picumnus minutissimus,,,
Picumnus pygmaeus,,,
Picumnus steindachneri,,,
Picumnus varzeae,,,
Picumnus cirratus,,,
Picumnus dorbignyanus,,,
Picumnus temminckii,,,
Picumnus albosquamatus,,,
Picumnus fuscus,,,
Picumnus rufiventris,,,
Picumnus limae,,,
Picumnus nebulosus,,,
Picumnus castelnau,,,
Picumnus subtilis,,,
Picumnus olivaceus,,,
Picumnus granadensis,,,
Picumnus cinnamomeus,,,
Verreauxia africana,,,
Sasia abnormis,,,
Sasia ochracea,,,
Nesoctites micromegas,,,
Hemicircus concretus,,,
Hemicircus canente,,,
Sphyrapicus thyroideus,,,
Sphyrapicus varius,UB::Western-Palearctic::Rare/Accidental ,https://avibase.bsc-eoc.org/species.jsp?avibaseid=9BE68BD390E0D2FF,Least concern
Sphyrapicus nuchalis,,,
Sphyrapicus ruber,,,
Xiphidiopicus percussus,,,
Melanerpes candidus,,,
Melanerpes lewis,,,
Melanerpes herminieri,,,
Melanerpes portoricensis,,,
Melanerpes erythrocephalus,,,
Melanerpes formicivorus,,,
Melanerpes chrysauchen,,,
Melanerpes cruentatus,,,
Melanerpes flavifrons,,,
Melanerpes pulcher,,,
Melanerpes pucherani,,,
Melanerpes cactorum,,,
Melanerpes striatus,,,
Melanerpes radiolatus,,,
Melanerpes chrysogenys,,,
Melanerpes hypopolius,,,
Melanerpes pygmaeus,,,
Melanerpes rubricapillus,,,
Melanerpes uropygialis,,,
Melanerpes hoffmannii,,,
Melanerpes aurifrons,,,
Melanerpes carolinus,,,
Melanerpes superciliaris,,,
Picoides tridactylus,UB::Western-Palearctic::Common ,https://avibase.bsc-eoc.org/species.jsp?avibaseid=05B8A4F150564A49,Least concern
Picoides dorsalis,,,
Picoides arcticus,,,
Yungipicus temminckii,,,
Yungipicus maculatus,,,
Yungipicus ramsayi,,,
Yungipicus nanus,,,
Yungipicus moluccensis,,,
Yungipicus canicapillus,,,
Yungipicus kizuki,,,
Leiopicus mahrattensis,,,
Dendrocoptes medius,UB::Western-Palearctic::Common ,https://avibase.bsc-eoc.org/species.jsp?avibaseid=504B2FD466B8E1D8,Least concern
Dendrocoptes auriceps,,,
Dendrocoptes dorae,,,
Chloropicus pyrrhogaster,,,
Chloropicus xantholophus,,,
Chloropicus namaquus,,,
Dendropicos abyssinicus,,,
Dendropicos lugubris,,,
Dendropicos gabonensis,,,
Dendropicos elliotii,,,
Dendropicos elachus,,,
Dendropicos poecilolaemus,,,
Dendropicos fuscescens,,,
Dendropicos stierlingi,,,
Dendropicos obsoletus,,,
Dendropicos goertae,UB::Western-Palearctic::Rare/Accidental ,https://avibase.bsc-eoc.org/species.jsp?avibaseid=E5DF48FC7F1FCF42,Least concern
Dendropicos spodocephalus,UB::Western-Palearctic::Common ,https://avibase.bsc-eoc.org/species.jsp?avibaseid=902E9F6926FDB376,Least concern
Dendropicos griseocephalus,,,
Dendrocopos hyperythrus,,,
Dendrocopos macei,,,
Dendrocopos analis,,,
Dendrocopos atratus,,,
Dendrocopos noguchii,,,
Dendrocopos leucotos,UB::Western-Palearctic::Common ,https://avibase.bsc-eoc.org/species.jsp?avibaseid=4507ACD713D16392,Least concern
Dendrocopos darjellensis,,,
Dendrocopos major,UB::Western-Palearctic::Common ,https://avibase.bsc-eoc.org/species.jsp?avibaseid=D754DB8552A7AA42,Least concern
Dendrocopos leucopterus,UB::Western-Palearctic::Common ,https://avibase.bsc-eoc.org/species.jsp?avibaseid=E8AFCFD1BB08591C,Least concern
Dendrocopos himalayensis,,,
Dendrocopos syriacus,UB::Western-Palearctic::Common ,https://avibase.bsc-eoc.org/species.jsp?avibaseid=3F54E5FDCF8CFA47,Least concern
Dendrocopos assimilis,UB::Western-Palearctic::Common ,https://avibase.bsc-eoc.org/species.jsp?avibaseid=36520374D06999E1,Least concern
Dryobates minor,UB::Western-Palearctic::Common ,https://avibase.bsc-eoc.org/species.jsp?avibaseid=AB2F4BC0659B6630,Least concern
Dryobates cathpharius,,,
Dryobates pernyii,,,
Dryobates pubescens,,,
Dryobates nuttallii,,,
Dryobates scalaris,,,
Leuconotopicus borealis,,,
Leuconotopicus villosus,,,
Leuconotopicus albolarvatus,,,
Leuconotopicus fumigatus,,,
Leuconotopicus stricklandi,,,
Leuconotopicus arizonae,,,
Veniliornis kirkii,,,
Veniliornis cassini,,,
Veniliornis spilogaster,,,
Veniliornis mixtus,,,
Veniliornis lignarius,,,
Veniliornis sanguineus,,,
Veniliornis passerinus,,,
Veniliornis frontalis,,,
Veniliornis callonotus,,,
Veniliornis dignus,,,
Veniliornis nigriceps,,,
Veniliornis affinis,,,
Veniliornis chocoensis,,,
Veniliornis maculifrons,,,
Blythipicus rubiginosus,,,
Blythipicus pyrrhotis,,,
Chrysocolaptes validus,,,
Chrysocolaptes guttacristatus,,,
Chrysocolaptes socialis,,,
Chrysocolaptes strictus,,,
Chrysocolaptes haematribon,,,
Chrysocolaptes xanthocephalus,,,
Chrysocolaptes lucidus,,,
Chrysocolaptes erythrocephalus,,,
Chrysocolaptes stricklandi,,,
Chrysocolaptes festivus,,,
Campephilus pollens,,,
Campephilus haematogaster,,,
Campephilus rubricollis,,,
Campephilus robustus,,,
Campephilus melanoleucos,,,
Campephilus guatemalensis,,,
Campephilus gayaquilensis,,,
Campephilus leucopogon,,,
Campephilus magellanicus,,,
Campephilus principalis,,,
Campephilus imperialis,,,
Micropternus brachyurus,,,
Meiglyptes tukki,,,
Meiglyptes grammithorax,,,
Meiglyptes tristis,,,
Meiglyptes jugularis,,,
Gecinulus grantia,,,
Gecinulus viridis,,,
Gecinulus rafflesii,,,
Dinopium shorii,,,
Dinopium javanense,,,
Dinopium everetti,,,
Dinopium benghalense,,,
Dinopium psarodes,,,
Picus chlorolophus,,,
Picus puniceus,,,
Picus xanthopygaeus,,,
Picus squamatus,,https://avibase.bsc-eoc.org/species.jsp?avibaseid=886871E9C53B6D33,Least concern
Picus rabieri,,,
Picus viridanus,,,
Picus vittatus,,,
Picus awokera,,,
Picus canus,UB::Western-Palearctic::Common ,https://avibase.bsc-eoc.org/species.jsp?avibaseid=BC863B3AC0DB9AAA,Least concern
Picus erythropygius,,,
Picus vaillantii,UB::Western-Palearctic::Common ,https://avibase.bsc-eoc.org/species.jsp?avibaseid=42CF31E91ED562E1,Least concern
Picus viridis,UB::Western-Palearctic::Common ,https://avibase.bsc-eoc.org/species.jsp?avibaseid=A01014FF0A909DD8,Least concern
Picus sharpei,UB::Western-Palearctic::Common ,https://avibase.bsc-eoc.org/species.jsp?avibaseid=3D0793B8807DA439,Least concern
Chrysophlegma miniaceum,,,
Chrysophlegma flavinucha,,,
Chrysophlegma mentale,,,
Geocolaptes olivaceus,,,
Pardipicus caroli,,,
Pardipicus nivosus,,,
Campethera tullbergi,,,
Campethera taeniolaema,,,
Campethera maculosa,,,
Campethera nubica,,,
Campethera punctuligera,,,
Campethera bennettii,,,
Campethera scriptoricauda,,,
Campethera notata,,,
Campethera abingoni,,,
Campethera mombassica,,,
Mulleripicus fulvus,,,
Mulleripicus funebris,,,
Mulleripicus fuliginosus,,,
Mulleripicus pulverulentus,,,
Dryocopus lineatus,,,
Dryocopus pileatus,,,
Dryocopus schulzii,,,
Dryocopus javensis,,,
Dryocopus hodgei,,,
Dryocopus martius,UB::Western-Palearctic::Common ,https://avibase.bsc-eoc.org/species.jsp?avibaseid=EDB4BBA6E765E593,Least concern
Celeus loricatus,,,
Celeus torquatus,,,
Celeus galeatus,,,
Celeus castaneus,,,
Celeus undatus,,,
Celeus flavus,,,
Celeus spectabilis,,,
Celeus obrieni,,,
Celeus ochraceus,,,
Celeus elegans,,,
Celeus lugubris,,,
Celeus flavescens,,,
Piculus simplex,,,
Piculus callopterus,,,
Piculus leucolaemus,,,
Piculus litae,,,
Piculus flavigula,,,
Piculus chrysochloros,,,
Piculus aurulentus,,,
Colaptes rubiginosus,,,
Colaptes auricularis,,,
Colaptes rivolii,,,
Colaptes atricollis,,,
Colaptes punctigula,,,
Colaptes melanochloros,,,
Colaptes auratus,UB::Western-Palearctic::Common ,https://avibase.bsc-eoc.org/species.jsp?avibaseid=FF9D71AF908266A5,Least concern
Colaptes mexicanoides,,,
Colaptes chrysoides,,,
Colaptes oceanicus,,,
Colaptes fernandinae,,,
Colaptes pitius,,,
Colaptes rupicola,,,
Colaptes campestris,,,
Cariama cristata,,,
Chunga burmeisteri,,,
Herpetotheres cachinnans,,,
Micrastur buckleyi,,,
Micrastur semitorquatus,,,
Micrastur mirandollei,,,
Micrastur ruficollis,,,
Micrastur mintoni,,,
Micrastur plumbeus,,,
Micrastur gilvicollis,,,
Spiziapteryx circumcincta,,,
Caracara lutosa,,,
Caracara plancus,,,
Ibycter americanus,,,
Daptrius chimachima,,,
Daptrius ater,,,
Daptrius chimango,,,
Daptrius carunculatus,,,
Daptrius megalopterus,,,
Daptrius albogularis,,,
Daptrius australis,,,
Polihierax semitorquatus,,,
Microhierax erythrogenys,,,
Microhierax melanoleucos,,,
Microhierax caerulescens,,,
Microhierax fringillarius,,,
Microhierax latifrons,,,
Neohierax insignis,,,
Falco naumanni,UB::Western-Palearctic::Common ,https://avibase.bsc-eoc.org/species.jsp?avibaseid=BECA271F14F77BEE,Least concern
Falco tinnunculus,UB::Western-Palearctic::Common ,https://avibase.bsc-eoc.org/species.jsp?avibaseid=2DAB45B833D396A3,Least concern
Falco rupicolus,,,
Falco newtoni,,,
Falco punctatus,,,
Falco araeus,,,
Falco duboisi,,,
Falco moluccensis,,,
Falco cenchroides,,,
Falco rupicoloides,,,
Falco sparverius,UB::Western-Palearctic::Rare/Accidental ,https://avibase.bsc-eoc.org/species.jsp?avibaseid=20C2214E655A79AB,Least concern
Falco alopex,,,
Falco ardosiaceus,,,
Falco dickinsoni,,,
Falco zoniventris,,,
Falco chicquera,UB::Western-Palearctic::Common ,https://avibase.bsc-eoc.org/species.jsp?avibaseid=6A64EFCB88E3D2FC,Least concern
Falco vespertinus,UB::Western-Palearctic::Common ,https://avibase.bsc-eoc.org/species.jsp?avibaseid=997A9437E564FCFE,Vulnerable
Falco amurensis,UB::Western-Palearctic::Rare/Accidental ,https://avibase.bsc-eoc.org/species.jsp?avibaseid=E6137E65202F44F8,Least concern
Falco eleonorae,UB::Western-Palearctic::Common ,https://avibase.bsc-eoc.org/species.jsp?avibaseid=9EA1F12D48EB0120,Least concern
Falco concolor,UB::Western-Palearctic::Common ,https://avibase.bsc-eoc.org/species.jsp?avibaseid=BD34FDFDF01C246E,Vulnerable
Falco columbarius,UB::Western-Palearctic::Common ,https://avibase.bsc-eoc.org/species.jsp?avibaseid=F3DA111CC8A6841B,Least concern
Falco subbuteo,UB::Western-Palearctic::Common ,https://avibase.bsc-eoc.org/species.jsp?avibaseid=E91E287A2946B0C9,Least concern
Falco cuvierii,,,
Falco severus,,,
Falco longipennis,,,
Falco novaeseelandiae,,,
Falco berigora,,,
Falco hypoleucos,,,
Falco subniger,,,
Falco femoralis,,,
Falco rufigularis,,,
Falco deiroleucus,,,
Falco biarmicus,UB::Western-Palearctic::Common ,https://avibase.bsc-eoc.org/species.jsp?avibaseid=3D3808E38BB61165,Least concern
Falco jugger,UB::Western-Palearctic::Common ,https://avibase.bsc-eoc.org/species.jsp?avibaseid=9FB14C9047090AD1,Near-threatened
Falco cherrug,UB::Western-Palearctic::Common ,https://avibase.bsc-eoc.org/species.jsp?avibaseid=A9F5149411AE52AD,Endangered
Falco rusticolus,UB::Western-Palearctic::Common ,https://avibase.bsc-eoc.org/species.jsp?avibaseid=E19252A76FC7845B,Least concern
Falco peregrinus,UB::Western-Palearctic::Common ,https://avibase.bsc-eoc.org/species.jsp?avibaseid=47E5840880DC9FA8,Least concern
Falco mexicanus,,,
Falco fasciinucha,,,
Nestor notabilis,,,
Nestor productus,,,
Nestor meridionalis,,,
Strigops habroptilus,,,
Zanda funerea,,,
Zanda latirostris,,,
Zanda baudinii,,,
Calyptorhynchus banksii,,,
Calyptorhynchus lathami,,,
Nymphicus hollandicus,,,
Probosciger aterrimus,,,
Callocephalon fimbriatum,,,
Eolophus roseicapilla,,,
Cacatua leadbeateri,,,
Cacatua haematuropygia,,,
Cacatua goffiniana,,,
Cacatua ducorpsii,,,
Cacatua pastinator,,,
Cacatua sanguinea,,,
Cacatua tenuirostris,,,
Cacatua alba,,,
Cacatua ophthalmica,,,
Cacatua moluccensis,,,
Cacatua sulphurea,,,
Cacatua citrinocristata,,,
Cacatua galerita,,,
Psittrichas fulgidus,,,
Coracopsis vasa,,,
Coracopsis nigra,,,
Coracopsis sibilans,,,
Coracopsis barklyi,,,
Micropsitta keiensis,,,
Micropsitta geelvinkiana,,,
Micropsitta pusio,,,
Micropsitta bruijnii,,,
Micropsitta meeki,,,
Micropsitta finschii,,,
Polytelis swainsonii,,,
Polytelis anthopeplus,,,
Polytelis alexandrae,,,
Alisterus scapularis,,,
Alisterus amboinensis,,,
Alisterus chloropterus,,,
Aprosmictus jonquillaceus,,,
Aprosmictus erythropterus,,,
Prioniturus mada,,,
Prioniturus platurus,,,
Prioniturus waterstradti,,,
Prioniturus montanus,,,
Prioniturus platenae,,,
Prioniturus mindorensis,,,
Prioniturus verticalis,,,
Prioniturus flavicans,,,
Prioniturus luconensis,,,
Prioniturus discurus,,,
Eclectus roratus,,,
Eclectus cornelia,,,
Eclectus riedeli,,,
Eclectus polychloros,,,
Eclectus infectus,,,
Geoffroyus geoffroyi,,,
Geoffroyus simplex,,,
Geoffroyus heteroclitus,,,
Psittinus cyanurus,,,
Psittinus abbotti,,,
Mascarinus mascarinus,,,
Psittacula eupatria,UB::Western-Palearctic::Introduced-species ,https://avibase.bsc-eoc.org/species.jsp?avibaseid=1021FA920B6915F9,Near-threatened
Psittacula wardi,,,
Psittacula krameri,UB::Western-Palearctic::Common ,https://avibase.bsc-eoc.org/species.jsp?avibaseid=6B1CFC3CFA400D78,Least concern
Psittacula eques,,,
Psittacula himalayana,,,
Psittacula finschii,,,
Psittacula cyanocephala,,,
Psittacula roseata,,,
Psittacula columboides,,,
Psittacula calthrapae,,,
Psittacula derbiana,,,
Psittacula alexandri,,,
Psittacula caniceps,,,
Psittacula exsul,,,
Psittacula longicauda,,,
Psittacula bensoni,,,
Lophopsittacus mauritianus,,,
Necropsittacus rodricanus,,,
Psittacella picta,,,
Psittacella brehmii,,,
Psittacella modesta,,,
Psittacella madaraszi,,,
Tanygnathus gramineus,,,
Tanygnathus megalorynchos,,,
Tanygnathus lucionensis,,,
Tanygnathus everetti,,,
Tanygnathus sumatranus,,,
Pezoporus wallicus,,,
Pezoporus occidentalis,,,
Neopsephotus bourkii,,,
Neophema chrysostoma,,,
Neophema elegans,,,
Neophema petrophila,,,
Neophema chrysogaster,,,
Neophema pulchella,,,
Neophema splendida,,,
Lathamus discolor,,,
Prosopeia splendens,,,
Prosopeia tabuensis,,,
Prosopeia personata,,,
Eunymphicus cornutus,,,
Eunymphicus uvaeensis,,,
Cyanoramphus ulietanus,,,
Cyanoramphus zealandicus,,,
Cyanoramphus unicolor,,,
Cyanoramphus novaezelandiae,,,
Cyanoramphus hochstetteri,,,
Cyanoramphus saisseti,,,
Cyanoramphus cookii,,,
Cyanoramphus auriceps,,,
Cyanoramphus forbesi,,,
Cyanoramphus malherbi,,,
Barnardius zonarius,,,
Platycercus caledonicus,,,
Platycercus elegans,,,
Platycercus venustus,,,
Platycercus eximius,,,
Platycercus adscitus,,,
Platycercus icterotis,,,
Northiella haematogaster,,,
Northiella narethae,,,
Psephotus haematonotus,,,
Psephotellus varius,,,
Psephotellus dissimilis,,,
Psephotellus chrysopterygius,,,
Psephotellus pulcherrimus,,,
Purpureicephalus spurius,,,
Nannopsittacus melanogenia,,,
Nannopsittacus gulielmitertii,,,
Nannopsittacus nigrifrons,,,
Cyclopsitta diophthalma,,,
Cyclopsitta desmarestii,,,
Cyclopsitta edwardsii,,,
Cyclopsitta salvadorii,,,
Bolbopsittacus lunulatus,,,
Melopsittacus undulatus,,,
Oreopsittacus arfaki,,,
Charminetta wilhelminae,,,
Hypocharmosyna rubronotata,,,
Hypocharmosyna placentis,,,
Charmosynopsis toxopei,,,
Charmosynopsis pulchella,,,
Charmosyna multistriata,,,
Charmosyna josefinae,,,
Charmosyna papou,,,
Charmosyna stellae,,,
Vini margarethae,,,
Vini meeki,,,
Vini diadema,,,
Vini rubrigularis,,,
Vini palmarum,,,
Vini amabilis,,,
Vini solitaria,,,
Vini australis,,,
Vini ultramarina,,,
Vini stepheni,,,
Vini kuhlii,,,
Vini peruviana,,,
Neopsittacus musschenbroekii,,,
Neopsittacus pullicauda,,,
Lorius albidinucha,,,
Lorius chlorocercus,,,
Lorius garrulus,,,
Lorius domicella,,,
Lorius hypoinochrous,,,
Lorius lory,,,
Psitteuteles versicolor,,,
Psitteuteles pusillus,,,
Psitteuteles porphyrocephalus,,,
Chalcopsitta fuscata,,,
Chalcopsitta cardinalis,,,
Chalcopsitta duivenbodei,,,
Chalcopsitta atra,,,
Chalcopsitta scintillata,,,
Glossoptilus goldiei,,,
Trichoglossus concinnus,,,
Trichoglossus johnstoniae,,,
Trichoglossus iris,,,
Trichoglossus ornatus,,,
Trichoglossus meyeri,,,
Trichoglossus flavoviridis,,,
Trichoglossus reticulatus,,,
Trichoglossus semilarvatus,,,
Trichoglossus borneus,,,
Trichoglossus cyanogenius,,,
Trichoglossus histrio,,,
Trichoglossus squamatus,,,
Trichoglossus rubiginosus,,,
Trichoglossus chlorolepidotus,,,
Trichoglossus haematodus,,,
Trichoglossus rosenbergii,,,
Trichoglossus moluccanus,,,
Trichoglossus rubritorquis,,,
Trichoglossus euteles,,,
Trichoglossus capistratus,,,
Trichoglossus weberi,,,
Trichoglossus forsteni,,,
Loriculus vernalis,,,
Loriculus beryllinus,,,
Loriculus philippensis,,,
Loriculus camiguinensis,,,
Loriculus bonapartei,,,
Loriculus galgulus,,,
Loriculus stigmatus,,,
Loriculus sclateri,,,
Loriculus amabilis,,,
Loriculus catamene,,,
Loriculus aurantiifrons,,,
Loriculus tener,,,
Loriculus exilis,,,
Loriculus pusillus,,,
Loriculus flosculus,,,
Agapornis swindernianus,,,
Agapornis canus,,,
Agapornis pullarius,,,
Agapornis taranta,,,
Agapornis roseicollis,,,
Agapornis fischeri,UB::Western-Palearctic::Introduced-species ,https://avibase.bsc-eoc.org/species.jsp?avibaseid=E1EE00F78D3DB00C,Near-threatened
Agapornis personatus,UB::Western-Palearctic::Introduced-species ,https://avibase.bsc-eoc.org/species.jsp?avibaseid=4396F4F1345FBE2C,Least concern
Agapornis lilianae,,,
Agapornis nigrigenis,,,
Psittacus timneh,,,
Psittacus erithacus,,,
Poicephalus fuscicollis,,,
Poicephalus robustus,,,
Poicephalus gulielmi,,,
Poicephalus meyeri,,,
Poicephalus rueppellii,,,
Poicephalus cryptoxanthus,,,
Poicephalus crassus,,,
Poicephalus rufiventris,,,
Poicephalus senegalus,,,
Poicephalus flavifrons,,,
Touit batavicus,,,
Touit huetii,,,
Touit costaricensis,,,
Touit dilectissimus,,,
Touit purpuratus,,,
Touit melanonotus,,,
Touit surdus,,,
Touit stictopterus,,,
Psilopsiagon aymara,,,
Psilopsiagon aurifrons,,,
Bolborhynchus lineola,,,
Bolborhynchus ferrugineifrons,,,
Bolborhynchus orbygnesius,,,
Nannopsittaca panychlora,,,
Nannopsittaca dachilleae,,,
Myiopsitta monachus,UB::Western-Palearctic::Introduced-species ,https://avibase.bsc-eoc.org/species.jsp?avibaseid=35810386DDA72E08,Least concern
Myiopsitta luchsi,,,
Brotogeris sanctithomae,,,
Brotogeris tirica,,,
Brotogeris versicolurus,,,
Brotogeris chiriri,,,
Brotogeris pyrrhoptera,,,
Brotogeris jugularis,,,
Brotogeris cyanoptera,,,
Brotogeris chrysoptera,,,
Pionopsitta pileata,,,
Triclaria malachitacea,,,
Hapalopsittaca amazonina,,,
Hapalopsittaca fuertesi,,,
Hapalopsittaca pyrrhops,,,
Hapalopsittaca melanotis,,,
Pyrilia haematotis,,,
Pyrilia pulchra,,,
Pyrilia pyrilia,,,
Pyrilia barrabandi,,,
Pyrilia caica,,,
Pyrilia aurantiocephala,,,
Pyrilia vulturina,,,
Pionus fuscus,UB::Western-Palearctic::Rare/Accidental ,https://avibase.bsc-eoc.org/species.jsp?avibaseid=1A87E3A9BB090B07,Least concern
Pionus sordidus,,,
Pionus maximiliani,,,
Pionus tumultuosus,,,
Pionus menstruus,,,
Pionus senilis,,,
Pionus chalcopterus,,,
Graydidascalus brachyurus,,,
Alipiopsitta xanthops,,,
Amazona festiva,,,
Amazona vinacea,,,
Amazona tucumana,,,
Amazona pretrei,,,
Amazona viridigenalis,,,
Amazona finschi,,,
Amazona autumnalis,,,
Amazona lilacina,,,
Amazona diadema,,,
Amazona dufresniana,,,
Amazona rhodocorytha,,,
Amazona arausiaca,,,
Amazona martinicana,,,
Amazona versicolor,,,
Amazona auropalliata,,,
Amazona oratrix,,,
Amazona ochrocephala,,,
Amazona barbadensis,,,
Amazona aestiva,,,
Amazona agilis,,,
Amazona albifrons,,,
Amazona xantholora,,,
Amazona collaria,,,
Amazona leucocephala,,,
Amazona ventralis,,,
Amazona vittata,,,
Amazona farinosa,,,
Amazona kawalli,,,
Amazona imperialis,,,
Amazona violacea,,,
Amazona brasiliensis,,,
Amazona guildingii,,,
Amazona amazonica,,,
Amazona mercenarius,,,
Forpus modestus,,,
Forpus cyanopygius,,,
Forpus spengeli,,,
Forpus crassirostris,,,
Forpus xanthopterygius,,,
Forpus passerinus,,,
Forpus conspicillatus,,,
Forpus coelestis,,,
Forpus xanthops,,,
Pionites melanocephalus,,,
Pionites leucogaster,,,
Deroptyus accipitrinus,,,
Pyrrhura cruentata,,,
Pyrrhura devillei,,,
Pyrrhura frontalis,,,
Pyrrhura lepida,,,
Pyrrhura perlata,,,
Pyrrhura molinae,,,
Pyrrhura pfrimeri,,,
Pyrrhura griseipectus,,,
Pyrrhura leucotis,,,
Pyrrhura subandina,,,
Pyrrhura caeruleiceps,,,
Pyrrhura emma,,,
Pyrrhura picta,,,
Pyrrhura amazonum,,,
Pyrrhura lucianii,,,
Pyrrhura roseifrons,,,
Pyrrhura viridicata,,,
Pyrrhura egregia,,,
Pyrrhura melanura,,,
Pyrrhura orcesi,,,
Pyrrhura rupicola,,,
Pyrrhura albipectus,,,
Pyrrhura calliptera,,,
Pyrrhura hoematotis,,,
Pyrrhura rhodocephala,,,
Pyrrhura hoffmanni,,,
Enicognathus ferrugineus,,,
Enicognathus leptorhynchus,,,
Cyanoliseus patagonus,,,
Anodorhynchus hyacinthinus,,,
Anodorhynchus glaucus,,,
Anodorhynchus leari,,,
Rhynchopsitta pachyrhyncha,,,
Rhynchopsitta terrisi,,,
Eupsittula nana,,,
Eupsittula canicularis,,,
Eupsittula aurea,,,
Eupsittula pertinax,,,
Eupsittula cactorum,,,
Conuropsis carolinensis,,,
Aratinga weddellii,,,
Aratinga nenday,UB::Western-Palearctic::Introduced-species ,https://avibase.bsc-eoc.org/species.jsp?avibaseid=8B85CB2CE26DDCE4,Least concern
Aratinga solstitialis,,,
Aratinga maculata,,,
Aratinga jandaya,,,
Aratinga auricapillus,,,
Cyanopsitta spixii,,,
Orthopsittaca manilatus,,,
Primolius maracana,,,
Primolius couloni,,,
Primolius auricollis,,,
Ara ararauna,,,
Ara glaucogularis,,,
Ara severus,,,
Ara tricolor,,,
Ara rubrogenys,,,
Ara militaris,,,
Ara ambiguus,,,
Ara macao,,,
Ara chloropterus,,,
Leptosittaca branickii,,,
Ognorhynchus icterotis,,,
Guaruba guarouba,,,
Thectocercus acuticaudatus,,,
Diopsittaca nobilis,,,
Psittacara holochlorus,,,
Psittacara brevipes,,,
Psittacara strenuus,,,
Psittacara finschi,,,
Psittacara wagleri,,,
Psittacara frontatus,,,
Psittacara mitratus,,,
Psittacara erythrogenys,UB::Western-Palearctic::Introduced-species ,https://avibase.bsc-eoc.org/species.jsp?avibaseid=12E354E2B43ABB41,Near-threatened
Psittacara leucophthalmus,,,
Psittacara euops,,,
Psittacara chloropterus,,,
Psittacara maugei,,,
Psittacara labati,,,
Traversia lyalli,,,
Acanthisitta chloris,,,
Xenicus longipes,,,
Xenicus gilviventris,,,
Smithornis capensis,,,
Smithornis sharpei,,,
Smithornis rufolateralis,,,
Calyptomena viridis,,,
Calyptomena hosii,,,
Calyptomena whiteheadi,,,
Pseudocalyptomena graueri,,,
Psarisomus dalhousiae,,,
Corydon sumatranus,,,
Sarcophanops samarensis,,,
Sarcophanops steerii,,,
Serilophus lunatus,,,
Serilophus rubropygius,,,
Cymbirhynchus macrorhynchos,,,
Eurylaimus javanicus,,,
Eurylaimus ochromalus,,,
Sapayoa aenigma,,,
Philepitta castanea,,,
Philepitta schlegeli,,,
Neodrepanis coruscans,,,
Neodrepanis hypoxantha,,,
Erythropitta kochi,,,
Erythropitta erythrogaster,,,
Erythropitta dohertyi,,,
Erythropitta celebensis,,,
Erythropitta rufiventris,,,
Erythropitta rubrinucha,,,
Erythropitta macklotii,,,
Erythropitta novaehibernicae,,,
Erythropitta meeki,,,
Erythropitta venusta,,,
Erythropitta ussheri,,,
Erythropitta arquata,,,
Erythropitta granatina,,,
Hydrornis phayrei,,,
Hydrornis oatesi,,,
Hydrornis nipalensis,,,
Hydrornis soror,,,
Hydrornis caeruleus,,,
Hydrornis schneideri,,,
Hydrornis irena,,,
Hydrornis guajanus,,,
Hydrornis schwaneri,,,
Hydrornis baudii,,,
Hydrornis cyaneus,,,
Hydrornis elliotii,,,
Hydrornis gurneyi,,,
Pitta angolensis,,,
Pitta reichenowi,,,
Pitta brachyura,,,
Pitta moluccensis,,,
Pitta nympha,,,
Pitta abbotti,,,
Pitta sordida,,,
Pitta forsteni,,,
Pitta novaeguineae,,,
Pitta rosenbergii,,,
Pitta steerii,,,
Pitta versicolor,,,
Pitta maxima,,,
Pitta concinna,,,
Pitta elegans,,,
Pitta vigorsii,,,
Pitta anerythra,,,
Pitta megarhyncha,,,
Pitta superba,,,
Pitta iris,,,
Euchrepomis callinota,,,
Euchrepomis humeralis,,,
Euchrepomis sharpei,,,
Euchrepomis spodioptila,,,
Cymbilaimus lineatus,,,
Cymbilaimus sanctaemariae,,,
Hypoedaleus guttatus,,,
Batara cinerea,,,
Mackenziaena leachii,,,
Mackenziaena severa,,,
Frederickena viridis,,,
Frederickena unduliger,,,
Frederickena fulva,,,
Taraba major,,,
Sakesphorus canadensis,,,
Sakesphorus luctuosus,,,
Sakesphoroides cristatus,,,
Radinopsyche sellowi,,,
Biatas nigropectus,,,
Thamnophilus doliatus,,,
Thamnophilus ruficapillus,,,
Thamnophilus torquatus,,,
Thamnophilus zarumae,,,
Thamnophilus multistriatus,,,
Thamnophilus tenuepunctatus,,,
Thamnophilus palliatus,,,
Thamnophilus bernardi,,,
Thamnophilus shumbae,,,
Thamnophilus atrinucha,,,
Thamnophilus bridgesi,,,
Thamnophilus schistaceus,,,
Thamnophilus murinus,,,
Thamnophilus nigriceps,,,
Thamnophilus praecox,,,
Thamnophilus cryptoleucus,,,
Thamnophilus nigrocinereus,,,
Thamnophilus punctatus,,,
Thamnophilus stictocephalus,,,
Thamnophilus sticturus,,,
Thamnophilus pelzelni,,,
Thamnophilus ambiguus,,,
Thamnophilus caerulescens,,,
Thamnophilus unicolor,,,
Thamnophilus aethiops,,,
Thamnophilus aroyae,,,
Thamnophilus melanonotus,,,
Thamnophilus melanothorax,,,
Thamnophilus amazonicus,,,
Thamnophilus insignis,,,
Thamnophilus divisorius,,,
Rhopias gularis,,,
Megastictus margaritatus,,,
Neoctantes niger,,,
Clytoctantes alixii,,,
Clytoctantes atrogularis,,,
Thamnistes anabatinus,,,
Thamnistes rufescens,,,
Dysithamnus stictothorax,,,
Dysithamnus mentalis,,,
Dysithamnus striaticeps,,,
Dysithamnus puncticeps,,,
Dysithamnus xanthopterus,,,
Dysithamnus occidentalis,,,
Dysithamnus plumbeus,,,
Dysithamnus leucostictus,,,
Thamnomanes ardesiacus,,,
Thamnomanes saturninus,,,
Thamnomanes caesius,,,
Thamnomanes schistogynus,,,
Xenornis setifrons,,,
Isleria hauxwelli,,,
Isleria guttata,,,
Pygiptila stellaris,,,
Epinecrophylla fulviventris,,,
Epinecrophylla gutturalis,,,
Epinecrophylla leucophthalma,,,
Epinecrophylla haematonota,,,
Epinecrophylla amazonica,,,
Epinecrophylla spodionota,,,
Epinecrophylla ornata,,,
Epinecrophylla erythrura,,,
Myrmotherula brachyura,,,
Myrmotherula ignota,,,
Myrmotherula ambigua,,,
Myrmotherula sclateri,,,
Myrmotherula surinamensis,,,
Myrmotherula multostriata,,,
Myrmotherula pacifica,,,
Myrmotherula cherriei,,,
Myrmotherula klagesi,,,
Myrmotherula longicauda,,,
Myrmotherula axillaris,,,
Myrmotherula schisticolor,,,
Myrmotherula sunensis,,,
Myrmotherula minor,,,
Myrmotherula longipennis,,,
Myrmotherula urosticta,,,
Myrmotherula iheringi,,,
Myrmotherula fluminensis,,,
Myrmotherula grisea,,,
Myrmotherula unicolor,,,
Myrmotherula snowi,,,
Myrmotherula behni,,,
Myrmotherula menetriesii,,,
Myrmotherula assimilis,,,
Dichrozona cincta,,,
Myrmorchilus strigilatus,,,
Herpsilochmus pileatus,,,
Herpsilochmus atricapillus,,,
Herpsilochmus praedictus,,,
Herpsilochmus stotzi,,,
Herpsilochmus motacilloides,,,
Herpsilochmus parkeri,,,
Herpsilochmus sticturus,,,
Herpsilochmus dugandi,,,
Herpsilochmus stictocephalus,,,
Herpsilochmus gentryi,,,
Herpsilochmus dorsimaculatus,,,
Herpsilochmus roraimae,,,
Herpsilochmus pectoralis,,,
Herpsilochmus longirostris,,,
Herpsilochmus axillaris,,,
Herpsilochmus frater,,,
Herpsilochmus rufimarginatus,,,
Microrhopias quixensis,,,
Formicivora iheringi,,,
Formicivora erythronotos,,,
Formicivora intermedia,,,
Formicivora grisea,,,
Formicivora serrana,,,
Formicivora melanogaster,,,
Formicivora rufa,,,
Formicivora grantsaui,,,
Formicivora acutirostris,,,
Drymophila ferruginea,,,
Drymophila rubricollis,,,
Drymophila genei,,,
Drymophila ochropyga,,,
Drymophila malura,,,
Drymophila squamata,,,
Drymophila devillei,,,
Drymophila caudata,,,
Drymophila klagesi,,,
Drymophila hellmayri,,,
Drymophila striaticeps,,,
Hypocnemis cantator,,,
Hypocnemis flavescens,,,
Hypocnemis peruviana,,,
Hypocnemis subflava,,,
Hypocnemis ochrogyna,,,
Hypocnemis striata,,,
Hypocnemis rondoni,,,
Hypocnemis hypoxantha,,,
Terenura sicki,,,
Terenura maculata,,,
Cercomacroides laeta,,,
Cercomacroides parkeri,,,
Cercomacroides tyrannina,,,
Cercomacroides serva,,,
Cercomacroides nigrescens,,,
Cercomacroides fuscicauda,,,
Cercomacra manu,,,
Cercomacra cinerascens,,,
Cercomacra brasiliana,,,
Cercomacra melanaria,,,
Cercomacra ferdinandi,,,
Cercomacra nigricans,,,
Cercomacra carbonaria,,,
Pyriglena maura,,,
Pyriglena similis,,,
Pyriglena leuconota,,,
Pyriglena atra,,,
Pyriglena leucoptera,,,
Rhopornis ardesiacus,,,
Myrmoborus leucophrys,,,
Myrmoborus lugubris,,,
Myrmoborus myotherinus,,,
Myrmoborus melanurus,,,
Myrmoborus lophotes,,,
Hypocnemoides melanopogon,,,
Hypocnemoides maculicauda,,,
Myrmochanes hemileucus,,,
Gymnocichla nudiceps,,,
Sclateria naevia,,,
Percnostola rufifrons,,,
Percnostola arenarum,,,
Myrmelastes schistaceus,,,
Myrmelastes saturatus,,,
Myrmelastes hyperythrus,,,
Myrmelastes leucostigma,,,
Myrmelastes humaythae,,,
Myrmelastes brunneiceps,,,
Myrmelastes rufifacies,,,
Myrmelastes caurensis,,,
Myrmeciza longipes,,,
Poliocrania exsul,,,
Ampelornis griseiceps,,,
Sipia laemosticta,,,
Sipia palliata,,,
Sipia nigricauda,,,
Sipia berlepschi,,,
Sciaphylax hemimelaena,,,
Sciaphylax castanea,,,
Myrmoderus ferrugineus,,,
Myrmoderus eowilsoni,,,
Myrmoderus ruficauda,,,
Myrmoderus loricatus,,,
Myrmoderus squamosus,,,
Akletos melanoceps,,,
Akletos goeldii,,,
Hafferia fortis,,,
Hafferia zeledoni,,,
Hafferia immaculata,,,
Aprositornis disjuncta,,,
Myrmophylax atrothorax,,,
Ammonastes pelzelni,,,
Myrmornis torquata,,,
Pithys albifrons,,,
Pithys castaneus,,,
Gymnopithys bicolor,,,
Gymnopithys leucaspis,,,
Gymnopithys rufigula,,,
Oneillornis salvini,,,
Oneillornis lunulatus,,,
Rhegmatorhina gymnops,,,
Rhegmatorhina berlepschi,,,
Rhegmatorhina hoffmannsi,,,
Rhegmatorhina cristata,,,
Rhegmatorhina melanosticta,,,
Hylophylax naevioides,,,
Hylophylax naevius,,,
Hylophylax punctulatus,,,
Willisornis poecilinotus,,,
Willisornis vidua,,,
Phlegopsis nigromaculata,,,
Phlegopsis erythroptera,,,
Phlegopsis borbae,,,
Phaenostictus mcleannani,,,
Melanopareia torquata,,,
Melanopareia maximiliani,,,
Melanopareia maranonica,,,
Melanopareia elegans,,,
Pittasoma michleri,,,
Pittasoma rufopileatum,,,
Conopophaga melanogaster,,,
Conopophaga melanops,,,
Conopophaga aurita,,,
Conopophaga snethlageae,,,
Conopophaga peruviana,,,
Conopophaga cearae,,,
Conopophaga roberti,,,
Conopophaga lineata,,,
Conopophaga castaneiceps,,,
Conopophaga ardesiaca,,,
Grallaria squamigera,,,
Grallaria gigantea,,,
Grallaria excelsa,,,
Grallaria varia,,,
Grallaria alleni,,,
Grallaria guatimalensis,,,
Grallaria chthonia,,,
Grallaria haplonota,,,
Grallaria dignissima,,,
Grallaria eludens,,,
Grallaria ruficapilla,,,
Grallaria watkinsi,,,
Grallaria bangsi,,,
Grallaria kaestneri,,,
Grallaria andicolus,,,
Grallaria griseonucha,,,
Grallaria ridgelyi,,,
Grallaria nuchalis,,,
Grallaria carrikeri,,,
Grallaria albigula,,,
Grallaria flavotincta,,,
Grallaria hypoleuca,,,
Grallaria przewalskii,,,
Grallaria capitalis,,,
Grallaria erythroleuca,,,
Grallaria spatiator,,,
Grallaria saltuensis,,,
Grallaria rufocinerea,,,
Grallaria rufula,,,
Grallaria centralis,,,
Grallaria ayacuchensis,,,
Grallaria occabambae,,,
Grallaria sinaensis,,,
Grallaria cochabambae,,,
Grallaria alvarezi,,,
Grallaria saturata,,,
Grallaria cajamarcae,,,
Grallaria blakei,,,
Grallaria gravesi,,,
Grallaria oneilli,,,
Grallaria obscura,,,
Grallaria alticola,,,
Grallaria quitensis,,,
Grallaria atuensis,,,
Grallaria urraoensis,,,
Grallaria milleri,,,
Grallaria erythrotis,,,
Cryptopezus nattereri,,,
Hylopezus perspicillatus,,,
Hylopezus macularius,,,
Hylopezus paraensis,,,
Hylopezus whittakeri,,,
Hylopezus auricularis,,,
Hylopezus ochroleucus,,,
Myrmothera fulviventris,,,
Myrmothera berlepschi,,,
Myrmothera dives,,,
Myrmothera campanisona,,,
Myrmothera subcanescens,,,
Myrmothera simplex,,,
Grallaricula flavirostris,,,
Grallaricula loricata,,,
Grallaricula cucullata,,,
Grallaricula peruviana,,,
Grallaricula ochraceifrons,,,
Grallaricula ferrugineipectus,,,
Grallaricula leymebambae,,,
Grallaricula nana,,,
Grallaricula cumanensis,,,
Grallaricula lineifrons,,,
Pteroptochos castaneus,,,
Pteroptochos tarnii,,,
Pteroptochos megapodius,,,
Scelorchilus albicollis,,,
Scelorchilus rubecula,,,
Liosceles thoracicus,,,
Acropternis orthonyx,,,
Rhinocrypta lanceolata,,,
Teledromas fuscus,,,
Psilorhamphus guttatus,,,
Merulaxis ater,,,
Merulaxis stresemanni,,,
Eugralla paradoxa,,,
Myornis senilis,,,
Eleoscytalopus indigoticus,,,
Eleoscytalopus psychopompus,,,
Scytalopus iraiensis,,,
Scytalopus diamantinensis,,,
Scytalopus novacapitalis,,,
Scytalopus petrophilus,,,
Scytalopus pachecoi,,,
Scytalopus gonzagai,,,
Scytalopus speluncae,,,
Scytalopus fuscus,,,
Scytalopus magellanicus,,,
Scytalopus affinis,,,
Scytalopus krabbei,,,
Scytalopus androstictus,,,
Scytalopus opacus,,,
Scytalopus canus,,,
Scytalopus superciliaris,,,
Scytalopus zimmeri,,,
Scytalopus simonsi,,,
Scytalopus schulenbergi,,,
Scytalopus urubambae,,,
Scytalopus whitneyi,,,
Scytalopus frankeae,,,
Scytalopus altirostris,,,
Scytalopus parvirostris,,,
Scytalopus bolivianus,,,
Scytalopus atratus,,,
Scytalopus sanctaemartae,,,
Scytalopus micropterus,,,
Scytalopus femoralis,,,
Scytalopus intermedius,,,
Scytalopus macropus,,,
Scytalopus gettyae,,,
Scytalopus unicolor,,,
Scytalopus acutirostris,,,
Scytalopus latrans,,,
Scytalopus argentifrons,,,
Scytalopus vicinior,,,
Scytalopus panamensis,,,
Scytalopus chocoensis,,,
Scytalopus rodriguezi,,,
Scytalopus stilesi,,,
Scytalopus alvarezlopezi,,,
Scytalopus robbinsi,,,
Scytalopus caracae,,,
Scytalopus griseicollis,,,
Scytalopus latebricola,,,
Scytalopus perijanus,,,
Scytalopus meridanus,,,
Scytalopus parkeri,,,
Scytalopus spillmanni,,,
Formicarius colma,,,
Formicarius moniliger,,,
Formicarius analis,,,
Formicarius rufifrons,,,
Formicarius nigricapillus,,,
Formicarius destructus,,,
Formicarius rufipectus,,,
Chamaeza campanisona,,,
Chamaeza nobilis,,,
Chamaeza meruloides,,,
Chamaeza turdina,,,
Chamaeza ruficauda,,,
Chamaeza mollissima,,,
Sclerurus mexicanus,,,
Sclerurus obscurior,,,
Sclerurus rufigularis,,,
Sclerurus guatemalensis,,,
Sclerurus caudacutus,,,
Sclerurus albigularis,,,
Sclerurus scansor,,,
Geositta peruviana,,,
Geositta tenuirostris,,,
Geositta cunicularia,,,
Geositta punensis,,,
Geositta poeciloptera,,,
Geositta crassirostris,,,
Geositta rufipennis,,,
Geositta maritima,,,
Geositta antarctica,,,
Geositta saxicolina,,,
Geositta isabellina,,,
Certhiasomus stictolaemus,,,
Sittasomus griseicapillus,,,
Deconychura typica,,,
Deconychura longicauda,,,
Deconychura pallida,,,
Dendrocincla tyrannina,,,
Dendrocincla merula,,,
Dendrocincla homochroa,,,
Dendrocincla anabatina,,,
Dendrocincla fuliginosa,,,
Dendrocincla turdina,,,
Glyphorynchus spirurus,,,
Dendrexetastes rufigula,,,
Nasica longirostris,,,
Dendrocolaptes sanctithomae,,,
Dendrocolaptes certhia,,,
Dendrocolaptes picumnus,,,
Dendrocolaptes hoffmannsi,,,
Dendrocolaptes platyrostris,,,
Hylexetastes stresemanni,,,
Hylexetastes perrotii,,,
Hylexetastes uniformis,,,
Xiphocolaptes promeropirhynchus,,,
Xiphocolaptes falcirostris,,,
Xiphocolaptes albicollis,,,
Xiphocolaptes major,,,
Xiphorhynchus obsoletus,,,
Xiphorhynchus atlanticus,,,
Xiphorhynchus fuscus,,,
Xiphorhynchus pardalotus,,,
Xiphorhynchus ocellatus,,,
Xiphorhynchus elegans,,,
Xiphorhynchus spixii,,,
Xiphorhynchus susurrans,,,
Xiphorhynchus guttatus,,,
Xiphorhynchus flavigaster,,,
Xiphorhynchus lachrymosus,,,
Xiphorhynchus erythropygius,,,
Xiphorhynchus triangularis,,,
Dendroplex picus,,,
Dendroplex kienerii,,,
Campylorhamphus trochilirostris,,,
Campylorhamphus falcularius,,,
Campylorhamphus procurvoides,,,
Campylorhamphus probatus,,,
Campylorhamphus multostriatus,,,
Campylorhamphus pusillus,,,
Drymotoxeres pucheranii,,,
Drymornis bridgesii,,,
Lepidocolaptes souleyetii,,,
Lepidocolaptes angustirostris,,,
Lepidocolaptes leucogaster,,,
Lepidocolaptes affinis,,,
Lepidocolaptes lacrymiger,,,
Lepidocolaptes squamatus,,,
Lepidocolaptes falcinellus,,,
Lepidocolaptes duidae,,,
Lepidocolaptes albolineatus,,,
Lepidocolaptes fatimalimae,,,
Lepidocolaptes fuscicapillus,,,
Xenops tenuirostris,,,
Xenops mexicanus,,,
Xenops genibarbis,,,
Xenops minutus,,,
Xenops rutilans,,,
Berlepschia rikeri,,,
Microxenops milleri,,,
Pygarrhichas albogularis,,,
Ochetorhynchus andaecola,,,
Ochetorhynchus ruficaudus,,,
Ochetorhynchus phoenicurus,,,
Ochetorhynchus melanurus,,,
Pseudocolaptes lawrencii,,,
Pseudocolaptes johnsoni,,,
Pseudocolaptes boissonneautii,,,
Premnornis guttuliger,,,
Tarphonomus harterti,,,
Tarphonomus certhioides,,,
Furnarius figulus,,,
Furnarius cinnamomeus,,,
Furnarius longirostris,,,
Furnarius leucopus,,,
Furnarius torridus,,,
Furnarius minor,,,
Furnarius rufus,,,
Furnarius cristatus,,,
Lochmias nematura,,,
Phleocryptes melanops,,,
Limnornis curvirostris,,,
Geocerthia serrana,,,
Upucerthia saturatior,,,
Upucerthia dumetaria,,,
Upucerthia albigula,,,
Upucerthia validirostris,,,
Cinclodes pabsti,,,
Cinclodes fuscus,,,
Cinclodes antarcticus,,,
Cinclodes comechingonus,,,
Cinclodes albidiventris,,,
Cinclodes olrogi,,,
Cinclodes albiventris,,,
Cinclodes oustaleti,,,
Cinclodes excelsior,,,
Cinclodes aricomae,,,
Cinclodes palliatus,,,
Cinclodes atacamensis,,,
Cinclodes patagonicus,,,
Cinclodes taczanowskii,,,
Cinclodes nigrofumosus,,,
Anabazenops dorsalis,,,
Anabazenops fuscus,,,
Megaxenops parnaguae,,,
Cichlocolaptes leucophrus,,,
Cichlocolaptes mazarbarnetti,,,
Heliobletus contaminatus,,,
Neophilydor fuscipenne,,,
Neophilydor erythrocercum,,,
Philydor novaesi,,,
Philydor atricapillus,,,
Philydor pyrrhodes,,,
Anabacerthia variegaticeps,,,
Anabacerthia striaticollis,,,
Anabacerthia ruficaudata,,,
Anabacerthia amaurotis,,,
Anabacerthia lichtensteini,,,
Syndactyla guttulata,,,
Syndactyla subalaris,,,
Syndactyla rufosuperciliata,,,
Syndactyla ruficollis,,,
Syndactyla dimidiata,,,
Syndactyla roraimae,,,
Syndactyla ucayalae,,,
Syndactyla striata,,,
Ancistrops strigilatus,,,
Dendroma rufa,,,
Dendroma erythroptera,,,
Clibanornis rectirostris,,,
Clibanornis dendrocolaptoides,,,
Clibanornis erythrocephalus,,,
Clibanornis rubiginosus,,,
Clibanornis rufipectus,,,
Thripadectes ignobilis,,,
Thripadectes flammulatus,,,
Thripadectes scrutator,,,
Thripadectes holostictus,,,
Thripadectes virgaticeps,,,
Thripadectes rufobrunneus,,,
Thripadectes melanorhynchus,,,
Automolus rufipileatus,,,
Automolus melanopezus,,,
Automolus cervinigularis,,,
Automolus exsertus,,,
Automolus ochrolaemus,,,
Automolus virgatus,,,
Automolus subulatus,,,
Automolus infuscatus,,,
Automolus paraensis,,,
Automolus lammi,,,
Automolus leucophthalmus,,,
Premnoplex brunnescens,,,
Premnoplex tatei,,,
Margarornis bellulus,,,
Margarornis rubiginosus,,,
Margarornis stellatus,,,
Margarornis squamiger,,,
Aphrastura spinicauda,,,
Aphrastura masafuerae,,,
Sylviorthorhynchus desmursii,,,
Sylviorthorhynchus yanacensis,,,
Leptasthenura fuliginiceps,,,
Leptasthenura platensis,,,
Leptasthenura aegithaloides,,,
Leptasthenura striolata,,,
Leptasthenura pileata,,,
Leptasthenura xenothorax,,,
Leptasthenura striata,,,
Leptasthenura andicola,,,
Leptasthenura setaria,,,
Phacellodomus inornatus,,,
Phacellodomus rufifrons,,,
Phacellodomus striaticeps,,,
Phacellodomus sibilatrix,,,
Phacellodomus dorsalis,,,
Phacellodomus maculipectus,,,
Phacellodomus striaticollis,,,
Phacellodomus ruber,,,
Phacellodomus erythrophthalmus,,,
Phacellodomus ferrugineigula,,,
Hellmayrea gularis,,,
Anumbius annumbi,,,
Coryphistera alaudina,,,
Asthenes huancavelicae,,,
Asthenes arequipae,,,
Asthenes dorbignyi,,,
Asthenes berlepschi,,,
Asthenes baeri,,,
Asthenes luizae,,,
Asthenes hudsoni,,,
Asthenes anthoides,,,
Asthenes urubambensis,,,
Asthenes flammulata,,,
Asthenes virgata,,,
Asthenes maculicauda,,,
Asthenes wyatti,,,
Asthenes humilis,,,
Asthenes modesta,,,
Asthenes moreirae,,,
Asthenes pyrrholeuca,,,
Asthenes harterti,,,
Asthenes helleri,,,
Asthenes ayacuchensis,,,
Asthenes vilcabambae,,,
Asthenes pudibunda,,,
Asthenes ottonis,,,
Asthenes heterura,,,
Asthenes palpebralis,,,
Asthenes coryi,,,
Asthenes perijana,,,
Asthenes fuliginosa,,,
Asthenes griseomurina,,,
Acrobatornis fonsecai,,,
Metopothrix aurantiaca,,,
Xenerpestes minlosi,,,
Xenerpestes singularis,,,
Siptornis striaticollis,,,
Roraimia adusta,,,
Thripophaga gutturata,,,
Thripophaga macroura,,,
Thripophaga cherriei,,,
Thripophaga amacurensis,,,
Thripophaga fusciceps,,,
Limnoctites rectirostris,,,
Limnoctites sulphuriferus,,,
Cranioleuca berlepschi,,,
Cranioleuca weskei,,,
Cranioleuca marcapatae,,,
Cranioleuca albiceps,,,
Cranioleuca vulpina,,,
Cranioleuca dissita,,,
Cranioleuca vulpecula,,,
Cranioleuca subcristata,,,
Cranioleuca pyrrhophia,,,
Cranioleuca henricae,,,
Cranioleuca obsoleta,,,
Cranioleuca pallida,,,
Cranioleuca semicinerea,,,
Cranioleuca albicapilla,,,
Cranioleuca erythrops,,,
Cranioleuca demissa,,,
Cranioleuca hellmayri,,,
Cranioleuca curtata,,,
Cranioleuca antisiensis,,,
Cranioleuca muelleri,,,
Pseudasthenes humicola,,,
Pseudasthenes patagonica,,,
Pseudasthenes steinbachi,,,
Pseudasthenes cactorum,,,
Spartonoica maluroides,,,
Pseudoseisura cristata,,,
Pseudoseisura unirufa,,,
Pseudoseisura lophotes,,,
Pseudoseisura gutturalis,,,
Certhiaxis cinnamomeus,,,
Certhiaxis mustelinus,,,
Mazaria propinqua,,,
Schoeniophylax phryganophilus,,,
Synallaxis scutata,,,
Synallaxis cinerascens,,,
Synallaxis gujanensis,,,
Synallaxis albilora,,,
Synallaxis simoni,,,
Synallaxis maranonica,,,
Synallaxis hypochondriaca,,,
Synallaxis stictothorax,,,
Synallaxis chinchipensis,,,
Synallaxis zimmeri,,,
Synallaxis brachyura,,,
Synallaxis subpudica,,,
Synallaxis hellmayri,,,
Synallaxis ruficapilla,,,
Synallaxis cinerea,,,
Synallaxis infuscata,,,
Synallaxis moesta,,,
Synallaxis macconnelli,,,
Synallaxis cabanisi,,,
Synallaxis hypospodia,,,
Synallaxis spixi,,,
Synallaxis albigularis,,,
Synallaxis beverlyae,,,
Synallaxis albescens,,,
Synallaxis frontalis,,,
Synallaxis azarae,,,
Synallaxis courseni,,,
Synallaxis kollari,,,
Synallaxis erythrothorax,,,
Synallaxis candei,,,
Synallaxis tithys,,,
Synallaxis fuscorufa,,,
Synallaxis unirufa,,,
Synallaxis castanea,,,
Synallaxis cinnamomea,,,
Synallaxis rutilans,,,
Synallaxis cherriei,,,
Tyranneutes stolzmanni,,,
Tyranneutes virescens,,,
Neopelma pallescens,,,
Neopelma chrysocephalum,,,
Neopelma aurifrons,,,
Neopelma sulphureiventer,,,
Protopelma chrysolophum,,,
Chloropipo flavicapilla,,,
Chloropipo unicolor,,,
Chiroxiphia bokermanni,,,
Chiroxiphia galeata,,,
Chiroxiphia lanceolata,,,
Chiroxiphia linearis,,,
Chiroxiphia pareola,,,
Chiroxiphia boliviana,,,
Chiroxiphia caudata,,,
Ilicura militaris,,,
Masius chrysopterus,,,
Corapipo altera,,,
Corapipo leucorrhoa,,,
Corapipo gutturalis,,,
Xenopipo uniformis,,,
Xenopipo atronitens,,,
Cryptopipo litae,,,
Cryptopipo holochlora,,,
Lepidothrix velutina,,,
Lepidothrix coronata,,,
Lepidothrix nattereri,,,
Lepidothrix vilasboasi,,,
Lepidothrix iris,,,
Lepidothrix suavissima,,,
Lepidothrix serena,,,
Lepidothrix isidorei,,,
Lepidothrix coeruleocapilla,,,
Heterocercus aurantiivertex,,,
Heterocercus flavivertex,,,
Heterocercus linteatus,,,
Manacus candei,,,
Manacus aurantiacus,,,
Manacus vitellinus,,,
Manacus manacus,,,
Pipra aureola,,,
Pipra filicauda,,,
Pipra fasciicauda,,,
Machaeropterus deliciosus,,,
Machaeropterus striolatus,,,
Machaeropterus eckelberryi,,,
Machaeropterus regulus,,,
Machaeropterus pyrocephalus,,,
Pseudopipra pipra,,,
Ceratopipra cornuta,,,
Ceratopipra mentalis,,,
Ceratopipra erythrocephala,,,
Ceratopipra rubrocapilla,,,
Ceratopipra chloromeros,,,
Carpornis cucullata,,,
Carpornis melanocephala,,,
Pipreola riefferii,,,
Pipreola intermedia,,,
Pipreola arcuata,,,
Pipreola aureopectus,,,
Pipreola jucunda,,,
Pipreola lubomirskii,,,
Pipreola pulchra,,,
Pipreola frontalis,,,
Pipreola chlorolepidota,,,
Pipreola formosa,,,
Pipreola whitelyi,,,
Ampelioides tschudii,,,
Zaratornis stresemanni,,,
Phytotoma raimondii,,,
Phytotoma rutila,,,
Phytotoma rara,,,
Phibalura flavirostris,,,
Doliornis remseni,,,
Doliornis sclateri,,,
Ampelion rubrocristatus,,,
Ampelion rufaxilla,,,
Phoenicircus carnifex,,,
Phoenicircus nigricollis,,,
Rupicola rupicola,,,
Rupicola peruvianus,,,
Snowornis subalaris,,,
Snowornis cryptolophus,,,
Haematoderus militaris,,,
Querula purpurata,,,
Pyroderus scutatus,,,
Cephalopterus glabricollis,,,
Cephalopterus ornatus,,,
Cephalopterus penduliger,,,
Perissocephalus tricolor,,,
Cotinga amabilis,,,
Cotinga ridgwayi,,,
Cotinga nattererii,,,
Cotinga maynana,,,
Cotinga cotinga,,,
Cotinga maculata,,,
Cotinga cayana,,,
Lipaugus unirufus,,,
Lipaugus streptophorus,,,
Lipaugus vociferans,,,
Lipaugus lanioides,,,
Lipaugus ater,,,
Lipaugus conditus,,,
Lipaugus weberi,,,
Lipaugus fuscocinereus,,,
Lipaugus uropygialis,,,
Procnias tricarunculatus,,,
Procnias albus,,,
Procnias averano,,,
Procnias nudicollis,,,
Porphyrolaema porphyrolaema,,,
Carpodectes hopkei,,,
Carpodectes antoniae,,,
Carpodectes nitidus,,,
Xipholena punicea,,,
Xipholena lamellipennis,,,
Xipholena atropurpurea,,,
Gymnoderus foetidus,,,
Conioptilon mcilhennyi,,,
Tityra cayana,,,
Tityra inquisitor,,,
Tityra leucura,,,
Tityra semifasciata,,,
Schiffornis major,,,
Schiffornis olivacea,,,
Schiffornis veraepacis,,,
Schiffornis aenea,,,
Schiffornis stenorhyncha,,,
Schiffornis turdina,,,
Schiffornis virescens,,,
Laniocera hypopyrra,,,
Laniocera rufescens,,,
Iodopleura isabellae,,,
Iodopleura fusca,,,
Iodopleura pipra,,,
Laniisoma buckleyi,,,
Laniisoma elegans,,,
Xenopsaris albinucha,,,
Pachyramphus viridis,,,
Pachyramphus versicolor,,,
Pachyramphus spodiurus,,,
Pachyramphus rufus,,,
Pachyramphus cinnamomeus,,,
Pachyramphus castaneus,,,
Pachyramphus polychopterus,,,
Pachyramphus albogriseus,,,
Pachyramphus salvini,,,
Pachyramphus major,,,
Pachyramphus marginatus,,,
Pachyramphus surinamus,,,
Pachyramphus aglaiae,,,
Pachyramphus niger,,,
Pachyramphus homochrous,,,
Pachyramphus minor,,,
Pachyramphus validus,,,
Oxyruncus cristatus,,,
Onychorhynchus coronatus,,,
Onychorhynchus swainsoni,,,
Terenotriccus erythrurus,,,
Myiobius villosus,,,
Myiobius sulphureipygius,,,
Myiobius barbatus,,,
Myiobius atricaudus,,,
Piprites chloris,,,
Piprites griseiceps,,,
Piprites pileata,,,
Neopipo cinnamomea,,,
Calyptura cristata,,,
Platyrinchus saturatus,,,
Platyrinchus cancrominus,,,
Platyrinchus mystaceus,,,
Platyrinchus coronatus,,,
Platyrinchus flavigularis,,,
Platyrinchus platyrhynchos,,,
Platyrinchus leucoryphus,,,
Tachuris rubrigastra,,,
Mionectes striaticollis,,,
Mionectes olivaceus,,,
Mionectes galbinus,,,
Mionectes oleagineus,,,
Mionectes macconnelli,,,
Mionectes roraimae,,,
Mionectes rufiventris,,,
Leptopogon amaurocephalus,,,
Leptopogon superciliaris,,,
Leptopogon rufipectus,,,
Leptopogon taczanowskii,,,
Pogonotriccus difficilis,,,
Pogonotriccus eximius,,,
Pogonotriccus ophthalmicus,,,
Pogonotriccus lanyoni,,,
Pogonotriccus paulista,,,
Pogonotriccus poecilotis,,,
Pogonotriccus venezuelanus,,,
Pogonotriccus orbitalis,,,
Pogonotriccus chapmani,,,
Phylloscartes oustaleti,,,
Phylloscartes flavovirens,,,
Phylloscartes virescens,,,
Phylloscartes ventralis,,,
Phylloscartes beckeri,,,
Phylloscartes kronei,,,
Phylloscartes sylviolus,,,
Phylloscartes ceciliae,,,
Phylloscartes roquettei,,,
Phylloscartes superciliaris,,,
Phylloscartes nigrifrons,,,
Phylloscartes flaviventris,,,
Phylloscartes gualaquizae,,,
Phylloscartes parkeri,,,
Pseudotriccus pelzelni,,,
Pseudotriccus simplex,,,
Pseudotriccus ruficeps,,,
Corythopis torquatus,,,
Corythopis delalandi,,,
Myiornis auricularis,,,
Myiornis albiventris,,,
Myiornis atricapillus,,,
Myiornis ecaudatus,,,
Lophotriccus pileatus,,,
Lophotriccus vitiosus,,,
Lophotriccus eulophotes,,,
Lophotriccus galeatus,,,
Atalotriccus pilaris,,,
Oncostoma cinereigulare,,,
Oncostoma olivaceum,,,
Hemitriccus minor,,,
Hemitriccus spodiops,,,
Hemitriccus cohnhafti,,,
Hemitriccus flammulatus,,,
Hemitriccus diops,,,
Hemitriccus obsoletus,,,
Hemitriccus josephinae,,,
Hemitriccus zosterops,,,
Hemitriccus griseipectus,,,
Hemitriccus orbitatus,,,
Hemitriccus iohannis,,,
Hemitriccus striaticollis,,,
Hemitriccus nidipendulus,,,
Hemitriccus margaritaceiventer,,,
Hemitriccus inornatus,,,
Hemitriccus minimus,,,
Hemitriccus granadensis,,,
Hemitriccus cinnamomeipectus,,,
Hemitriccus mirandae,,,
Hemitriccus kaempferi,,,
Hemitriccus rufigularis,,,
Hemitriccus furcatus,,,
Poecilotriccus ruficeps,,,
Poecilotriccus luluae,,,
Poecilotriccus albifacies,,,
Poecilotriccus capitalis,,,
Poecilotriccus senex,,,
Poecilotriccus russatus,,,
Poecilotriccus plumbeiceps,,,
Poecilotriccus fumifrons,,,
Poecilotriccus latirostris,,,
Poecilotriccus sylvia,,,
Poecilotriccus calopterus,,,
Poecilotriccus pulchellus,,,
Taeniotriccus andrei,,,
Todirostrum maculatum,,,
Todirostrum poliocephalum,,,
Todirostrum cinereum,,,
Todirostrum viridanum,,,
Todirostrum nigriceps,,,
Todirostrum pictum,,,
Todirostrum chrysocrotaphum,,,
Cnipodectes subbrunneus,,,
Cnipodectes superrufus,,,
Rhynchocyclus brevirostris,,,
Rhynchocyclus aequinoctialis,,,
Rhynchocyclus olivaceus,,,
Rhynchocyclus pacificus,,,
Rhynchocyclus fulvipectus,,,
Tolmomyias sulphurescens,,,
Tolmomyias traylori,,,
Tolmomyias flavotectus,,,
Tolmomyias assimilis,,,
Tolmomyias poliocephalus,,,
Tolmomyias viridiceps,,,
Tolmomyias flaviventris,,,
Pyrrhomyias cinnamomeus,,,
Hirundinea ferruginea,,,
Myiotriccus ornatus,,,
Nephelomyias pulcher,,,
Nephelomyias lintoni,,,
Nephelomyias ochraceiventris,,,
Ornithion semiflavum,,,
Ornithion brunneicapillus,,,
Ornithion inerme,,,
Camptostoma imberbe,,,
Camptostoma obsoletum,,,
Suiriri suiriri,,,
Mecocerculus poecilocercus,,,
Mecocerculus hellmayri,,,
Mecocerculus stictopterus,,,
Mecocerculus leucophrys,,,
Mecocerculus calopterus,,,
Mecocerculus minor,,,
Anairetes nigrocristatus,,,
Anairetes reguloides,,,
Anairetes alpinus,,,
Anairetes flavirostris,,,
Anairetes parulus,,,
Anairetes fernandezianus,,,
Uromyias agilis,,,
Uromyias agraphia,,,
Nesotriccus tumbezanus,,,
Nesotriccus maranonicus,,,
Nesotriccus ridgwayi,,,
Nesotriccus murinus,,,
Capsiempis flaveola,,,
Polystictus pectoralis,,,
Polystictus superciliaris,,,
Culicivora caudacuta,,,
Pseudocolopteryx sclateri,,,
Pseudocolopteryx acutipennis,,,
Pseudocolopteryx dinelliana,,,
Pseudocolopteryx flaviventris,,,
Pseudocolopteryx citreola,,,
Tyrannulus elatus,,,
Myiopagis gaimardii,,,
Myiopagis parambae,,,
Myiopagis cinerea,,,
Myiopagis olallai,,,
Myiopagis caniceps,,,
Myiopagis subplacens,,,
Myiopagis flavivertex,,,
Myiopagis cotta,,,
Myiopagis viridicata,,,
Elaenia cristata,,,
Elaenia ruficeps,,,
Elaenia strepera,,,
Elaenia gigas,,,
Elaenia sordida,,,
Elaenia dayi,,,
Elaenia obscura,,,
Elaenia flavogaster,,,
Elaenia parvirostris,,,
Elaenia pelzelni,,,
Elaenia spectabilis,,,
Elaenia ridleyana,,,
Elaenia mesoleuca,,,
Elaenia chiriquensis,,,
Elaenia brachyptera,,,
Elaenia albiceps,,,
Elaenia pallatangae,,,
Elaenia frantzii,,,
Elaenia olivina,,,
Elaenia martinica,,,
Elaenia fallax,,,
Elaenia cherriei,,,
Serpophaga cinerea,,,
Serpophaga hypoleuca,,,
Serpophaga nigricans,,,
Serpophaga subcristata,,,
Serpophaga griseicapilla,,,
Phyllomyias virescens,,,
Phyllomyias reiseri,,,
Phyllomyias urichi,,,
Phyllomyias sclateri,,,
Phyllomyias fasciatus,,,
Phyllomyias weedeni,,,
Phyllomyias griseiceps,,,
Phyllomyias plumbeiceps,,,
Phyllomyias griseocapilla,,,
Acrochordopus zeledoni,,,
Acrochordopus burmeisteri,,,
Tyranniscus nigrocapillus,,,
Tyranniscus cinereiceps,,,
Tyranniscus uropygialis,,,
Zimmerius cinereicapilla,,,
Zimmerius villarejoi,,,
Zimmerius chicomendesi,,,
Zimmerius acer,,,
Zimmerius vilissimus,,,
Zimmerius parvus,,,
Zimmerius albigularis,,,
Zimmerius improbus,,,
Zimmerius chrysops,,,
Zimmerius viridiflavus,,,
Zimmerius bolivianus,,,
Zimmerius petersi,,,
Zimmerius gracilipes,,,
Euscarthmus fulviceps,,,
Euscarthmus meloryphus,,,
Euscarthmus rufomarginatus,,,
Pseudelaenia leucospodia,,,
Stigmatura napensis,,,
Stigmatura bahiae,,,
Stigmatura budytoides,,,
Inezia tenuirostris,,,
Inezia inornata,,,
Inezia subflava,,,
Inezia caudata,,,
Myiophobus flavicans,,,
Myiophobus phoenicomitra,,,
Myiophobus inornatus,,,
Myiophobus roraimae,,,
Myiophobus cryptoxanthus,,,
Myiophobus fasciatus,,,
Myiophobus crypterythrus,,,
Myiophobus rufescens,,,
Lathrotriccus euleri,,,
Lathrotriccus griseipectus,,,
Aphanotriccus capitalis,,,
Aphanotriccus audax,,,
Xenotriccus callizonus,,,
Xenotriccus mexicanus,,,
Mitrephanes phaeocercus,,,
Mitrephanes olivaceus,,,
Contopus cooperi,UB::Western-Palearctic::Rare/Accidental ,https://avibase.bsc-eoc.org/species.jsp?avibaseid=951C150C10C1B0BA,Near-threatened
Contopus ochraceus,,,
Contopus pertinax,,,
Contopus lugubris,,,
Contopus fumigatus,,,
Contopus pallidus,,,
Contopus punensis,,,
Contopus albogularis,,,
Contopus nigrescens,,,
Contopus cinereus,,,
Contopus sordidulus,,,
Contopus bogotensis,,,
Contopus virens,UB::Western-Palearctic::Rare/Accidental ,https://avibase.bsc-eoc.org/species.jsp?avibaseid=9891BF73279CAB69,Least concern
Contopus caribaeus,,,
Contopus hispaniolensis,,,
Contopus latirostris,,,
Cnemotriccus fuscatus,,,
Empidonax flaviventris,UB::Western-Palearctic::Rare/Accidental ,https://avibase.bsc-eoc.org/species.jsp?avibaseid=7B0669CBD8FC7A17,Least concern
Empidonax virescens,UB::Western-Palearctic::Rare/Accidental ,https://avibase.bsc-eoc.org/species.jsp?avibaseid=2778A3F42BBFEBD5,Least concern
Empidonax alnorum,UB::Western-Palearctic::Rare/Accidental ,https://avibase.bsc-eoc.org/species.jsp?avibaseid=338088120A17D3EA,Least concern
Empidonax traillii,,,
Empidonax albigularis,,,
Empidonax minimus,UB::Western-Palearctic::Rare/Accidental ,https://avibase.bsc-eoc.org/species.jsp?avibaseid=F5837054F30BA49D,Least concern
Empidonax hammondii,,,
Empidonax wrightii,,,
Empidonax oberholseri,,,
Empidonax affinis,,,
Empidonax difficilis,,,
Empidonax flavescens,,,
Empidonax fulvifrons,,,
Empidonax atriceps,,,
Sayornis nigricans,,,
Sayornis phoebe,UB::Western-Palearctic::Rare/Accidental ,https://avibase.bsc-eoc.org/species.jsp?avibaseid=62CA2AF81AF5B68D,Least concern
Sayornis saya,,,
Guyramemua affine,,,
Sublegatus arenarum,,,
Sublegatus obscurior,,,
Sublegatus modestus,,,
Pyrocephalus rubinus,,,
Pyrocephalus nanus,,,
Lessonia rufa,,,
Lessonia oreas,,,
Knipolegus orenocensis,,,
Knipolegus poecilurus,,,
Knipolegus poecilocercus,,,
Knipolegus franciscanus,,,
Knipolegus lophotes,,,
Knipolegus nigerrimus,,,
Knipolegus signatus,,,
Knipolegus cabanisi,,,
Knipolegus cyanirostris,,,
Knipolegus striaticeps,,,
Knipolegus aterrimus,,,
Knipolegus hudsoni,,,
Hymenops perspicillatus,,,
Ochthornis littoralis,,,
Satrapa icterophrys,,,
Syrtidicola fluviatilis,,,
Muscisaxicola maculirostris,,,
Muscisaxicola griseus,,,
Muscisaxicola juninensis,,,
Muscisaxicola cinereus,,,
Muscisaxicola albifrons,,,
Muscisaxicola flavinucha,,,
Muscisaxicola rufivertex,,,
Muscisaxicola maclovianus,,,
Muscisaxicola albilora,,,
Muscisaxicola alpinus,,,
Muscisaxicola capistratus,,,
Muscisaxicola frontalis,,,
Cnemarchus erythropygius,,,
Cnemarchus rufipennis,,,
Pyrope pyrope,,,
Xolmis velatus,,,
Xolmis irupero,,,
Nengetus cinereus,,,
Neoxolmis coronatus,,,
Neoxolmis salinarum,,,
Neoxolmis rubetra,,,
Neoxolmis rufiventris,,,
Agriornis montanus,,,
Agriornis albicauda,,,
Agriornis lividus,,,
Agriornis micropterus,,,
Agriornis murinus,,,
Myiotheretes striaticollis,,,
Myiotheretes pernix,,,
Myiotheretes fumigatus,,,
Myiotheretes fuscorufus,,,
Arundinicola leucocephala,,,
Fluvicola pica,,,
Fluvicola albiventer,,,
Fluvicola nengeta,,,
Muscipipra vetula,,,
Gubernetes yetapa,,,
Heteroxolmis dominicana,,,
Alectrurus tricolor,,,
Alectrurus risora,,,
Silvicultrix frontalis,,,
Silvicultrix jelskii,,,
Silvicultrix pulchella,,,
Silvicultrix diadema,,,
Colorhamphus parvirostris,,,
Ochthoeca salvini,,,
Ochthoeca cinnamomeiventris,,,
Ochthoeca nigrita,,,
Ochthoeca thoracica,,,
Ochthoeca rufipectoralis,,,
Ochthoeca fumicolor,,,
Ochthoeca superciliosa,,,
Ochthoeca oenanthoides,,,
Ochthoeca piurae,,,
Ochthoeca leucophrys,,,
Colonia colonus,,,
Muscigralla brevicauda,,,
Ramphotrigon megacephalum,,,
Ramphotrigon ruficauda,,,
Ramphotrigon flammulatum,,,
Ramphotrigon fuscicauda,,,
Attila phoenicurus,,,
Attila cinnamomeus,,,
Attila torridus,,,
Attila citriniventris,,,
Attila bolivianus,,,
Attila rufus,,,
Attila spadiceus,,,
Sirystes albogriseus,,,
Sirystes albocinereus,,,
Sirystes subcanescens,,,
Sirystes sibilator,,,
Casiornis rufus,,,
Casiornis fuscus,,,
Rhytipterna holerythra,,,
Rhytipterna simplex,,,
Rhytipterna immunda,,,
Myiarchus semirufus,,,
Myiarchus yucatanensis,,,
Myiarchus barbirostris,,,
Myiarchus tuberculifer,,,
Myiarchus swainsoni,,,
Myiarchus venezuelensis,,,
Myiarchus panamensis,,,
Myiarchus ferox,,,
Myiarchus apicalis,,,
Myiarchus phaeocephalus,,,
Myiarchus cephalotes,,,
Myiarchus cinerascens,,,
Myiarchus nuttingi,,,
Myiarchus flavidior,,,
Myiarchus crinitus,,,
Myiarchus tyrannulus,,,
Myiarchus magnirostris,,,
Myiarchus nugator,,,
Myiarchus validus,,,
Myiarchus sagrae,,,
Myiarchus stolidus,,,
Myiarchus antillarum,,,
Myiarchus oberi,,,
Machetornis rixosa,,,
Philohydor lictor,,,
Pitangus sulphuratus,,,
Megarynchus pitangua,,,
Myiozetetes cayanensis,,,
Myiozetetes similis,,,
Myiozetetes granadensis,,,
Myiozetetes luteiventris,,,
Phelpsia inornata,,,
Conopias albovittatus,,,
Conopias parvus,,,
Conopias trivirgatus,,,
Conopias cinchoneti,,,
Myiodynastes hemichrysus,,,
Myiodynastes chrysocephalus,,,
Myiodynastes bairdii,,,
Myiodynastes maculatus,,,
Myiodynastes luteiventris,,,
Legatus leucophaius,,,
Empidonomus varius,,,
Empidonomus aurantioatrocristatus,,,
Tyrannopsis sulphurea,,,
Tyrannus niveigularis,,,
Tyrannus albogularis,,,
Tyrannus melancholicus,,,
Tyrannus couchii,,,
Tyrannus vociferans,,,
Tyrannus crassirostris,,,
Tyrannus verticalis,UB::Western-Palearctic::Rare/Accidental ,https://avibase.bsc-eoc.org/species.jsp?avibaseid=2281F1C77260C0AB,Least concern
Tyrannus tyrannus,UB::Western-Palearctic::Rare/Accidental ,https://avibase.bsc-eoc.org/species.jsp?avibaseid=082D833CF61D6360,Least concern
Tyrannus dominicensis,,,
Tyrannus caudifasciatus,,,
Tyrannus cubensis,,,
Tyrannus forficatus,,,
Tyrannus savana,UB::Western-Palearctic::Rare/Accidental ,https://avibase.bsc-eoc.org/species.jsp?avibaseid=A2510EF44C67DD52,Least concern
Menura alberti,,,
Menura novaehollandiae,,,
Atrichornis rufescens,,,
Atrichornis clamosus,,,
Ailuroedus buccoides,,,
Ailuroedus stonii,,,
Ailuroedus geislerorum,,,
Ailuroedus maculosus,,,
Ailuroedus melanotis,,,
Ailuroedus crassirostris,,,
Scenopoeetes dentirostris,,,
Archboldia papuensis,,,
Amblyornis inornata,,,
Amblyornis macgregoriae,,,
Amblyornis subalaris,,,
Amblyornis flavifrons,,,
Prionodura newtoniana,,,
Sericulus aureus,,,
Sericulus ardens,,,
Sericulus bakeri,,,
Sericulus chrysocephalus,,,
Ptilonorhynchus violaceus,,,
Chlamydera guttata,,,
Chlamydera maculata,,,
Chlamydera nuchalis,,,
Chlamydera lauterbachi,,,
Chlamydera cerviniventris,,,
Cormobates placens,,,
Cormobates leucophaea,,,
Climacteris affinis,,,
Climacteris erythrops,,,
Climacteris picumnus,,,
Climacteris melanurus,,,
Climacteris rufus,,,
Amytornis barbatus,,,
Amytornis whitei,,,
Amytornis oweni,,,
Amytornis rowleyi,,,
Amytornis striatus,,,
Amytornis woodwardi,,,
Amytornis dorotheae,,,
Amytornis merrotsyi,,,
Amytornis textilis,,,
Amytornis modestus,,,
Amytornis housei,,,
Amytornis goyderi,,,
Amytornis purnelli,,,
Amytornis ballarae,,,
Stipiturus malachurus,,,
Stipiturus ruficeps,,,
Stipiturus mallee,,,
Sipodotus wallacii,,,
Clytomyias insignis,,,
Chenorhamphus grayi,,,
Chenorhamphus campbelli,,,
Malurus cyanocephalus,,,
Malurus coronatus,,,
Malurus elegans,,,
Malurus pulcherrimus,,,
Malurus assimilis,,,
Malurus lamberti,,,
Malurus amabilis,,,
Malurus splendens,,,
Malurus cyaneus,,,
Malurus leucopterus,,,
Malurus melanocephalus,,,
Malurus alboscapulatus,,,
Myza celebensis,,,
Myza sarasinorum,,,
Acanthorhynchus tenuirostris,,,
Acanthorhynchus superciliosus,,,
Certhionyx variegatus,,,
Pycnopygius ixoides,,,
Pycnopygius cinereus,,,
Pycnopygius stictocephalus,,,
Prosthemadera novaeseelandiae,,,
Anthornis melanura,,,
Anthornis melanocephala,,,
Meliphaga aruensis,,,
Meliphaga notata,,,
Meliphaga lewinii,,,
Meliphaga reticulata,,,
Meliphaga fordiana,,,
Meliphaga albilineata,,,
Meliphaga chrysogenys,,,
Meliphaga montana,,,
Meliphaga mimikae,,,
Meliphaga flavirictus,,,
Meliphaga orientalis,,,
Meliphaga albonotata,,,
Meliphaga analoga,,,
Meliphaga vicina,,,
Meliphaga gracilis,,,
Meliphaga imitatrix,,,
Meliphaga cinereifrons,,,
Stomiopera flava,,,
Stomiopera unicolor,,,
Purnella albifrons,,,
Caligavis chrysops,,,
Caligavis subfrenata,,,
Caligavis obscura,,,
Lichenostomus melanops,,,
Lichenostomus cratitius,,,
Manorina melanophrys,,,
Manorina melanocephala,,,
Manorina flavigula,,,
Manorina melanotis,,,
Melionyx fuscus,,,
Melionyx nouhuysi,,,
Melionyx princeps,,,
Melidectes torquatus,,,
Melidectes ochromelas,,,
Melidectes leucostephes,,,
Melidectes foersteri,,,
Melidectes belfordi,,,
Melidectes rufocrissalis,,,
Bolemoreus frenatus,,,
Bolemoreus hindwoodi,,,
Acanthagenys rufogularis,,,
Anthochaera chrysoptera,,,
Anthochaera lunulata,,,
Anthochaera phrygia,,,
Anthochaera carunculata,,,
Anthochaera paradoxa,,,
Gavicalis versicolor,,,
Gavicalis fasciogularis,,,
Gavicalis virescens,,,
Ptilotula ornata,,,
Ptilotula penicillata,,,
Ptilotula flavescens,,,
Ptilotula fusca,,,
Ptilotula keartlandi,,,
Ptilotula plumula,,,
Stresemannia bougainvillei,,,
Ramsayornis modestus,,,
Ramsayornis fasciatus,,,
Conopophila albogularis,,,
Conopophila rufogularis,,,
Conopophila whitei,,,
Ashbyia lovensis,,,
Epthianura crocea,,,
Epthianura tricolor,,,
Epthianura aurifrons,,,
Epthianura albifrons,,,
Melipotes gymnops,,,
Melipotes fumigatus,,,
Melipotes carolae,,,
Melipotes ater,,,
Macgregoria pulchra,,,
Melilestes megarhynchus,,,
Timeliopsis fulvigula,,,
Timeliopsis griseigula,,,
Sugomel nigrum,,,
Vosea whitemanensis,,,
Myzomela blasii,,,
Myzomela albigula,,,
Myzomela eques,,,
Myzomela cineracea,,,
Myzomela simplex,,,
Myzomela rubrotincta,,,
Myzomela rubrobrunnea,,,
Myzomela obscura,,,
Myzomela cruentata,,,
Myzomela erythrina,,,
Myzomela nigrita,,,
Myzomela pulchella,,,
Myzomela prawiradilagae,,,
Myzomela kuehni,,,
Myzomela erythrocephala,,,
Myzomela dammermani,,,
Myzomela irianawidodoae,,,
Myzomela adolphinae,,,
Myzomela chloroptera,,,
Myzomela batjanensis,,,
Myzomela wahe,,,
Myzomela wakoloensis,,,
Myzomela boiei,,,
Myzomela caledonica,,,
Myzomela sanguinolenta,,,
Myzomela rubratra,,,
Myzomela cardinalis,,,
Myzomela nigriventris,,,
Myzomela chermesina,,,
Myzomela sclateri,,,
Myzomela pammelaena,,,
Myzomela lafargei,,,
Myzomela eichhorni,,,
Myzomela malaitae,,,
Myzomela melanocephala,,,
Myzomela tristrami,,,
Myzomela jugularis,,,
Myzomela erythromelas,,,
Myzomela vulnerata,,,
Myzomela rosenbergii,,,
Myzomela longirostris,,,
Gliciphila undulata,,,
Gliciphila melanops,,,
Gliciphila notabilis,,,
Glycichaera fallax,,,
Ptiloprora plumbea,,,
Ptiloprora meekiana,,,
Ptiloprora erythropleura,,,
Ptiloprora mayri,,,
Ptiloprora guisei,,,
Ptiloprora perstriata,,,
Cissomela pectoralis,,,
Lichmera lombokia,,,
Lichmera argentauris,,,
Lichmera indistincta,,,
Lichmera incana,,,
Lichmera squamata,,,
Lichmera alboauricularis,,,
Lichmera deningeri,,,
Lichmera monticola,,,
Lichmera flavicans,,,
Lichmera notabilis,,,
Phylidonyris pyrrhopterus,,,
Phylidonyris novaehollandiae,,,
Phylidonyris niger,,,
Trichodere cockerelli,,,
Nesoptilotis leucotis,,,
Nesoptilotis flavicollis,,,
Entomyzon cyanotis,,,
Melithreptus albogularis,,,
Melithreptus chloropsis,,,
Melithreptus lunatus,,,
Melithreptus affinis,,,
Melithreptus brevirostris,,,
Melithreptus gularis,,,
Melithreptus validirostris,,,
Meliarchus sclateri,,,
Guadalcanaria inexpectata,,,
Meliphacator provocator,,,
Gymnomyza viridis,,,
Gymnomyza brunneirostris,,,
Gymnomyza samoensis,,,
Gymnomyza aubryana,,,
Foulehaio procerior,,,
Foulehaio carunculatus,,,
Foulehaio taviunensis,,,
Xanthotis flaviventer,,,
Xanthotis polygrammus,,,
Xanthotis macleayanus,,,
Plectorhyncha lanceolata,,,
Grantiella picta,,,
Melitograis gilolensis,,,
Philemon citreogularis,,,
Philemon meyeri,,,
Philemon inornatus,,,
Philemon kisserensis,,,
Philemon brassi,,,
Philemon fuscicapillus,,,
Philemon moluccensis,,,
Philemon plumigenis,,,
Philemon subcorniculatus,,,
Philemon eichhorni,,,
Philemon buceroides,,,
Philemon albitorques,,,
Philemon cockerelli,,,
Philemon argenticeps,,,
Philemon corniculatus,,,
Philemon diemenensis,,,
Dasyornis longirostris,,,
Dasyornis brachypterus,,,
Dasyornis broadbenti,,,
Pardalotus punctatus,,,
Pardalotus quadragintus,,,
Pardalotus rubricatus,,,
Pardalotus striatus,,,
Pachycare flavogriseum,,,
Oreoscopus gutturalis,,,
Pycnoptilus floccosus,,,
Pyrrholaemus brunneus,,,
Pyrrholaemus sagittatus,,,
Hylacola cauta,,,
Hylacola pyrrhopygia,,,
Calamanthus fuliginosus,,,
Calamanthus campestris,,,
Calamanthus montanellus,,,
Smicrornis brevirostris,,,
Neosericornis citreogularis,,,
Origma robusta,,,
Origma murina,,,
Origma solitaria,,,
Sericornis humilis,,,
Sericornis frontalis,,,
Sericornis maculatus,,,
Sericornis keri,,,
Sericornis beccarii,,,
Sericornis magnirostra,,,
Sericornis nouhuysi,,,
Aethomyias spilodera,,,
Aethomyias nigrorufus,,,
Aethomyias rufescens,UB::Western-Palearctic::Introduced-species ,https://avibase.bsc-eoc.org/species.jsp?avibaseid=F4F588DC090C9674,Least concern
Aethomyias perspicillatus,,,
Aethomyias arfakianus,,,
Aethomyias papuensis,,,
Acanthornis magna,,,
Aphelocephala leucopsis,,,
Aphelocephala nigricincta,,,
Aphelocephala pectoralis,,,
Acanthiza chrysorrhoa,,,
Acanthiza cinerea,,,
Acanthiza murina,,,
Acanthiza nana,,,
Acanthiza lineata,,,
Acanthiza apicalis,,,
Acanthiza ewingii,,,
Acanthiza katherina,,,
Acanthiza pusilla,,,
Acanthiza robustirostris,,,
Acanthiza iredalei,,,
Acanthiza uropygialis,,,
Acanthiza inornata,,,
Acanthiza reguloides,,,
Gerygone chrysogaster,,,
Gerygone mouki,,,
Gerygone chloronota,,,
Gerygone palpebrosa,,,
Gerygone magnirostris,,,
Gerygone hypoxantha,,,
Gerygone inornata,,,
Gerygone dorsalis,,,
Gerygone olivacea,,,
Gerygone sulphurea,,,
Gerygone tenebrosa,,,
Gerygone flavolateralis,,,
Gerygone citrina,,,
Gerygone levigaster,,,
Gerygone fusca,,,
Gerygone ruficollis,,,
Gerygone insularis,,,
Gerygone modesta,,,
Gerygone igata,,,
Gerygone albofrontata,,,
Garritornis isidorei,,,
Pomatostomus temporalis,,,
Pomatostomus superciliosus,,,
Pomatostomus halli,,,
Pomatostomus ruficeps,,,
Orthonyx novaeguineae,,,
Orthonyx temminckii,,,
Orthonyx spaldingii,,,
Cinclosoma punctatum,,,
Cinclosoma castanotum,,,
Cinclosoma clarum,,,
Cinclosoma castaneothorax,,,
Cinclosoma marginatum,,,
Cinclosoma cinnamomeum,,,
Cinclosoma alisteri,,,
Cinclosoma ajax,,,
Ptilorrhoa leucosticta,,,
Ptilorrhoa caerulescens,,,
Ptilorrhoa geislerorum,,,
Ptilorrhoa castanonota,,,
Pericrocotus erythropygius,,,
Pericrocotus albifrons,,,
Pericrocotus igneus,,,
Pericrocotus cinnamomeus,,,
Pericrocotus solaris,,,
Pericrocotus miniatus,,,
Pericrocotus brevirostris,,,
Pericrocotus lansbergei,,,
Pericrocotus ethologus,,,
Pericrocotus flammeus,,,
Pericrocotus speciosus,,,
Pericrocotus tegimae,,,
Pericrocotus divaricatus,,,
Pericrocotus cantonensis,,,
Pericrocotus roseus,,,
Ceblepyris cucullatus,,,
Ceblepyris cinereus,,,
Ceblepyris graueri,,,
Ceblepyris caesius,,,
Ceblepyris pectoralis,,,
Coracina caeruleogrisea,,,
Coracina longicauda,,,
Coracina bicolor,,,
Coracina temminckii,,,
Coracina maxima,,,
Coracina lineata,,,
Coracina boyeri,,,
Coracina novaehollandiae,,,
Coracina welchmani,,,
Coracina papuensis,,,
Coracina atriceps,,,
Coracina caledonica,,,
Coracina macei,,,
Coracina javensis,,,
Coracina larutensis,,,
Coracina striata,,,
Coracina mindorensis,,,
Coracina panayensis,,,
Coracina kochii,,,
Coracina guillemardi,,,
Coracina dobsoni,,,
Coracina larvata,,,
Coracina personata,,,
Coracina parvula,,,
Coracina fortis,,,
Coracina leucopygia,,,
Coracina schistacea,,,
Lobotos lobatus,,,
Lobotos oriolinus,,,
Campephaga flava,,,
Campephaga petiti,,,
Campephaga phoenicea,,,
Campephaga quiscalina,,,
Campochaera sloetii,,,
Malindangia mcgregori,,,
Lalage maculosa,,,
Lalage sharpei,,,
Lalage leucopyga,,,
Lalage sueurii,,,
Lalage tricolor,,,
Lalage atrovirens,,,
Lalage leucoptera,,,
Lalage moesta,,,
Lalage leucomela,,,
Lalage conjuncta,,,
Lalage melanoleuca,,,
Lalage leucopygialis,,,
Lalage nigra,,,
Lalage aurea,,,
Lalage newtoni,,,
Lalage typica,,,
Lalage melaschistos,,,
Lalage melanoptera,,,
Lalage fimbriata,,,
Lalage polioptera,,,
Celebesica abbotti,,,
Cyanograucalus azureus,,,
Edolisoma anale,,,
Edolisoma coerulescens,,,
Edolisoma ostentum,,,
Edolisoma montanum,,,
Edolisoma dohertyi,,,
Edolisoma dispar,,,
Edolisoma timoriense,,,
Edolisoma ceramense,,,
Edolisoma insperatum,,,
Edolisoma mindanense,,,
Edolisoma schisticeps,,,
Edolisoma melas,,,
Edolisoma holopolium,,,
Edolisoma tricolor,,,
Edolisoma salomonis,,,
Edolisoma admiralitatis,,,
Edolisoma salvadorii,,,
Edolisoma monacha,,,
Edolisoma nesiotis,,,
Edolisoma erythropygium,,,
Edolisoma morio,,,
Edolisoma meyerii,,,
Edolisoma pelingi,,,
Edolisoma obiense,,,
Edolisoma sula,,,
Edolisoma grayi,,,
Edolisoma incertum,,,
Edolisoma remotum,,,
Edolisoma rostratum,,,
Edolisoma amboinense,,,
Edolisoma tenuirostre,,,
Mohoua albicilla,,,
Mohoua ochrocephala,,,
Mohoua novaeseelandiae,,,
Daphoenositta miranda,,,
Daphoenositta papuensis,,,
Daphoenositta chrysoptera,,,
Androphobus viridis,,,
Psophodes olivaceus,,,
Psophodes nigrogularis,,,
Psophodes occidentalis,,,
Psophodes cristatus,,,
Eulacestoma nigropectus,,,
Oreoica gutturalis,,,
Aleadryas rufinucha,,,
Ornorectes cristatus,,,
Falcunculus frontatus,,,
Falcunculus leucogaster,,,
Falcunculus whitei,,,
Oreocharis arfaki,,,
Paramythia olivacea,,,
Paramythia montium,,,
Pteruthius rufiventer,,,
Pteruthius flaviscapis,,,
Pteruthius aeralatus,,,
Pteruthius xanthochlorus,,,
Pteruthius melanotis,,,
Pteruthius aenobarbus,,,
Pteruthius intermedius,,,
Erpornis zantholeuca,,,
Cyclarhis gujanensis,,,
Cyclarhis nigrirostris,,,
Hylophilus amaurocephalus,,,
Hylophilus poicilotis,,,
Hylophilus olivaceus,,,
Hylophilus pectoralis,,,
Hylophilus flavipes,,,
Hylophilus semicinereus,,,
Hylophilus brunneiceps,,,
Hylophilus thoracicus,,,
Vireolanius melitophrys,,,
Vireolanius pulchellus,,,
Vireolanius eximius,,,
Vireolanius leucotis,,,
Tunchiornis ochraceiceps,,,
Tunchiornis ferrugineifrons,,,
Tunchiornis luteifrons,,,
Tunchiornis rubrifrons,,,
Pachysylvia decurtata,,,
Pachysylvia hypoxantha,,,
Pachysylvia muscicapina,,,
Pachysylvia aurantiifrons,,,
Pachysylvia semibrunnea,,,
Vireo hypochryseus,,,
Vireo osburni,,,
Vireo brevipennis,,,
Vireo atricapilla,,,
Vireo nelsoni,,,
Vireo griseus,UB::Western-Palearctic::Rare/Accidental ,https://avibase.bsc-eoc.org/species.jsp?avibaseid=D97F93CC29E30108,Least concern
Vireo crassirostris,,,
Vireo pallens,,,
Vireo bairdi,,,
Vireo caribaeus,,,
Vireo modestus,,,
Vireo gundlachii,,,
Vireo latimeri,,,
Vireo nanus,,,
Vireo bellii,,,
Vireo vicinior,,,
Vireo huttoni,,,
Vireo flavifrons,UB::Western-Palearctic::Rare/Accidental ,https://avibase.bsc-eoc.org/species.jsp?avibaseid=F8DDF6A6429E64D0,Least concern
Vireo carmioli,,,
Vireo masteri,,,
Vireo cassinii,,,
Vireo solitarius,UB::Western-Palearctic::Rare/Accidental ,https://avibase.bsc-eoc.org/species.jsp?avibaseid=95DB0943652956D1,Least concern
Vireo plumbeus,,,
Vireo sclateri,,,
Vireo philadelphicus,UB::Western-Palearctic::Rare/Accidental ,https://avibase.bsc-eoc.org/species.jsp?avibaseid=447A1BA516A43F9A,Least concern
Vireo gilvus,UB::Western-Palearctic::Rare/Accidental ,https://avibase.bsc-eoc.org/species.jsp?avibaseid=25ACCDC0B76636D7,Least concern
Vireo swainsoni,,,
Vireo leucophrys,,,
Vireo olivaceus,UB::Western-Palearctic::Rare/Accidental ,https://avibase.bsc-eoc.org/species.jsp?avibaseid=847717E2FC283AD8,Least concern
Vireo chivi,,,
Vireo gracilirostris,,,
Vireo flavoviridis,,,
Vireo altiloquus,,,
Vireo magister,,,
Pseudorectes ferrugineus,,,
Pseudorectes incertus,,,
Colluricincla woodwardi,,,
Colluricincla boweri,,,
Colluricincla harmonica,,,
Colluricincla tenebrosa,,,
Colluricincla megarhyncha,,,
Melanorectes nigrescens,,,
Coracornis sanghirensis,,,
Coracornis raveni,,,
Pachycephala olivacea,,,
Pachycephala rufogularis,,,
Pachycephala inornata,,,
Pachycephala nudigula,,,
Pachycephala orpheus,,,
Pachycephala schlegelii,,,
Pachycephala chlorura,,,
Pachycephala meyeri,,,
Pachycephala soror,,,
Pachycephala vitiensis,,,
Pachycephala graeffii,,,
Pachycephala flavifrons,,,
Pachycephala jacquinoti,,,
Pachycephala caledonica,,,
Pachycephala implicata,,,
Pachycephala richardsi,,,
Pachycephala citreogaster,,,
Pachycephala collaris,,,
Pachycephala ornata,,,
Pachycephala utupuae,,,
Pachycephala vanikorensis,,,
Pachycephala orioloides,,,
Pachycephala feminina,,,
Pachycephala calliope,,,
Pachycephala teysmanni,,,
Pachycephala macrorhyncha,,,
Pachycephala sharpei,,,
Pachycephala mentalis,,,
Pachycephala balim,,,
Pachycephala pectoralis,,,
Pachycephala melanura,,,
Pachycephala tenebrosa,,,
Pachycephala modesta,,,
Pachycephala lorentzi,,,
Pachycephala aurea,,,
Pachycephala philippinensis,,,
Pachycephala hypoxantha,,,
Pachycephala sulfuriventer,,,
Pachycephala cinerea,,,
Pachycephala albiventris,,,
Pachycephala homeyeri,,,
Pachycephala phaionota,,,
Pachycephala melanorhyncha,,,
Pachycephala hyperythra,,,
Pachycephala simplex,,,
Pachycephala arctitorquis,,,
Pachycephala griseonota,,,
Pachycephala leucogastra,,,
Pachycephala monacha,,,
Pachycephala rufiventris,,,
Pachycephala lanioides,,,
Pitohui dichrous,,,
Pitohui cerviniventris,,,
Pitohui kirhocephalus,,,
Pitohui uropygialis,,,
Oriolus melanotis,,,
Oriolus finschi,,,
Oriolus bouroensis,,,
Oriolus decipiens,,,
Oriolus forsteni,,,
Oriolus phaeochromus,,,
Oriolus szalayi,,,
Oriolus sagittatus,,,
Oriolus flavocinctus,,,
Oriolus xanthonotus,,,
Oriolus consobrinus,,,
Oriolus albiloris,,,
Oriolus steerii,,,
Oriolus isabellae,,,
Oriolus oriolus,UB::Western-Palearctic::Common ,https://avibase.bsc-eoc.org/species.jsp?avibaseid=92A772BBB88868CD,Least concern
Oriolus kundoo,UB::Western-Palearctic::Rare/Accidental ,https://avibase.bsc-eoc.org/species.jsp?avibaseid=4C263A0E9863761B,Least concern
Oriolus auratus,,,
Oriolus chinensis,,,
Oriolus tenuirostris,,,
Oriolus chlorocephalus,,,
Oriolus crassirostris,,,
Oriolus brachyrynchus,,,
Oriolus monacha,,,
Oriolus larvatus,,,
Oriolus percivali,,,
Oriolus nigripennis,,,
Oriolus xanthornus,,,
Oriolus hosii,,,
Oriolus consanguineus,,,
Oriolus cruentus,,,
Oriolus traillii,,,
Oriolus mellianus,,,
Sphecotheres hypoleucus,,,
Sphecotheres viridis,,,
Sphecotheres vieilloti,,,
Turnagra tanagra,,,
Turnagra capensis,,,
Machaerirhynchus nigripectus,,,
Machaerirhynchus flaviventer,,,
Artamus fuscus,,,
Artamus mentalis,,,
Artamus monachus,,,
Artamus maximus,,,
Artamus leucorynchus,,,
Artamus insignis,,,
Artamus personatus,,,
Artamus superciliosus,,,
Artamus cinereus,,,
Artamus cyanopterus,,,
Artamus minor,,,
Peltops montanus,,,
Peltops blainvillii,,,
Cracticus mentalis,,,
Cracticus torquatus,,,
Cracticus argenteus,,,
Cracticus cassicus,,,
Cracticus louisiadensis,,,
Cracticus nigrogularis,,,
Melloria quoyi,,,
Gymnorhina tibicen,,,
Strepera graculina,,,
Strepera fuliginosa,,,
Strepera versicolor,,,
Rhagologus leucostigma,,,
Lanioturdus torquatus,,,
Dyaphorophyia castanea,,,
Dyaphorophyia hormophora,,,
Dyaphorophyia tonsa,,,
Platysteira cyanea,,,
Platysteira albifrons,,,
Platysteira peltata,,,
Platysteira laticincta,,,
Platysteira blissetti,,,
Platysteira chalybea,,,
Platysteira jamesoni,,,
Platysteira concreta,,,
Batis margaritae,,,
Batis mixta,,,
Batis crypta,,,
Batis diops,,,
Batis capensis,,,
Batis dimorpha,,,
Batis fratrum,,,
Batis molitor,,,
Batis soror,,,
Batis pririt,,,
Batis senegalensis,,,
Batis orientalis,,,
Batis erlangeri,,,
Batis minor,,,
Batis perkeo,,,
Batis minima,,,
Batis ituriensis,,,
Batis poensis,,,
Batis occulta,,,
Batis minulla,,,
Prionops plumatus,,,
Prionops poliolophus,,,
Prionops alberti,,,
Prionops caniceps,,,
Prionops rufiventris,,,
Prionops retzii,,,
Prionops gabela,,,
Prionops scopifrons,,,
Megabyas flammulatus,,,
Bias musicus,,,
Tephrodornis sylvicola,,,
Tephrodornis virgatus,,,
Tephrodornis pondicerianus,,,
Tephrodornis affinis,,,
Hemipus picatus,,,
Hemipus hirundinaceus,,,
Philentoma pyrhoptera,,,
Philentoma velata,,,
Newtonia archboldi,,,
Newtonia brunneicauda,,,
Newtonia amphichroa,,,
Newtonia fanovanae,,,
Tylas eduardi,,,
Calicalicus madagascariensis,,,
Calicalicus rufocarpalis,,,
Hypositta corallirostris,,,
Leptopterus chabert,,,
Mystacornis crossleyi,,,
Cyanolanius comorensis,,,
Cyanolanius madagascarinus,,,
Vanga curvirostris,,,
Pseudobias wardi,,,
Schetba rufa,,,
Euryceros prevostii,,,
Oriolia bernieri,,,
Falculea palliata,,,
Artamella viridis,,,
Xenopirostris polleni,,,
Xenopirostris xenopirostris,,,
Xenopirostris damii,,,
Pityriasis gymnocephala,,,
Aegithina tiphia,,,
Aegithina nigrolutea,,,
Aegithina viridissima,,,
Aegithina lafresnayei,,,
Nilaus afer,,,
Dryoscopus gambensis,,,
Dryoscopus pringlii,,,
Dryoscopus cubla,,,
Dryoscopus senegalensis,,,
Dryoscopus angolensis,,,
Dryoscopus sabini,,,
Bocagia minuta,,,
Tchagra senegalus,UB::Western-Palearctic::Common ,https://avibase.bsc-eoc.org/species.jsp?avibaseid=022798AB098C2792,Least concern
Tchagra australis,,,
Tchagra jamesi,,,
Tchagra tchagra,,,
Laniarius ruficeps,,,
Laniarius nigerrimus,,,
Laniarius luehderi,,,
Laniarius brauni,,,
Laniarius amboimensis,,,
Laniarius turatii,,,
Laniarius aethiopicus,,,
Laniarius major,,,
Laniarius sublacteus,,,
Laniarius bicolor,,,
Laniarius ferrugineus,,,
Laniarius barbarus,,,
Laniarius erythrogaster,,,
Laniarius atrococcineus,,,
Laniarius mufumbiri,,,
Laniarius atroflavus,,,
Laniarius funebris,,,
Laniarius leucorhynchus,,,
Laniarius willardi,,,
Laniarius poensis,,,
Laniarius holomelas,,,
Laniarius fuelleborni,,,
Rhodophoneus cruentus,UB::Western-Palearctic::Common ,https://avibase.bsc-eoc.org/species.jsp?avibaseid=8B8AC14A24011F2E,Least concern
Telophorus zeylonus,,,
Telophorus viridis,,,
Telophorus dohertyi,,,
Chlorophoneus bocagei,,,
Chlorophoneus sulfureopectus,,,
Chlorophoneus olivaceus,,,
Chlorophoneus multicolor,,,
Chlorophoneus nigrifrons,,,
Chlorophoneus kupeensis,,,
Malaconotus cruentus,,,
Malaconotus lagdeni,,,
Malaconotus gladiator,,,
Malaconotus blanchoti,,,
Malaconotus monteiri,,,
Malaconotus alius,,,
Chaetorhynchus papuensis,,,
Eutrichomyias rowleyi,,,
Lamprolia victoriae,,,
Lamprolia klinesmithi,,,
Rhipidura atra,,,
Rhipidura nigrocinnamomea,,,
Rhipidura superciliaris,,,
Rhipidura samarensis,,,
Rhipidura sauli,,,
Rhipidura albiventris,,,
Rhipidura cyaniceps,,,
Rhipidura perlata,,,
Rhipidura fuscorufa,,,
Rhipidura cockerelli,,,
Rhipidura coultasi,,,
Rhipidura rufiventris,,,
Rhipidura diluta,,,
Rhipidura threnothorax,,,
Rhipidura maculipectus,,,
Rhipidura leucothorax,,,
Rhipidura leucophrys,,,
Rhipidura javanica,,,
Rhipidura nigritorquis,,,
Rhipidura albicollis,,,
Rhipidura albogularis,,,
Rhipidura phoenicura,,,
Rhipidura euryura,,,
Rhipidura aureola,,,
Rhipidura rufidorsa,,,
Rhipidura brachyrhyncha,,,
Rhipidura dahli,,,
Rhipidura matthiae,,,
Rhipidura malaitae,,,
Rhipidura teysmanni,,,
Rhipidura habibiei,,,
Rhipidura sulaensis,,,
Rhipidura superflua,,,
Rhipidura dedemi,,,
Rhipidura opistherythra,,,
Rhipidura lepida,,,
Rhipidura semirubra,,,
Rhipidura semicollaris,,,
Rhipidura dryas,,,
Rhipidura torrida,,,
Rhipidura rufifrons,,,
Rhipidura louisiadensis,,,
Rhipidura melanolaema,,,
Rhipidura versicolor,,,
Rhipidura rufofronta,,,
Rhipidura kubaryi,,,
Rhipidura albolimbata,,,
Rhipidura hyperythra,,,
Rhipidura drownei,,,
Rhipidura ocularis,,,
Rhipidura spilodera,,,
Rhipidura layardi,,,
Rhipidura verreauxi,,,
Rhipidura tenebrosa,,,
Rhipidura rennelliana,,,
Rhipidura personata,,,
Rhipidura nebulosa,,,
Rhipidura albiscapa,,,
Rhipidura phasiana,,,
Rhipidura fuliginosa,,,
Dicrurus sharpei,,,
Dicrurus ludwigii,,,
Dicrurus atripennis,,,
Dicrurus adsimilis,,,
Dicrurus modestus,,,
Dicrurus aldabranus,,,
Dicrurus fuscipennis,,,
Dicrurus forficatus,,,
Dicrurus waldenii,,,
Dicrurus macrocercus,,https://avibase.bsc-eoc.org/species.jsp?avibaseid=D90F9B0BBDBA5E57,Least concern
Dicrurus leucophaeus,UB::Western-Palearctic::Rare/Accidental ,https://avibase.bsc-eoc.org/species.jsp?avibaseid=5FD53BB1BBFAE015,Least concern
Dicrurus caerulescens,,,
Dicrurus annectens,,,
Dicrurus aeneus,,,
Dicrurus remifer,,,
Dicrurus hottentottus,,,
Dicrurus striatus,,,
Dicrurus palawanensis,,,
Dicrurus balicassius,,,
Dicrurus montanus,,,
Dicrurus sumatranus,,,
Dicrurus densus,,,
Dicrurus megarhynchus,,,
Dicrurus bracteatus,,,
Dicrurus menagei,,,
Dicrurus andamanensis,,,
Dicrurus paradiseus,,,
Dicrurus lophorinus,,,
Lycocorax pyrrhopterus,,,
Lycocorax obiensis,,,
Phonygammus keraudrenii,,,
Manucodia comrii,,,
Manucodia chalybatus,,,
Manucodia jobiensis,,,
Manucodia ater,,,
Pteridophora alberti,,,
Parotia carolae,,,
Parotia berlepschi,,,
Parotia sefilata,,,
Parotia wahnesi,,,
Parotia lawesii,,,
Parotia helenae,,,
Seleucidis melanoleucus,,,
Drepanornis albertisi,,,
Drepanornis bruijnii,,,
Semioptera wallacii,,,
Lophorina superba,,,
Lophorina latipennis,,,
Lophorina minor,,,
Ptiloris paradiseus,,,
Ptiloris victoriae,,,
Ptiloris magnificus,,,
Ptiloris intercedens,,,
Epimachus fastosus,,,
Epimachus meyeri,,,
Paradigalla carunculata,,,
Paradigalla brevicauda,,,
Astrapia splendidissima,,,
Astrapia nigra,,,
Astrapia rothschildi,,,
Astrapia stephaniae,,,
Astrapia mayeri,,,
Cicinnurus regius,,,
Diphyllodes respublica,,,
Diphyllodes magnificus,,,
Paradisornis rudolphi,,,
Paradisaea guilielmi,,,
Paradisaea rubra,,,
Paradisaea decora,,,
Paradisaea minor,,,
Paradisaea raggiana,,,
Paradisaea apoda,,,
Ifrita kowaldi,,,
Trochocercus nitens,,,
Trochocercus cyanomelas,,,
Hypothymis helenae,,,
Hypothymis azurea,,,
Hypothymis puella,,,
Hypothymis coelestis,,,
Terpsiphone cyanescens,,,
Terpsiphone cinnamomea,,,
Terpsiphone atrocaudata,,,
Terpsiphone incei,,,
Terpsiphone affinis,,,
Terpsiphone floris,,,
Terpsiphone bourbonnensis,,,
Terpsiphone paradisi,,,
Terpsiphone atrochalybeia,,,
Terpsiphone corvina,,,
Terpsiphone mutata,,,
Terpsiphone rufiventer,,,
Terpsiphone bedfordi,,,
Terpsiphone rufocinerea,,,
Terpsiphone batesi,,,
Terpsiphone viridis,,,
Chasiempis sandwichensis,,,
Chasiempis sclateri,,,
Chasiempis ibidis,,,
Pomarea nigra,,,
Pomarea maupitiensis,,,
Pomarea dimidiata,,,
Pomarea fluxa,,,
Pomarea nukuhivae,,,
Pomarea iphis,,,
Pomarea mira,,,
Pomarea mendozae,,,
Pomarea whitneyi,,,
Mayrornis versicolor,,,
Mayrornis lessoni,,,
Mayrornis schistaceus,,,
Neolalage banksiana,,,
Clytorhynchus pachycephaloides,,,
Clytorhynchus hamlini,,,
Clytorhynchus vitiensis,,,
Clytorhynchus nigrogularis,,,
Clytorhynchus sanctaecrucis,,,
Carterornis pileatus,,,
Carterornis castus,,,
Carterornis leucotis,,,
Carterornis chrysomela,,,
Metabolus rugensis,,,
Monarcha godeffroyi,,,
Monarcha takatsukasae,,,
Monarcha cinerascens,,,
Monarcha richardsii,,,
Monarcha castaneiventris,,,
Monarcha melanopsis,,,
Monarcha frater,,,
Symposiachrus axillaris,,,
Symposiachrus rubiensis,,,
Symposiachrus sacerdotum,,,
Symposiachrus boanensis,,,
Symposiachrus bimaculatus,,,
Symposiachrus trivirgatus,,,
Symposiachrus melanopterus,,,
Symposiachrus leucurus,,,
Symposiachrus everetti,,,
Symposiachrus loricatus,,,
Symposiachrus julianae,,,
Symposiachrus brehmii,,,
Symposiachrus manadensis,,,
Symposiachrus infelix,,,
Symposiachrus menckei,,,
Symposiachrus verticalis,,,
Symposiachrus barbatus,,,
Symposiachrus malaitae,,,
Symposiachrus browni,,,
Symposiachrus nigrotectus,,,
Symposiachrus mundus,,,
Symposiachrus vidua,,,
Symposiachrus guttula,,,
Arses telescopthalmus,,,
Arses lorealis,,,
Arses insularis,,,
Arses kaupi,,,
Grallina cyanoleuca,,,
Grallina bruijnii,,,
Myiagra erythrops,,,
Myiagra freycineti,,,
Myiagra pluto,,,
Myiagra oceanica,,,
Myiagra atra,,,
Myiagra galeata,,,
Myiagra rubecula,,,
Myiagra ferrocyanea,,,
Myiagra cervinicauda,,,
Myiagra caledonica,,,
Myiagra vanikorensis,,,
Myiagra albiventris,,,
Myiagra azureocapilla,,,
Myiagra castaneigularis,,,
Myiagra ruficollis,,,
Myiagra cyanoleuca,,,
Myiagra inquieta,,,
Myiagra nana,,,
Myiagra alecto,,,
Myiagra hebetior,,,
Myiagra eichhorni,,,
Corcorax melanorhamphos,,,
Struthidea cinerea,,,
Melampitta lugubris,,,
Megalampitta gigantea,,,
Platylophus galericulatus,,,
Corvinella corvina,UB::Western-Palearctic::Rare/Accidental ,https://avibase.bsc-eoc.org/species.jsp?avibaseid=E44FAD6F1D1DBB34,Least concern
Urolestes melanoleucus,,,
Lanius tigrinus,,,
Lanius bucephalus,,,
Lanius collurio,UB::Western-Palearctic::Common ,https://avibase.bsc-eoc.org/species.jsp?avibaseid=F2CEFD1A4EA5F608,Least concern
Lanius phoenicuroides,UB::Western-Palearctic::Rare/Accidental ,https://avibase.bsc-eoc.org/species.jsp?avibaseid=EE7915A2B3EB856E,Least concern
Lanius isabellinus,UB::Western-Palearctic::Rare/Accidental ,https://avibase.bsc-eoc.org/species.jsp?avibaseid=97166F728A7D0E91,Least concern
Lanius cristatus,UB::Western-Palearctic::Rare/Accidental ,https://avibase.bsc-eoc.org/species.jsp?avibaseid=E4968582E577D9D1,Least concern
Lanius collurioides,,,
Lanius gubernator,,,
Lanius vittatus,UB::Western-Palearctic::Rare/Accidental ,https://avibase.bsc-eoc.org/species.jsp?avibaseid=FED815713F56A965,Least concern
Lanius schach,UB::Western-Palearctic::Rare/Accidental ,https://avibase.bsc-eoc.org/species.jsp?avibaseid=69FC190BC179A4FD,Least concern
Lanius tephronotus,,,
Lanius validirostris,,,
Lanius ludovicianus,,,
Lanius borealis,UB::Western-Palearctic::Rare/Accidental ,https://avibase.bsc-eoc.org/species.jsp?avibaseid=76158864558E850E,Least concern
Lanius meridionalis,UB::Western-Palearctic::Common ,https://avibase.bsc-eoc.org/species.jsp?avibaseid=EDE09959B80DFDAB,Vulnerable
Lanius excubitor,UB::Western-Palearctic::Common ,https://avibase.bsc-eoc.org/species.jsp?avibaseid=DB2501EEBA3D38AA,Least concern
Lanius minor,UB::Western-Palearctic::Common ,https://avibase.bsc-eoc.org/species.jsp?avibaseid=8852337B06E8A14E,Least concern
Lanius sphenocercus,,,
Lanius giganteus,,,
Lanius excubitoroides,,,
Lanius cabanisi,,,
Lanius dorsalis,,,
Lanius somalicus,,,
Lanius mackinnoni,,,
Lanius humeralis,,,
Lanius collaris,,,
Lanius souzae,,,
Lanius newtoni,,,
Lanius nubicus,UB::Western-Palearctic::Common ,https://avibase.bsc-eoc.org/species.jsp?avibaseid=E90CC64A3A32FE26,Least concern
Lanius senator,UB::Western-Palearctic::Common ,https://avibase.bsc-eoc.org/species.jsp?avibaseid=7E70D490A6476D16,Near-threatened
Eurocephalus ruppelli,,,
Eurocephalus anguitimens,,,
Platysmurus leucopterus,,,
Platysmurus aterrimus,,,
Perisoreus infaustus,UB::Western-Palearctic::Common ,https://avibase.bsc-eoc.org/species.jsp?avibaseid=43E6246776E789EC,Least concern
Perisoreus internigrans,,,
Perisoreus canadensis,,,
Cyanolyca mirabilis,,,
Cyanolyca nanus,,,
Cyanolyca pumilo,,,
Cyanolyca argentigula,,,
Cyanolyca cucullata,,,
Cyanolyca pulchra,,,
Cyanolyca armillata,,,
Cyanolyca turcosa,,,
Cyanolyca viridicyanus,,,
Cyanocorax colliei,,,
Cyanocorax formosus,,,
Cyanocorax morio,,,
Cyanocorax caeruleus,,,
Cyanocorax violaceus,,,
Cyanocorax cyanomelas,,,
Cyanocorax cristatellus,,,
Cyanocorax yncas,,,
Cyanocorax mystacalis,,,
Cyanocorax melanocyaneus,,,
Cyanocorax yucatanicus,,,
Cyanocorax beecheii,,,
Cyanocorax sanblasianus,,,
Cyanocorax dickeyi,,,
Cyanocorax affinis,,,
Cyanocorax heilprini,,,
Cyanocorax cayanus,,,
Cyanocorax chrysops,,,
Cyanocorax cyanopogon,,,
Gymnorhinus cyanocephalus,,,
Cyanocitta stelleri,,,
Cyanocitta cristata,UB::Western-Palearctic::Uncertain-origin ,https://avibase.bsc-eoc.org/species.jsp?avibaseid=1DA430B8663CD4BE,Least concern
Aphelocoma coerulescens,,,
Aphelocoma insularis,,,
Aphelocoma californica,,,
Aphelocoma woodhouseii,,,
Aphelocoma wollweberi,,,
Aphelocoma ultramarina,,,
Aphelocoma unicolor,,,
Garrulus glandarius,UB::Western-Palearctic::Common ,https://avibase.bsc-eoc.org/species.jsp?avibaseid=D8D10F2C5A9AA49F,Least concern
Garrulus lanceolatus,,,
Garrulus lidthi,,,
Cyanopica cooki,UB::Western-Palearctic::Common ,https://avibase.bsc-eoc.org/species.jsp?avibaseid=D30A8AE1FDA18C0A,Least concern
Cyanopica cyanus,,,
Urocissa ornata,,,
Urocissa caerulea,,,
Urocissa flavirostris,,,
Urocissa erythroryncha,,,
Urocissa whiteheadi,,,
Cissa chinensis,,,
Cissa hypoleuca,,,
Cissa thalassina,,,
Cissa jefferyi,,,
Dendrocitta vagabunda,,,
Dendrocitta formosae,,,
Dendrocitta occipitalis,,,
Dendrocitta cinerascens,,,
Dendrocitta leucogastra,,,
Dendrocitta frontalis,,,
Dendrocitta bayleii,,,
Crypsirina temia,,,
Crypsirina cucullata,,,
Temnurus temnurus,,,
Pica mauritanica,UB::Western-Palearctic::Common ,https://avibase.bsc-eoc.org/species.jsp?avibaseid=3FA7E460EC07707F,Least concern
Pica asirensis,,,
Pica bottanensis,,,
Pica serica,,,
Pica pica,UB::Western-Palearctic::Common ,https://avibase.bsc-eoc.org/species.jsp?avibaseid=FBBBA943D3AB65E8,Least concern
Pica hudsonia,,,
Pica nuttalli,,,
Zavattariornis stresemanni,,,
Podoces hendersoni,,,
Podoces biddulphi,,,
Podoces panderi,,,
Podoces pleskei,UB::Western-Palearctic::Endemic ,https://avibase.bsc-eoc.org/species.jsp?avibaseid=6F3A7C959CF3CF8B,Least concern
Nucifraga columbiana,,,
Nucifraga caryocatactes,UB::Western-Palearctic::Common ,https://avibase.bsc-eoc.org/species.jsp?avibaseid=D9B001DFE77E8A73,Least concern
Nucifraga hemispila,UB::Western-Palearctic::Common ,https://avibase.bsc-eoc.org/species.jsp?avibaseid=2AF8ECCEA41ABF73,Least concern
Nucifraga multipunctata,,,
Pyrrhocorax pyrrhocorax,UB::Western-Palearctic::Common ,https://avibase.bsc-eoc.org/species.jsp?avibaseid=18D2C42A9AD30CD8,Least concern
Pyrrhocorax graculus,UB::Western-Palearctic::Common ,https://avibase.bsc-eoc.org/species.jsp?avibaseid=45B512E2ECC3DB1D,Least concern
Ptilostomus afer,,,
Coloeus monedula,UB::Western-Palearctic::Common ,https://avibase.bsc-eoc.org/species.jsp?avibaseid=D4C32F8E792B65BA,Least concern
Coloeus dauuricus,UB::Western-Palearctic::Rare/Accidental ,https://avibase.bsc-eoc.org/species.jsp?avibaseid=9F784AB11E547808,Least concern
Corvus splendens,UB::Western-Palearctic::Common ,https://avibase.bsc-eoc.org/species.jsp?avibaseid=3986890399CA4859,Least concern
Corvus moneduloides,,,
Corvus unicolor,,,
Corvus enca,,,
Corvus sierramadrensis,,,
Corvus samarensis,,,
Corvus celebensis,,,
Corvus pusillus,,,
Corvus violaceus,,,
Corvus typicus,,,
Corvus florensis,,,
Corvus kubaryi,,,
Corvus validus,,,
Corvus woodfordi,,,
Corvus meeki,,,
Corvus fuscicapillus,,,
Corvus tristis,,,
Corvus capensis,,,
Corvus frugilegus,UB::Western-Palearctic::Common ,https://avibase.bsc-eoc.org/species.jsp?avibaseid=1078FFEA23D9DD25,Least concern
Corvus brachyrhynchos,,,
Corvus minutus,,,
Corvus palmarum,,,
Corvus nasicus,,,
Corvus leucognaphalus,,,
Corvus jamaicensis,,,
Corvus imparatus,,,
Corvus sinaloae,,,
Corvus ossifragus,,,
Corvus hawaiiensis,,,
Corvus cryptoleucus,,,
Corvus corone,UB::Western-Palearctic::Common ,https://avibase.bsc-eoc.org/species.jsp?avibaseid=26FB62DAE4262583,Least concern
Corvus cornix,UB::Western-Palearctic::Common ,https://avibase.bsc-eoc.org/species.jsp?avibaseid=F13D8350405F3C10,Least concern
Corvus macrorhynchos,,https://avibase.bsc-eoc.org/species.jsp?avibaseid=A9146F3B612602AC,Least concern
Corvus philippinus,,,
Corvus orru,,,
Corvus insularis,,,
Corvus bennetti,,,
Corvus coronoides,,,
Corvus mellori,,,
Corvus tasmanicus,,,
Corvus torquatus,,,
Corvus albus,UB::Western-Palearctic::Rare/Accidental ,https://avibase.bsc-eoc.org/species.jsp?avibaseid=34D538E14AA16E13,Least concern
Corvus ruficollis,UB::Western-Palearctic::Common ,https://avibase.bsc-eoc.org/species.jsp?avibaseid=F202454550BD38CD,Least concern
Corvus edithae,,,
Corvus rhipidurus,UB::Western-Palearctic::Common ,https://avibase.bsc-eoc.org/species.jsp?avibaseid=32C216E28E856C3E,Least concern
Corvus albicollis,,,
Corvus crassirostris,,,
Corvus corax,UB::Western-Palearctic::Common ,https://avibase.bsc-eoc.org/species.jsp?avibaseid=B9B272F40EE1570F,Least concern
Cnemophilus loriae,,,
Cnemophilus macgregorii,,,
Loboparadisea sericea,,,
Melanocharis arfakiana,,,
Melanocharis nigra,,,
Melanocharis longicauda,,,
Melanocharis versteri,,,
Melanocharis citreola,,,
Melanocharis striativentris,,,
Melanocharis crassirostris,,,
Melanocharis piperata,,,
Toxorhamphus novaeguineae,,,
Toxorhamphus poliopterus,,,
Oedistoma iliolophus,,,
Oedistoma pygmaeum,,,
Callaeas wilsoni,,,
Callaeas cinereus,,,
Philesturnus rufusater,,,
Philesturnus carunculatus,,,
Heteralocha acutirostris,,,
Notiomystis cincta,,,
Amalocichla sclateriana,,,
Amalocichla incerta,,,
Pachycephalopsis poliosoma,,,
Pachycephalopsis hattamensis,,,
Eugerygone rubra,,,
Petroica macrocephala,,,
Petroica traversi,,,
Petroica longipes,,,
Petroica australis,,,
Petroica bivittata,,,
Petroica archboldi,,,
Petroica multicolor,,,
Petroica goodenovii,,,
Petroica polymorpha,,,
Petroica pusilla,,,
Petroica rosea,,,
Petroica rodinogaster,,,
Petroica phoenicea,,,
Petroica boodang,,,
Devioeca papuana,,,
Kempiella flavovirescens,,,
Kempiella griseoceps,,,
Cryptomicroeca flaviventris,,,
Monachella muelleriana,,,
Microeca hemixantha,,,
Microeca flavigaster,,,
Microeca fascinans,,,
Drymodes brunneopygia,,,
Drymodes superciliaris,,,
Drymodes beccarii,,,
Heteromyias cinereifrons,,,
Heteromyias armiti,,,
Heteromyias albispecularis,,,
Leucophantes brachyurus,,,
Plesiodryas albonotata,,,
Poecilodryas hypoleuca,,,
Poecilodryas superciliosa,,,
Poecilodryas cerviniventris,,,
Melanodryas vittata,,,
Melanodryas cucullata,,,
Melanodryas bimaculata,,,
Melanodryas pulverulenta,,,
Melanodryas sigillata,,,
Melanodryas cyanus,,,
Melanodryas cryptoleuca,,,
Eopsaltria placens,,,
Eopsaltria australis,,,
Eopsaltria griseogularis,,,
Eopsaltria georgiana,,,
Eopsaltria capito,,,
Eopsaltria leucops,,,
Picathartes gymnocephalus,,,
Picathartes oreas,,,
Chaetops frenatus,,,
Chaetops aurantius,,,
Eupetes macrocerus,,,
Hyliota flavigaster,,,
Hyliota australis,,,
Hyliota usambara,,,
Hyliota violacea,,,
Stenostira scita,,,
Chelidorhynx hypoxanthus,,,
Elminia longicauda,,,
Elminia albicauda,,,
Elminia nigromitrata,,,
Elminia albiventris,,,
Elminia albonotata,,,
Culicicapa ceylonensis,,,
Culicicapa helianthea,,,
Cephalopyrus flammiceps,,,
Sylviparus modestus,,,
Melanochlora sultanea,,,
Periparus ater,UB::Western-Palearctic::Common ,https://avibase.bsc-eoc.org/species.jsp?avibaseid=166CD4402D4A416B,Least concern
Periparus rufonuchalis,,,
Periparus rubidiventris,,,
Periparus venustulus,,,
Periparus elegans,,,
Periparus amabilis,,,
Lophophanes cristatus,UB::Western-Palearctic::Common ,https://avibase.bsc-eoc.org/species.jsp?avibaseid=E553193354C74B21,Least concern
Lophophanes dichrous,,,
Sittiparus castaneoventris,,,
Sittiparus olivaceus,,,
Sittiparus varius,,,
Sittiparus owstoni,,,
Sittiparus semilarvatus,,,
Poecile superciliosus,,,
Poecile lugubris,UB::Western-Palearctic::Common ,https://avibase.bsc-eoc.org/species.jsp?avibaseid=CEC34DA4D6E4A0F1,Least concern
Poecile davidi,,,
Poecile palustris,UB::Western-Palearctic::Common ,https://avibase.bsc-eoc.org/species.jsp?avibaseid=523763E55D4A8153,Least concern
Poecile hyrcanus,UB::Western-Palearctic::Rare/Accidental ,https://avibase.bsc-eoc.org/species.jsp?avibaseid=C3670DBEFAD457AF,Least concern
Poecile hypermelaenus,,,
Poecile montanus,UB::Western-Palearctic::Common ,https://avibase.bsc-eoc.org/species.jsp?avibaseid=F963401E5AFA01DC,Least concern
Poecile weigoldicus,,,
Poecile carolinensis,,,
Poecile atricapillus,,,
Poecile gambeli,,,
Poecile sclateri,,,
Poecile rufescens,,,
Poecile hudsonicus,,,
Poecile cinctus,UB::Western-Palearctic::Common ,https://avibase.bsc-eoc.org/species.jsp?avibaseid=67504FA2052E4CBB,Least concern
Cyanistes caeruleus,UB::Western-Palearctic::Common ,https://avibase.bsc-eoc.org/species.jsp?avibaseid=9BE53D340F9A4305,Least concern
Cyanistes teneriffae,UB::Western-Palearctic::Common ,https://avibase.bsc-eoc.org/species.jsp?avibaseid=BE2B80F474DA5F64,Least concern
Cyanistes cyanus,UB::Western-Palearctic::Common ,https://avibase.bsc-eoc.org/species.jsp?avibaseid=184A6A8E71DA133A,Least concern
Baeolophus wollweberi,,,
Baeolophus inornatus,,,
Baeolophus ridgwayi,,,
Baeolophus bicolor,,,
Baeolophus atricristatus,,,
Pseudopodoces humilis,,,
Parus monticolus,,,
Parus major,UB::Western-Palearctic::Common ,https://avibase.bsc-eoc.org/species.jsp?avibaseid=E15BC0CB3DEAA621,Least concern
Parus cinereus,UB::Western-Palearctic::Common ,https://avibase.bsc-eoc.org/species.jsp?avibaseid=414DC961B6C4F9A8,Least concern
Machlolophus nuchalis,,,
Machlolophus holsti,,,
Machlolophus xanthogenys,,,
Machlolophus aplonotus,,,
Machlolophus spilonotus,,,
Melaniparus guineensis,,,
Melaniparus leucomelas,,,
Melaniparus rufiventris,,,
Melaniparus albiventris,,,
Melaniparus niger,,,
Melaniparus carpi,,,
Melaniparus funereus,,,
Melaniparus griseiventris,,,
Melaniparus fasciiventer,,,
Melaniparus thruppi,,,
Melaniparus fringillinus,,,
Melaniparus leuconotus,,,
Melaniparus cinerascens,,,
Melaniparus afer,,,
Auriparus flaviceps,,,
Remiz pendulinus,UB::Western-Palearctic::Common ,https://avibase.bsc-eoc.org/species.jsp?avibaseid=F81EB04951AA84BB,Least concern
Remiz macronyx,UB::Western-Palearctic::Common ,https://avibase.bsc-eoc.org/species.jsp?avibaseid=64F9CBA76ACCC88E,Least concern
Remiz coronatus,UB::Western-Palearctic::Rare/Accidental ,https://avibase.bsc-eoc.org/species.jsp?avibaseid=454B9078AA7E06B2,Least concern
Remiz consobrinus,,,
Anthoscopus punctifrons,,,
Anthoscopus musculus,,,
Anthoscopus parvulus,,,
Anthoscopus flavifrons,,,
Anthoscopus caroli,,,
Anthoscopus minutus,,,
Chersomanes albofasciata,,,
Chersomanes beesleyi,,,
Alaemon alaudipes,UB::Western-Palearctic::Common ,https://avibase.bsc-eoc.org/species.jsp?avibaseid=3E4513D9B079B399,Least concern
Alaemon hamertoni,,,
Ammomanopsis grayi,,,
Certhilauda chuana,,,
Certhilauda subcoronata,,,
Certhilauda semitorquata,,,
Certhilauda curvirostris,,,
Pinarocorys erythropygia,,,
Pinarocorys nigricans,,,
Ramphocoris clotbey,UB::Western-Palearctic::Common ,https://avibase.bsc-eoc.org/species.jsp?avibaseid=9ADB6BA5B67E1B65,Least concern
Ammomanes cinctura,UB::Western-Palearctic::Common ,https://avibase.bsc-eoc.org/species.jsp?avibaseid=20A0844D8FB86C1F,Least concern
Ammomanes phoenicura,,,
Ammomanes deserti,UB::Western-Palearctic::Common ,https://avibase.bsc-eoc.org/species.jsp?avibaseid=A977348D32FB435E,Least concern
Eremopterix australis,,,
Eremopterix hova,,,
Eremopterix leucotis,,,
Eremopterix nigriceps,UB::Western-Palearctic::Common ,https://avibase.bsc-eoc.org/species.jsp?avibaseid=8C3578224075119E,Least concern
Eremopterix griseus,,,
Eremopterix signatus,UB::Western-Palearctic::Rare/Accidental ,https://avibase.bsc-eoc.org/species.jsp?avibaseid=2F66131B58350563,Least concern
Eremopterix verticalis,,,
Eremopterix leucopareia,,,
Calendulauda rufa,,,
Calendulauda sabota,,,
Calendulauda gilletti,,,
Calendulauda poecilosterna,,,
Calendulauda africanoides,,,
Calendulauda albescens,,,
Calendulauda burra,,,
Calendulauda erythrochlamys,,,
Heteromirafra archeri,,,
Heteromirafra ruddi,,,
Plocealauda microptera,,,
Plocealauda erythrocephala,,,
Plocealauda affinis,,,
Plocealauda erythroptera,,,
Plocealauda assamica,,,
Mirafra passerina,,,
Mirafra cordofanica,UB::Western-Palearctic::Common ,https://avibase.bsc-eoc.org/species.jsp?avibaseid=67F96AABBD051483,Least concern
Mirafra williamsi,,,
Mirafra pulpa,,,
Mirafra albicauda,,,
Mirafra cheniana,,,
Mirafra javanica,,,
Amirafra collaris,,,
Amirafra rufocinnamomea,,,
Amirafra angolensis,,,
Corypha kurrae,,,
Corypha apiata,,,
Corypha fasciolata,,,
Corypha kabalii,,,
Corypha nigrescens,,,
Corypha africana,,,
Corypha athi,,,
Corypha somalica,,,
Corypha hypermetra,,,
Corypha sharpii,,,
Corypha kidepoensis,,,
Lullula arborea,UB::Western-Palearctic::Common ,https://avibase.bsc-eoc.org/species.jsp?avibaseid=742EC2F1CA97F56C,Least concern
Spizocorys starki,,,
Spizocorys personata,,,
Spizocorys conirostris,,,
Spizocorys fringillaris,,,
Spizocorys fremantlii,,,
Spizocorys obbiensis,,,
Spizocorys sclateri,,,
Alauda leucoptera,UB::Western-Palearctic::Common ,https://avibase.bsc-eoc.org/species.jsp?avibaseid=400B3679BCB80EDB,Least concern
Alauda razae,UB::Western-Palearctic::Common ,https://avibase.bsc-eoc.org/species.jsp?avibaseid=359C16F5B8631E8D,Critically endangered
Alauda arvensis,UB::Western-Palearctic::Common ,https://avibase.bsc-eoc.org/species.jsp?avibaseid=ED2AC04E888EF9CF,Least concern
Alauda gulgula,UB::Western-Palearctic::Rare/Accidental ,https://avibase.bsc-eoc.org/species.jsp?avibaseid=E988F1D549A6773D,Least concern
Galerida modesta,,,
Galerida magnirostris,,,
Galerida deva,,,
Galerida theklae,UB::Western-Palearctic::Common ,https://avibase.bsc-eoc.org/species.jsp?avibaseid=5351025CD2FE0285,Least concern
Galerida cristata,UB::Western-Palearctic::Common ,https://avibase.bsc-eoc.org/species.jsp?avibaseid=21ADC3ED8E24C1C9,Least concern
Galerida malabarica,,,
Eremophila alpestris,UB::Western-Palearctic::Common ,https://avibase.bsc-eoc.org/species.jsp?avibaseid=FC0A1D951186B019,Least concern
Eremophila bilopha,UB::Western-Palearctic::Common ,https://avibase.bsc-eoc.org/species.jsp?avibaseid=89FCE277BC4898DD,Least concern
Calandrella eremica,,,
Calandrella blanfordi,,,
Calandrella brachydactyla,UB::Western-Palearctic::Common ,https://avibase.bsc-eoc.org/species.jsp?avibaseid=4091A51E0603BAF2,Least concern
Calandrella cinerea,,,
Calandrella acutirostris,UB::Western-Palearctic::Rare/Accidental ,https://avibase.bsc-eoc.org/species.jsp?avibaseid=B50B0E476B14BB9E,Least concern
Calandrella dukhunensis,UB::Western-Palearctic::Rare/Accidental ,https://avibase.bsc-eoc.org/species.jsp?avibaseid=B9808769F728450D,Least concern
Melanocorypha bimaculata,UB::Western-Palearctic::Common ,https://avibase.bsc-eoc.org/species.jsp?avibaseid=367807919B4EA167,Least concern
Melanocorypha maxima,,,
Melanocorypha mongolica,,,
Melanocorypha calandra,UB::Western-Palearctic::Common ,https://avibase.bsc-eoc.org/species.jsp?avibaseid=BDC24A8AA8A51BF9,Least concern
Melanocorypha yeltoniensis,UB::Western-Palearctic::Common ,https://avibase.bsc-eoc.org/species.jsp?avibaseid=811FC71929CD3B00,Least concern
Chersophilus duponti,UB::Western-Palearctic::Common ,https://avibase.bsc-eoc.org/species.jsp?avibaseid=504B02182C6C63A9,Vulnerable
Eremalauda dunni,UB::Western-Palearctic::Common ,https://avibase.bsc-eoc.org/species.jsp?avibaseid=E75ECF62216FAB0D,Least concern
Eremalauda eremodites,UB::Western-Palearctic::Common ,https://avibase.bsc-eoc.org/species.jsp?avibaseid=3C6A0512276D4948,Least concern
Alaudala somalica,,,
Alaudala cheleensis,UB::Western-Palearctic::Common ,https://avibase.bsc-eoc.org/species.jsp?avibaseid=399A4A3E8DAF2FC5,Least concern
Alaudala rufescens,UB::Western-Palearctic::Common ,https://avibase.bsc-eoc.org/species.jsp?avibaseid=FE1FE1852275CE88,Least concern
Alaudala heinei,UB::Western-Palearctic::Common ,https://avibase.bsc-eoc.org/species.jsp?avibaseid=238EC109773091F5,Least concern
Alaudala raytal,UB::Western-Palearctic::Common ,https://avibase.bsc-eoc.org/species.jsp?avibaseid=862C271E3E26EF82,Least concern
Panurus biarmicus,UB::Western-Palearctic::Common ,https://avibase.bsc-eoc.org/species.jsp?avibaseid=7D59F91D9548DCE7,Least concern
Nicator chloris,,,
Nicator gularis,,,
Nicator vireo,,,
Sylvietta virens,,,
Sylvietta denti,,,
Sylvietta leucophrys,,,
Sylvietta brachyura,,,
Sylvietta philippae,,,
Sylvietta ruficapilla,,,
Sylvietta whytii,,,
Sylvietta isabellina,,,
Sylvietta rufescens,,,
Achaetops pycnopygius,,,
Melocichla mentalis,,,
Sphenoeacus afer,,,
Cryptillas victorini,,,
Macrosphenus kempi,,,
Macrosphenus flavicans,,,
Macrosphenus concolor,,,
Macrosphenus pulitzeri,,,
Macrosphenus kretschmeri,,,
Neomixis tenella,,,
Neomixis viridis,,,
Neomixis striatigula,,,
Micromacronus leytensis,,,
Micromacronus sordidus,,,
Eremomela flavicrissalis,,,
Eremomela icteropygialis,,,
Eremomela pusilla,,,
Eremomela canescens,,,
Eremomela scotops,,,
Eremomela gregalis,,,
Eremomela badiceps,,,
Eremomela turneri,,,
Eremomela atricollis,,,
Eremomela usticollis,,,
Drymocichla incana,,,
Schistolais leontica,,,
Schistolais leucopogon,,,
Oreophilais robertsi,,,
Phragmacia substriata,,,
Urolais epichlorus,,,
Oreolais pulcher,,,
Oreolais ruwenzorii,,,
Artisornis metopias,,,
Artisornis moreaui,,,
Poliolais lopezi,,,
Calamonastes undosus,,,
Calamonastes stierlingi,,,
Calamonastes simplex,,,
Calamonastes fasciolatus,,,
Camaroptera brachyura,,,
Camaroptera harterti,,,
Camaroptera superciliaris,,,
Camaroptera chloronota,,,
Spiloptila clamans,UB::Western-Palearctic::Common ,https://avibase.bsc-eoc.org/species.jsp?avibaseid=2A88D0BC3159EAEC,Least concern
Phyllolais pulchella,,,
Apalis thoracica,,,
Apalis fuscigularis,,,
Apalis flavigularis,,,
Apalis lynesi,,,
Apalis nigriceps,,,
Apalis jacksoni,,,
Apalis chariessa,,,
Apalis binotata,,,
Apalis personata,,,
Apalis flavida,,,
Apalis ruddi,,,
Apalis sharpii,,,
Apalis rufogularis,,,
Apalis argentea,,,
Apalis bamendae,,,
Apalis goslingi,,,
Apalis kaboboensis,,,
Apalis porphyrolaema,,,
Apalis chapini,,,
Apalis melanocephala,,,
Apalis chirindensis,,,
Apalis cinerea,,,
Apalis alticola,,,
Apalis karamojae,,,
Apalis stronachi,,,
Orthotomus sutorius,,,
Orthotomus frontalis,,,
Orthotomus atrogularis,,,
Orthotomus chaktomuk,,,
Orthotomus ruficeps,,,
Orthotomus sepium,,,
Orthotomus sericeus,,,
Orthotomus castaneiceps,,,
Orthotomus derbianus,,,
Orthotomus chloronotus,,,
Orthotomus samarensis,,,
Orthotomus nigriceps,,,
Orthotomus cinereiceps,,,
Prinia crinigera,,,
Prinia striata,,,
Prinia cooki,,,
Prinia rocki,,,
Prinia polychroa,,,
Prinia atrogularis,,,
Prinia khasiana,,,
Prinia superciliaris,,,
Prinia cinereocapilla,,,
Prinia buchanani,,,
Prinia rufescens,,,
Prinia hodgsonii,,,
Prinia familiaris,,,
Prinia gracilis,UB::Western-Palearctic::Common ,https://avibase.bsc-eoc.org/species.jsp?avibaseid=0FB5894F2DB9DB04,Least concern
Prinia lepida,UB::Western-Palearctic::Common ,https://avibase.bsc-eoc.org/species.jsp?avibaseid=8C3D3992B7B79E00,Least concern
Prinia sylvatica,,,
Prinia flaviventris,,,
Prinia socialis,,,
Prinia subflava,,,
Prinia inornata,,,
Prinia somalica,,,
Prinia fluviatilis,,,
Prinia flavicans,,,
Prinia maculosa,,,
Prinia hypoxantha,,,
Prinia molleri,,,
Prinia bairdii,,,
Prinia erythroptera,,,
Prinia rufifrons,,,
Euryptila subcinnamomea,,,
Scepomycter winifredae,,,
Incana incana,,,
Malcorus pectoralis,,,
Bathmocercus cerviniventris,,,
Bathmocercus rufus,,,
Hypergerus atriceps,,,
Eminia lepida,,,
Cisticola erythrops,,,
Cisticola cantans,,,
Cisticola lateralis,,,
Cisticola anonymus,,,
Cisticola woosnami,,,
Cisticola bulliens,,,
Cisticola chubbi,,,
Cisticola hunteri,,,
Cisticola nigriloris,,,
Cisticola bakerorum,,,
Cisticola aberrans,,,
Cisticola bailunduensis,,,
Cisticola bodessa,,,
Cisticola chiniana,,,
Cisticola cinereolus,,,
Cisticola ruficeps,,,
Cisticola guinea,,,
Cisticola rufilatus,,,
Cisticola subruficapilla,,,
Cisticola distinctus,,,
Cisticola lais,,,
Cisticola restrictus,,,
Cisticola njombe,,,
Cisticola haematocephalus,,,
Cisticola anderseni,,,
Cisticola luapula,,,
Cisticola pipiens,,,
Cisticola lugubris,,,
Cisticola marginatus,,,
Cisticola galactotes,,,
Cisticola carruthersi,,,
Cisticola tinniens,,,
Cisticola robustus,,,
Cisticola natalensis,,,
Cisticola fulvicapilla,,,
Cisticola aberdare,,,
Cisticola angusticauda,,,
Cisticola melanurus,,,
Cisticola brachypterus,,,
Cisticola rufus,,,
Cisticola troglodytes,,,
Cisticola nana,,,
Cisticola juncidis,UB::Western-Palearctic::Common ,https://avibase.bsc-eoc.org/species.jsp?avibaseid=AEE2063F66AE0C70,Least concern
Cisticola haesitatus,,,
Cisticola cherina,,,
Cisticola aridulus,,,
Cisticola textrix,,,
Cisticola eximius,,,
Cisticola dambo,,,
Cisticola brunnescens,,,
Cisticola cinnamomeus,,,
Cisticola ayresii,,,
Cisticola exilis,,,
Graueria vittata,,,
Nesillas aldabrana,,,
Nesillas typica,,,
Nesillas lantzii,,,
Nesillas brevicaudata,,,
Nesillas mariae,,,
Calamonastides gracilirostris,,,
Arundinax aedon,UB::Western-Palearctic::Rare/Accidental ,https://avibase.bsc-eoc.org/species.jsp?avibaseid=213C212A93364C7C,Least concern
Iduna caligata,UB::Western-Palearctic::Common ,https://avibase.bsc-eoc.org/species.jsp?avibaseid=1A6C6F1718FEDB5D,Least concern
Iduna rama,UB::Western-Palearctic::Common ,https://avibase.bsc-eoc.org/species.jsp?avibaseid=A8242804046F8F14,Least concern
Iduna pallida,UB::Western-Palearctic::Common ,https://avibase.bsc-eoc.org/species.jsp?avibaseid=BAE527A2F70F6241,Least concern
Iduna opaca,UB::Western-Palearctic::Common ,https://avibase.bsc-eoc.org/species.jsp?avibaseid=A7275096DD6A3692,Least concern
Iduna natalensis,,,
Iduna similis,,,
Hippolais languida,UB::Western-Palearctic::Common ,https://avibase.bsc-eoc.org/species.jsp?avibaseid=B10AD127C9D4DD7C,Least concern
Hippolais olivetorum,UB::Western-Palearctic::Common ,https://avibase.bsc-eoc.org/species.jsp?avibaseid=791DED180041E350,Least concern
Hippolais polyglotta,UB::Western-Palearctic::Common ,https://avibase.bsc-eoc.org/species.jsp?avibaseid=DCDD1BCA24E978F5,Least concern
Hippolais icterina,UB::Western-Palearctic::Common ,https://avibase.bsc-eoc.org/species.jsp?avibaseid=869C978C8E5840C8,Least concern
Acrocephalus paludicola,UB::Western-Palearctic::Common ,https://avibase.bsc-eoc.org/species.jsp?avibaseid=C15141A60961F8BC,Vulnerable
Acrocephalus bistrigiceps,,,
Acrocephalus sorghophilus,,,
Acrocephalus melanopogon,UB::Western-Palearctic::Common ,https://avibase.bsc-eoc.org/species.jsp?avibaseid=E1559C49B1A6C31F,Least concern
Acrocephalus schoenobaenus,UB::Western-Palearctic::Common ,https://avibase.bsc-eoc.org/species.jsp?avibaseid=FED5AED5C59A00B6,Least concern
Acrocephalus agricola,UB::Western-Palearctic::Common ,https://avibase.bsc-eoc.org/species.jsp?avibaseid=781FE53F2425B4C1,Least concern
Acrocephalus concinens,,,
Acrocephalus tangorum,,,
Acrocephalus dumetorum,UB::Western-Palearctic::Common ,https://avibase.bsc-eoc.org/species.jsp?avibaseid=B22EAFC877C38967,Least concern
Acrocephalus orinus,,,
Acrocephalus palustris,UB::Western-Palearctic::Common ,https://avibase.bsc-eoc.org/species.jsp?avibaseid=B675E006C3745A12,Least concern
Acrocephalus scirpaceus,UB::Western-Palearctic::Common ,https://avibase.bsc-eoc.org/species.jsp?avibaseid=3F0EE4749050AA59,Least concern
Acrocephalus griseldis,UB::Western-Palearctic::Common ,https://avibase.bsc-eoc.org/species.jsp?avibaseid=0D42A2536C5A929A,Endangered
Acrocephalus gracilirostris,,,
Acrocephalus rufescens,,,
Acrocephalus brevipennis,UB::Western-Palearctic::Common ,https://avibase.bsc-eoc.org/species.jsp?avibaseid=AAABFBE86E4946F5,Vulnerable
Acrocephalus newtoni,,,
Acrocephalus rodericanus,,,
Acrocephalus sechellensis,,,
Acrocephalus arundinaceus,UB::Western-Palearctic::Common ,https://avibase.bsc-eoc.org/species.jsp?avibaseid=B283E33243C17D97,Least concern
Acrocephalus orientalis,UB::Western-Palearctic::Rare/Accidental ,https://avibase.bsc-eoc.org/species.jsp?avibaseid=9A6953ED532B99CF,Least concern
Acrocephalus stentoreus,UB::Western-Palearctic::Common ,https://avibase.bsc-eoc.org/species.jsp?avibaseid=D793DF5AB3748CB7,Least concern
Acrocephalus luscinius,,,
Acrocephalus hiwae,,,
Acrocephalus australis,,,
Acrocephalus syrinx,,,
Acrocephalus nijoi,,,
Acrocephalus aequinoctialis,,,
Acrocephalus mendanae,,,
Acrocephalus yamashinae,,,
Acrocephalus rehsei,,,
Acrocephalus familiaris,,,
Acrocephalus vaughani,,,
Acrocephalus taiti,,,
Acrocephalus kerearako,,,
Acrocephalus rimitarae,,,
Acrocephalus musae,,,
Acrocephalus caffer,,,
Acrocephalus longirostris,,,
Acrocephalus percernis,,,
Acrocephalus atyphus,,,
Acrocephalus astrolabii,,,
Robsonius rabori,,,
Robsonius thompsoni,,,
Robsonius sorsogonensis,,,
Helopsaltes fasciolatus,UB::Western-Palearctic::Rare/Accidental ,https://avibase.bsc-eoc.org/species.jsp?avibaseid=2F6F30EF4B9E4AD8,Least concern
Helopsaltes amnicola,,,
Helopsaltes pryeri,,,
Helopsaltes certhiola,UB::Western-Palearctic::Rare/Accidental ,https://avibase.bsc-eoc.org/species.jsp?avibaseid=4C3CF429E3FEFBA2,Least concern
Helopsaltes ochotensis,,,
Helopsaltes pleskei,,,
Locustella lanceolata,UB::Western-Palearctic::Common ,https://avibase.bsc-eoc.org/species.jsp?avibaseid=10A37318BC10CA74,Least concern
Locustella alfredi,,,
Locustella fluviatilis,UB::Western-Palearctic::Common ,https://avibase.bsc-eoc.org/species.jsp?avibaseid=2B020CA0ACF13B19,Least concern
Locustella luscinioides,UB::Western-Palearctic::Common ,https://avibase.bsc-eoc.org/species.jsp?avibaseid=2D46BB9888C846D0,Least concern
Locustella luteoventris,,,
Locustella naevia,UB::Western-Palearctic::Common ,https://avibase.bsc-eoc.org/species.jsp?avibaseid=BC0E4C9F87721B1A,Least concern
Locustella major,,,
Locustella tacsanowskia,,,
Locustella accentor,,,
Locustella caudata,,,
Locustella castanea,,,
Locustella musculus,,,
Locustella portenta,,,
Locustella disturbans,,,
Locustella davidi,,,
Locustella kashmirensis,,,
Locustella thoracica,,,
Locustella alishanensis,,,
Locustella mandelli,,,
Locustella idonea,,,
Locustella chengi,,,
Locustella montis,,,
Locustella seebohmi,,,
Poodytes albolimbatus,,,
Poodytes carteri,,,
Poodytes gramineus,,,
Poodytes punctatus,,,
Poodytes rufescens,,,
Malia grata,,,
Cincloramphus cruralis,,,
Cincloramphus grosvenori,,,
Cincloramphus rubiginosus,,,
Cincloramphus bivittatus,,,
Cincloramphus mathewsi,,,
Cincloramphus timoriensis,,,
Cincloramphus macrurus,,,
Cincloramphus whitneyi,,,
Cincloramphus turipavae,,,
Cincloramphus mariae,,,
Cincloramphus rufus,,,
Cincloramphus llaneae,,,
Elaphrornis palliseri,,,
Schoenicola platyurus,,,
Schoenicola striatus,,,
Catriscus brevirostris,,,
Megalurus palustris,,,
Bradypterus sylvaticus,,,
Bradypterus bangwaensis,,,
Bradypterus barratti,,,
Bradypterus lopezi,,,
Bradypterus cinnamomeus,,,
Bradypterus seebohmi,,,
Bradypterus brunneus,,,
Bradypterus grandis,,,
Bradypterus baboecala,,,
Bradypterus carpalis,,,
Bradypterus graueri,,,
Bradypterus centralis,,,
Donacobius atricapilla,,,
Oxylabes madagascariensis,,,
Bernieria madagascariensis,,,
Cryptosylvicola randrianasoloi,,,
Hartertula flavoviridis,,,
Thamnornis chloropetoides,,,
Crossleyia xanthophrys,,,
Crossleyia tenebrosa,,,
Xanthomixis zosterops,,,
Xanthomixis apperti,,,
Xanthomixis cinereiceps,,,
Randia pseudozosterops,,,
Pnoepyga albiventer,,,
Pnoepyga formosana,,,
Pnoepyga immaculata,,,
Pnoepyga pusilla,,,
Pseudochelidon eurystomina,,,
Pseudochelidon sirintarae,,,
Psalidoprocne nitens,,,
Psalidoprocne fuliginosa,,,
Psalidoprocne albiceps,,,
Psalidoprocne pristoptera,,,
Psalidoprocne obscura,,,
Pseudhirundo griseopyga,,,
Cheramoeca leucosterna,,,
Phedina borbonica,,,
Neophedina cincta,UB::Western-Palearctic::Rare/Accidental ,https://avibase.bsc-eoc.org/species.jsp?avibaseid=1AED683B35F63873,Least concern
Phedinopsis brazzae,,,
Riparia paludicola,UB::Western-Palearctic::Common ,https://avibase.bsc-eoc.org/species.jsp?avibaseid=D285448987FF545B,Least concern
Riparia cowani,,,
Riparia chinensis,UB::Western-Palearctic::Rare/Accidental ,https://avibase.bsc-eoc.org/species.jsp?avibaseid=D0222DB97DC5B9DE,Least concern
Riparia congica,,,
Riparia riparia,UB::Western-Palearctic::Common ,https://avibase.bsc-eoc.org/species.jsp?avibaseid=94A1C447583CB6D2,Least concern
Riparia diluta,UB::Western-Palearctic::Common ,https://avibase.bsc-eoc.org/species.jsp?avibaseid=A9A9E1D123B94E0A,Least concern
Tachycineta bicolor,UB::Western-Palearctic::Rare/Accidental ,https://avibase.bsc-eoc.org/species.jsp?avibaseid=BBA2F9DF60AE60BF,Least concern
Tachycineta stolzmanni,,,
Tachycineta albiventer,,,
Tachycineta leucorrhoa,,,
Tachycineta leucopyga,,,
Tachycineta albilinea,,,
Tachycineta euchrysea,,,
Tachycineta thalassina,,,
Tachycineta cyaneoviridis,,,
Progne subis,UB::Western-Palearctic::Rare/Accidental ,https://avibase.bsc-eoc.org/species.jsp?avibaseid=ACB9D1C6AB7F3371,Least concern
Progne cryptoleuca,,,
Progne dominicensis,,,
Progne sinaloae,,,
Progne chalybea,,,
Progne elegans,,,
Progne murphyi,,,
Progne modesta,,,
Progne tapera,,,
Stelgidopteryx serripennis,UB::Western-Palearctic::Rare/Accidental ,https://avibase.bsc-eoc.org/species.jsp?avibaseid=2C1981BBDAF51B2D,Least concern
Stelgidopteryx ruficollis,,,
Atticora pileata,,,
Atticora tibialis,,,
Atticora fasciata,,,
Pygochelidon cyanoleuca,,,
Pygochelidon melanoleuca,,,
Alopochelidon fucata,,,
Orochelidon flavipes,,,
Orochelidon murina,,,
Orochelidon andecola,,,
Ptyonoprogne rupestris,UB::Western-Palearctic::Common ,https://avibase.bsc-eoc.org/species.jsp?avibaseid=6F2AF9D09463566F,Least concern
Ptyonoprogne obsoleta,UB::Western-Palearctic::Common ,https://avibase.bsc-eoc.org/species.jsp?avibaseid=A97BDA8427A0F38E,Least concern
Ptyonoprogne rufigula,UB::Western-Palearctic::Common ,https://avibase.bsc-eoc.org/species.jsp?avibaseid=A85102D3C3B1152C,Least concern
Ptyonoprogne fuligula,,,
Ptyonoprogne concolor,,,
Hirundo atrocaerulea,,,
Hirundo nigrorufa,,,
Hirundo dimidiata,,,
Hirundo domicola,,,
Hirundo javanica,,,
Hirundo tahitica,,,
Hirundo leucosoma,,,
Hirundo megaensis,,,
Hirundo neoxena,,,
Hirundo rustica,UB::Western-Palearctic::Common ,https://avibase.bsc-eoc.org/species.jsp?avibaseid=58C502EA7AF3E023,Least concern
Hirundo lucida,,,
Hirundo aethiopica,UB::Western-Palearctic::Rare/Accidental ,https://avibase.bsc-eoc.org/species.jsp?avibaseid=42E93B64D9C74D3F,Least concern
Hirundo angolensis,,,
Hirundo nigrita,,,
Hirundo albigularis,UB::Western-Palearctic::Rare/Accidental ,https://avibase.bsc-eoc.org/species.jsp?avibaseid=E7755BD19436D44C,Least concern
Hirundo smithii,,,
Atronanus fuliginosus,,,
Delichon urbicum,UB::Western-Palearctic::Common ,https://avibase.bsc-eoc.org/species.jsp?avibaseid=30FEC6BE132E1224,Least concern
Delichon lagopodum,UB::Western-Palearctic::Common ,https://avibase.bsc-eoc.org/species.jsp?avibaseid=535F7C54E6F11913,Least concern
Delichon dasypus,UB::Western-Palearctic::Rare/Accidental ,https://avibase.bsc-eoc.org/species.jsp?avibaseid=15FD41232BC5127D,Least concern
Delichon nipalense,,,
Cecropis cucullata,,,
Cecropis rufula,UB::Western-Palearctic::Common ,https://avibase.bsc-eoc.org/species.jsp?avibaseid=B4967714063AC2A2,Least concern
Cecropis melanocrissus,,,
Cecropis daurica,UB::Western-Palearctic::Common ,https://avibase.bsc-eoc.org/species.jsp?avibaseid=6FE118C653CD4745,Least concern
Cecropis hyperythra,,,
Cecropis badia,,,
Cecropis abyssinica,UB::Western-Palearctic::Rare/Accidental ,https://avibase.bsc-eoc.org/species.jsp?avibaseid=5ACC908DEB40DC38,Least concern
Cecropis semirufa,UB::Western-Palearctic::Rare/Accidental ,https://avibase.bsc-eoc.org/species.jsp?avibaseid=958F4A5E90FEB8C7,Least concern
Cecropis senegalensis,,,
Petrochelidon rufigula,,,
Petrochelidon preussi,UB::Western-Palearctic::Rare/Accidental ,https://avibase.bsc-eoc.org/species.jsp?avibaseid=AC11EBBB47F716F3,Least concern
Petrochelidon perdita,,,
Petrochelidon spilodera,,,
Petrochelidon fluvicola,UB::Western-Palearctic::Rare/Accidental ,https://avibase.bsc-eoc.org/species.jsp?avibaseid=A4062482E764937A,Least concern
Petrochelidon ariel,,,
Petrochelidon nigricans,,,
Petrochelidon pyrrhonota,UB::Western-Palearctic::Rare/Accidental ,https://avibase.bsc-eoc.org/species.jsp?avibaseid=F5C181CA4478FD86,Least concern
Petrochelidon fulva,,,
Petrochelidon rufocollaris,,,
Andropadus importunus,,,
Stelgidillas gracilirostris,,,
Calyptocichla serinus,,,
Neolestes torquatus,,,
Bleda syndactylus,,,
Bleda eximius,,,
Bleda notatus,,,
Bleda ugandae,,,
Bleda canicapillus,,,
Atimastillas flavicollis,,,
Atimastillas flavigula,,,
Ixonotus guttatus,,,
Thescelocichla leucopleura,,,
Chlorocichla laetissima,,,
Chlorocichla prigoginei,,,
Chlorocichla falkensteini,,,
Chlorocichla flaviventris,,,
Chlorocichla simplex,,,
Baeopogon indicator,,,
Baeopogon clamans,,,
Arizelocichla montana,,,
Arizelocichla masukuensis,,,
Arizelocichla tephrolaema,,,
Arizelocichla kikuyuensis,,,
Arizelocichla nigriceps,,,
Arizelocichla neumanni,,,
Arizelocichla fusciceps,,,
Arizelocichla striifacies,,,
Arizelocichla milanjensis,,,
Arizelocichla chlorigula,,,
Criniger barbatus,,,
Criniger chloronotus,,,
Criniger calurus,,,
Criniger ndussumensis,,,
Criniger olivaceus,,,
Eurillas virens,,,
Eurillas latirostris,,,
Eurillas curvirostris,,,
Eurillas gracilis,,,
Eurillas ansorgei,,,
Phyllastrephus debilis,,,
Phyllastrephus albigula,,,
Phyllastrephus albigularis,,,
Phyllastrephus viridiceps,,,
Phyllastrephus flavostriatus,,,
Phyllastrephus xavieri,,,
Phyllastrephus icterinus,,,
Phyllastrephus terrestris,,,
Phyllastrephus poensis,,,
Phyllastrephus strepitans,,,
Phyllastrephus cerviniventris,,,
Phyllastrephus fischeri,,,
Phyllastrephus cabanisi,,,
Phyllastrephus scandens,,,
Phyllastrephus lorenzi,,,
Phyllastrephus poliocephalus,,,
Phyllastrephus hypochloris,,,
Phyllastrephus baumanni,,,
Phyllastrephus fulviventris,,,
Tricholestes criniger,,,
Setornis criniger,,,
Alophoixus phaeocephalus,,,
Alophoixus frater,,,
Alophoixus tephrogenys,,,
Alophoixus ruficrissus,,,
Alophoixus bres,,,
Alophoixus flaveolus,,,
Alophoixus ochraceus,,,
Alophoixus pallidus,,,
Alcurus striatus,,,
Iole finschii,,,
Iole palawanensis,,,
Iole viridescens,,,
Iole crypta,,,
Iole charlottae,,,
Iole cacharensis,,,
Iole propinqua,,,
Hemixos flavala,,,
Hemixos cinereus,,,
Hemixos castanonotus,,,
Acritillas indica,,,
Ixos leucogrammicus,,,
Ixos sumatranus,,,
Ixos virescens,,,
Ixos malaccensis,,,
Ixos mcclellandii,,,
Hypsipetes nicobariensis,,,
Hypsipetes philippinus,,,
Hypsipetes mindorensis,,,
Hypsipetes siquijorensis,,,
Hypsipetes affinis,,,
Hypsipetes platenae,,,
Hypsipetes aureus,,,
Hypsipetes harterti,,,
Hypsipetes longirostris,,,
Hypsipetes chloris,,,
Hypsipetes lucasi,,,
Hypsipetes mysticalis,,,
Hypsipetes guimarasensis,,,
Hypsipetes everetti,,,
Hypsipetes catarmanensis,,,
Hypsipetes rufigularis,,,
Hypsipetes amaurotis,,,
Hypsipetes borbonicus,,,
Hypsipetes madagascariensis,,,
Hypsipetes olivaceus,,,
Hypsipetes thompsoni,,,
Hypsipetes leucocephalus,,,
Hypsipetes ganeesa,,,
Hypsipetes parvirostris,,,
Hypsipetes moheliensis,,,
Hypsipetes crassirostris,,,
Microtarsus eutilotus,,,
Microtarsus melanoleucos,,,
Microtarsus urostictus,,,
Microtarsus priocephalus,,,
Microtarsus melanocephalos,,,
Microtarsus fuscoflavescens,,,
Microtarsus nieuwenhuisii,,,
Rubigula erythropthalmos,,,
Rubigula cyaniventris,,,
Rubigula squamata,,,
Rubigula flaviventris,,,
Rubigula gularis,,,
Rubigula melanictera,,,
Rubigula dispar,,,
Rubigula montis,,,
Nok hualon,,,
Spizixos canifrons,,,
Spizixos semitorques,,,
Pycnonotus tympanistrigus,,,
Pycnonotus simplex,,,
Pycnonotus plumosus,,,
Pycnonotus brunneus,,,
Pycnonotus zeylanicus,,,
Pycnonotus pseudosimplex,,,
Pycnonotus cinereifrons,,,
Pycnonotus luteolus,,,
Pycnonotus blanfordi,,,
Pycnonotus conradi,,,
Pycnonotus davisoni,,,
Pycnonotus finlaysoni,,,
Pycnonotus flavescens,,,
Pycnonotus snouckaerti,,,
Pycnonotus bimaculatus,,,
Pycnonotus leucops,,,
Pycnonotus xantholaemus,,,
Pycnonotus penicillatus,,,
Pycnonotus xanthorrhous,,,
Pycnonotus sinensis,,,
Pycnonotus taivanus,,,
Pycnonotus barbatus,UB::Western-Palearctic::Common ,https://avibase.bsc-eoc.org/species.jsp?avibaseid=6ABDB63537227774,Least concern
Pycnonotus jocosus,,,
Pycnonotus goiavier,,,
Pycnonotus cafer,UB::Western-Palearctic::Introduced-species ,https://avibase.bsc-eoc.org/species.jsp?avibaseid=95F3F1853896B1E0,Least concern
Pycnonotus aurigaster,,,
Pycnonotus leucotis,UB::Western-Palearctic::Common ,https://avibase.bsc-eoc.org/species.jsp?avibaseid=4A85D701A5FE8012,Least concern
Pycnonotus leucogenys,,,
Pycnonotus xanthopygos,UB::Western-Palearctic::Common ,https://avibase.bsc-eoc.org/species.jsp?avibaseid=24B66475D906FD48,Least concern
Pycnonotus nigricans,,,
Pycnonotus capensis,,,
Phylloscopus sibilatrix,UB::Western-Palearctic::Common ,https://avibase.bsc-eoc.org/species.jsp?avibaseid=572C4C7FD4322D14,Least concern
Phylloscopus bonelli,UB::Western-Palearctic::Common ,https://avibase.bsc-eoc.org/species.jsp?avibaseid=C00674ED5FC9DB8A,Least concern
Phylloscopus orientalis,UB::Western-Palearctic::Common ,https://avibase.bsc-eoc.org/species.jsp?avibaseid=666F9FC9350991FD,Least concern
Phylloscopus maculipennis,,,
Phylloscopus pulcher,,,
Phylloscopus inornatus,UB::Western-Palearctic::Common ,https://avibase.bsc-eoc.org/species.jsp?avibaseid=0C120038E5CA37D7,Least concern
Phylloscopus humei,UB::Western-Palearctic::Rare/Accidental ,https://avibase.bsc-eoc.org/species.jsp?avibaseid=BC391A830AD8EF0E,Least concern
Phylloscopus subviridis,,,
Phylloscopus yunnanensis,,,
Phylloscopus proregulus,UB::Western-Palearctic::Rare/Accidental ,https://avibase.bsc-eoc.org/species.jsp?avibaseid=943E36CADFE7551B,Least concern
Phylloscopus kansuensis,,,
Phylloscopus chloronotus,,,
Phylloscopus forresti,,,
Phylloscopus tytleri,,,
Phylloscopus schwarzi,UB::Western-Palearctic::Rare/Accidental ,https://avibase.bsc-eoc.org/species.jsp?avibaseid=9A536399807238AF,Least concern
Phylloscopus armandii,,,
Phylloscopus griseolus,UB::Western-Palearctic::Common ,https://avibase.bsc-eoc.org/species.jsp?avibaseid=37DD095F45E0F5CA,Least concern
Phylloscopus affinis,,,
Phylloscopus fuscatus,UB::Western-Palearctic::Rare/Accidental ,https://avibase.bsc-eoc.org/species.jsp?avibaseid=96819591FD94B905,Least concern
Phylloscopus fuligiventer,,,
Phylloscopus neglectus,UB::Western-Palearctic::Rare/Accidental ,https://avibase.bsc-eoc.org/species.jsp?avibaseid=116192F7702A4406,Least concern
Phylloscopus subaffinis,,,
Phylloscopus trochilus,UB::Western-Palearctic::Common ,https://avibase.bsc-eoc.org/species.jsp?avibaseid=88F4B969622B8268,Least concern
Phylloscopus sindianus,UB::Western-Palearctic::Common ,https://avibase.bsc-eoc.org/species.jsp?avibaseid=F05BA180726CE63C,Least concern
Phylloscopus canariensis,UB::Western-Palearctic::Common ,https://avibase.bsc-eoc.org/species.jsp?avibaseid=AAD3006808AA5297,Least concern
Phylloscopus collybita,UB::Western-Palearctic::Common ,https://avibase.bsc-eoc.org/species.jsp?avibaseid=F9F4B04D08108B41,Least concern
Phylloscopus ibericus,UB::Western-Palearctic::Common ,https://avibase.bsc-eoc.org/species.jsp?avibaseid=12EE678EE03BDFB2,Least concern
Phylloscopus cebuensis,,,
Phylloscopus olivaceus,,,
Phylloscopus coronatus,UB::Western-Palearctic::Rare/Accidental ,https://avibase.bsc-eoc.org/species.jsp?avibaseid=2D272F5A53B5B83E,Least concern
Phylloscopus ijimae,,,
Phylloscopus umbrovirens,UB::Western-Palearctic::Rare/Accidental ,https://avibase.bsc-eoc.org/species.jsp?avibaseid=E22B84950977F4D9,Least concern
Phylloscopus ruficapilla,,,
Phylloscopus laetus,,,
Phylloscopus laurae,,,
Phylloscopus herberti,,,
Phylloscopus budongoensis,,,
Phylloscopus intermedius,,,
Phylloscopus poliogenys,,,
Phylloscopus burkii,,,
Phylloscopus tephrocephalus,,,
Phylloscopus whistleri,,,
Phylloscopus valentini,,,
Phylloscopus omeiensis,,,
Phylloscopus soror,,,
Phylloscopus nitidus,UB::Western-Palearctic::Common ,https://avibase.bsc-eoc.org/species.jsp?avibaseid=3542C46BC98FB367,Least concern
Phylloscopus trochiloides,UB::Western-Palearctic::Common ,https://avibase.bsc-eoc.org/species.jsp?avibaseid=23EF1BD9DE02E680,Least concern
Phylloscopus plumbeitarsus,UB::Western-Palearctic::Rare/Accidental ,https://avibase.bsc-eoc.org/species.jsp?avibaseid=38C788AE632E48DF,Least concern
Phylloscopus emeiensis,,,
Phylloscopus magnirostris,UB::Western-Palearctic::Rare/Accidental ,https://avibase.bsc-eoc.org/species.jsp?avibaseid=C31573A5FBB80F9B,Least concern
Phylloscopus tenellipes,UB::Western-Palearctic::Rare/Accidental ,https://avibase.bsc-eoc.org/species.jsp?avibaseid=D0FA238555FF712A,Least concern
Phylloscopus borealoides,,,
Phylloscopus xanthodryas,,,
Phylloscopus borealis,UB::Western-Palearctic::Common ,https://avibase.bsc-eoc.org/species.jsp?avibaseid=ECFC7E6C1A57A7BE,Least concern
Phylloscopus examinandus,UB::Western-Palearctic::Rare/Accidental ,https://avibase.bsc-eoc.org/species.jsp?avibaseid=CF4677084B16825C,Least concern
Phylloscopus castaniceps,,,
Phylloscopus montis,,,
Phylloscopus grammiceps,,,
Phylloscopus calciatilis,,,
Phylloscopus cantator,,,
Phylloscopus ricketti,,,
Phylloscopus occipitalis,,,
Phylloscopus reguloides,,,
Phylloscopus claudiae,,,
Phylloscopus goodsoni,,,
Phylloscopus xanthoschistos,,,
Phylloscopus intensior,,,
Phylloscopus hainanus,,,
Phylloscopus ogilviegranti,,,
Phylloscopus trivirgatus,,,
Phylloscopus nigrorum,,,
Phylloscopus presbytes,,,
Phylloscopus rotiensis,,,
Phylloscopus makirensis,,,
Phylloscopus nesophilus,,,
Phylloscopus sarasinorum,,,
Phylloscopus poliocephalus,,,
Phylloscopus maforensis,,,
Phylloscopus misoriensis,,,
Phylloscopus amoenus,,,
Hylia prasina,,,
Pholidornis rushiae,,,
Erythrocercus mccallii,,,
Erythrocercus holochlorus,,,
Erythrocercus livingstonei,,,
Scotocerca inquieta,UB::Western-Palearctic::Common ,https://avibase.bsc-eoc.org/species.jsp?avibaseid=FCF07F05EED54337,Least concern
Hemitesia neumanni,,,
Hemitesia pallidipes,,,
Urosphena subulata,,,
Urosphena whiteheadi,,,
Urosphena squameiceps,,,
Tesia cyaniventer,,,
Tesia olivea,,,
Tesia superciliaris,,,
Tesia everetti,,,
Cettia major,,,
Cettia brunnifrons,,,
Cettia castaneocoronata,,,
Cettia cetti,UB::Western-Palearctic::Common ,https://avibase.bsc-eoc.org/species.jsp?avibaseid=F3E9CE954FAF5EF5,Least concern
Abroscopus superciliaris,,,
Abroscopus albogularis,,,
Abroscopus schisticeps,,,
Phyllergates cucullatus,,,
Phyllergates heterolaemus,,,
Tickellia hodgsoni,,,
Horornis seebohmi,,,
Horornis diphone,,,
Horornis canturians,,,
Horornis annae,,,
Horornis carolinae,,,
Horornis parens,,,
Horornis haddeni,,,
Horornis ruficapilla,,,
Horornis fortipes,,,
Horornis brunnescens,,,
Horornis acanthizoides,,,
Horornis flavolivaceus,,,
Leptopoecile sophiae,,,
Leptopoecile elegans,,,
Aegithalos caudatus,UB::Western-Palearctic::Common ,https://avibase.bsc-eoc.org/species.jsp?avibaseid=547163C22167E31B,Least concern
Aegithalos glaucogularis,,,
Aegithalos leucogenys,,,
Aegithalos exilis,,,
Aegithalos concinnus,,,
Aegithalos niveogularis,,,
Aegithalos iouschistos,,,
Aegithalos fuliginosus,,,
Psaltriparus minimus,,,
Sylvia atricapilla,UB::Western-Palearctic::Common ,https://avibase.bsc-eoc.org/species.jsp?avibaseid=61F9065BE0965E1A,Least concern
Sylvia borin,UB::Western-Palearctic::Common ,https://avibase.bsc-eoc.org/species.jsp?avibaseid=A6A4FC63261EA8CD,Least concern
Sylvia dohrni,,,
Sylvia galinieri,,,
Sylvia nigricapillus,,,
Sylvia abyssinica,,,
Sylvia atriceps,,,
Curruca nisoria,UB::Western-Palearctic::Common ,https://avibase.bsc-eoc.org/species.jsp?avibaseid=1EA60B94FAFE0C5C,Least concern
Curruca layardi,,,
Curruca boehmi,,,
Curruca subcoerulea,,,
Curruca curruca,UB::Western-Palearctic::Common ,https://avibase.bsc-eoc.org/species.jsp?avibaseid=0DCD05BE8EE35C8D,Least concern
Curruca lugens,,,
Curruca buryi,,,
Curruca leucomelaena,UB::Western-Palearctic::Common ,https://avibase.bsc-eoc.org/species.jsp?avibaseid=51DD2ADA7D4CBDCD,Least concern
Curruca hortensis,UB::Western-Palearctic::Common ,https://avibase.bsc-eoc.org/species.jsp?avibaseid=95E7E0E5E3481A63,Least concern
Curruca crassirostris,UB::Western-Palearctic::Common ,https://avibase.bsc-eoc.org/species.jsp?avibaseid=37015E6154731355,Least concern
Curruca deserti,UB::Western-Palearctic::Common ,https://avibase.bsc-eoc.org/species.jsp?avibaseid=D5AEADF4CD597872,Least concern
Curruca nana,UB::Western-Palearctic::Common ,https://avibase.bsc-eoc.org/species.jsp?avibaseid=58F3D3E544D9755B,Least concern
Curruca deserticola,UB::Western-Palearctic::Common ,https://avibase.bsc-eoc.org/species.jsp?avibaseid=D1EF44026464C88E,Least concern
Curruca mystacea,UB::Western-Palearctic::Common ,https://avibase.bsc-eoc.org/species.jsp?avibaseid=AA027706CFDB4C9A,Least concern
Curruca ruppeli,UB::Western-Palearctic::Common ,https://avibase.bsc-eoc.org/species.jsp?avibaseid=A1B09A861B190E01,Least concern
Curruca melanothorax,UB::Western-Palearctic::Common ,https://avibase.bsc-eoc.org/species.jsp?avibaseid=94E23F513701617A,Least concern
Curruca melanocephala,UB::Western-Palearctic::Common ,https://avibase.bsc-eoc.org/species.jsp?avibaseid=B0D094830E71F76A,Least concern
Curruca subalpina,UB::Western-Palearctic::Common ,https://avibase.bsc-eoc.org/species.jsp?avibaseid=3FC15B0694A20507,Least concern
Curruca iberiae,UB::Western-Palearctic::Common ,https://avibase.bsc-eoc.org/species.jsp?avibaseid=62A53820623A8F3E,Least concern
Curruca cantillans,UB::Western-Palearctic::Common ,https://avibase.bsc-eoc.org/species.jsp?avibaseid=B13D68B156442119,Least concern
Curruca communis,UB::Western-Palearctic::Common ,https://avibase.bsc-eoc.org/species.jsp?avibaseid=14AFBA82D556918C,Least concern
Curruca conspicillata,UB::Western-Palearctic::Common ,https://avibase.bsc-eoc.org/species.jsp?avibaseid=BFECF5F8F49E2869,Least concern
Curruca sarda,UB::Western-Palearctic::Common ,https://avibase.bsc-eoc.org/species.jsp?avibaseid=6E1206E4FC70EB9E,Least concern
Curruca undata,UB::Western-Palearctic::Common ,https://avibase.bsc-eoc.org/species.jsp?avibaseid=85629EF4042C9DBB,Near-threatened
Curruca balearica,UB::Western-Palearctic::Common ,https://avibase.bsc-eoc.org/species.jsp?avibaseid=586FA3176E425F8A,Least concern
Myzornis pyrrhoura,,,
Moupinia poecilotis,,,
Lioparus chrysotis,,,
Chrysomma sinense,,,
Chrysomma altirostre,,,
Rhopophilus albosuperciliaris,,,
Rhopophilus pekinensis,,,
Fulvetta ruficapilla,,,
Fulvetta danisi,,,
Fulvetta striaticollis,,,
Fulvetta ludlowi,,,
Fulvetta vinipectus,,,
Fulvetta manipurensis,,,
Fulvetta cinereiceps,,,
Fulvetta formosana,,,
Chamaea fasciata,,,
Paradoxornis heudei,,,
Paradoxornis flavirostris,,,
Paradoxornis guttaticollis,,,
Paradoxornis aemodius,,,
Paradoxornis unicolor,,,
Paradoxornis paradoxus,,,
Paradoxornis gularis,,,
Paradoxornis margaritae,,,
Paradoxornis ruficeps,,,
Paradoxornis bakeri,,,
Suthora davidiana,,,
Suthora fulvifrons,,,
Suthora nipalensis,,,
Suthora verreauxi,,,
Suthora atrosuperciliaris,,,
Suthora conspicillata,,,
Suthora zappeyi,,,
Suthora ricketti,,,
Suthora brunnea,,,
Suthora webbiana,UB::Western-Palearctic::Introduced-species ,https://avibase.bsc-eoc.org/species.jsp?avibaseid=32709919FC448AE3,Least concern
Suthora alphonsiana,UB::Western-Palearctic::Introduced-species ,https://avibase.bsc-eoc.org/species.jsp?avibaseid=A6246EF8E1B6A7DC,Least concern
Suthora przewalskii,,,
Parayuhina diademata,,,
Staphida everetti,,,
Staphida castaniceps,,,
Staphida torqueola,,,
Yuhina nigrimenta,,,
Yuhina brunneiceps,,,
Yuhina flavicollis,,,
Yuhina humilis,,,
Yuhina bakeri,,,
Yuhina gularis,,,
Yuhina occipitalis,,,
Dasycrotapha speciosa,,,
Dasycrotapha pygmaea,,,
Dasycrotapha plateni,,,
Sterrhoptilus capitalis,,,
Sterrhoptilus dennistouni,,,
Sterrhoptilus affinis,,,
Sterrhoptilus nigrocapitatus,,,
Zosterornis hypogrammicus,,,
Zosterornis striatus,,,
Zosterornis whiteheadi,,,
Zosterornis latistriatus,,,
Zosterornis nigrorum,,,
Cleptornis marchei,,,
Rukia ruki,,,
Rukia longirostra,,,
Megazosterops palauensis,,,
Heleia javanica,,,
Heleia pinaiae,,,
Heleia squamifrons,,,
Heleia goodfellowi,,,
Heleia squamiceps,,,
Heleia superciliaris,,,
Heleia dohertyi,,,
Heleia muelleri,,,
Heleia crassirostris,,,
Heleia wallacei,,,
Apalopteron familiare,,,
Tephrozosterops stalkeri,,,
Zosterops ceylonensis,,,
Zosterops nigrorum,,,
Zosterops atricapilla,,,
Zosterops flavilateralis,,,
Zosterops mbuluensis,,,
Zosterops erythropleurus,UB::Western-Palearctic::Uncertain-origin ,https://avibase.bsc-eoc.org/species.jsp?avibaseid=03E6F144BCC4C0AC,Least concern
Zosterops simplex,,,
Zosterops emiliae,,,
Zosterops japonicus,,,
Zosterops palpebrosus,,,
Zosterops meyeni,,,
Zosterops semiflavus,,,
Zosterops mouroniensis,,,
Zosterops olivaceus,,,
Zosterops chloronothos,,,
Zosterops borbonicus,,,
Zosterops mauritianus,,,
Zosterops abyssinicus,,,
Zosterops socotranus,,,
Zosterops melanocephalus,,,
Zosterops stenocricotus,,,
Zosterops stuhlmanni,,,
Zosterops eurycricotus,,,
Zosterops brunneus,,,
Zosterops poliogastrus,,,
Zosterops kaffensis,,,
Zosterops kikuyuensis,,,
Zosterops ficedulinus,,,
Zosterops griseovirescens,,,
Zosterops feae,,,
Zosterops lugubris,,,
Zosterops leucophaeus,,,
Zosterops silvanus,,,
Zosterops senegalensis,,,
Zosterops kasaicus,,,
Zosterops pallidus,,,
Zosterops winifredae,,,
Zosterops virens,,,
Zosterops anderssoni,,,
Zosterops vaughani,,,
Zosterops modestus,,,
Zosterops anjuanensis,,,
Zosterops comorensis,,,
Zosterops maderaspatanus,,,
Zosterops kirki,,,
Zosterops mayottensis,,,
Zosterops aldabrensis,,,
Zosterops chloris,,,
Zosterops meratusensis,,,
Zosterops flavissimus,,,
Zosterops atrifrons,,,
Zosterops nehrkorni,,,
Zosterops somadikartai,,,
Zosterops consobrinorum,,,
Zosterops anomalus,,,
Zosterops minor,,,
Zosterops meeki,,,
Zosterops dehaani,,,
Zosterops atriceps,,,
Zosterops buruensis,,,
Zosterops stalkeri,,,
Zosterops flavus,,,
Zosterops citrinella,,,
Zosterops luteus,,,
Zosterops lateralis,,,
Zosterops paruhbesar,,,
Zosterops auriventer,,,
Zosterops melanurus,,,
Zosterops everetti,,,
Zosterops vellalavella,,,
Zosterops sanctaecrucis,,,
Zosterops fuscicapilla,,,
Zosterops flavifrons,,,
Zosterops superciliosus,,,
Zosterops lacertosus,,,
Zosterops gibbsi,,,
Zosterops explorator,,,
Zosterops hypoxanthus,,,
Zosterops mysorensis,,,
Zosterops hamlini,,,
Zosterops oblitus,,,
Zosterops rendovae,,,
Zosterops oleagineus,,,
Zosterops finschii,,,
Zosterops ponapensis,,,
Zosterops cinereus,,,
Zosterops rotensis,,,
Zosterops metcalfii,,,
Zosterops stresemanni,,,
Zosterops novaeguineae,,,
Zosterops kuehni,,,
Zosterops grayi,,,
Zosterops luteirostris,,,
Zosterops uropygialis,,,
Zosterops splendidus,,,
Zosterops kulambangrae,,,
Zosterops tetiparius,,,
Zosterops natalis,,,
Zosterops conspicillatus,,,
Zosterops semperi,,,
Zosterops hypolais,,,
Zosterops griseotinctus,,,
Zosterops murphyi,,,
Zosterops inornatus,,,
Zosterops albogularis,,,
Zosterops samoensis,,,
Zosterops strenuus,,,
Zosterops tenuirostris,,,
Zosterops minutus,,,
Zosterops xanthochroa,,,
Zosterops rennellianus,,,
Timalia pileata,,,
Dumetia hyperythra,,,
Dumetia atriceps,,,
Mixornis kelleyi,,,
Mixornis flavicollis,,,
Mixornis prillwitzi,,,
Mixornis gularis,,,
Mixornis bornensis,,,
Macronus ptilosus,,,
Macronus striaticeps,,,
Cyanoderma chrysaeum,,,
Cyanoderma erythropterum,,,
Cyanoderma bicolor,,,
Cyanoderma melanothorax,,,
Cyanoderma rufifrons,,,
Cyanoderma pyrrhops,,,
Cyanoderma ruficeps,,,
Spelaeornis caudatus,,,
Spelaeornis badeigularis,,,
Spelaeornis troglodytoides,,,
Spelaeornis kinneari,,,
Spelaeornis chocolatinus,,,
Spelaeornis oatesi,,,
Spelaeornis longicaudatus,,,
Spelaeornis reptatus,,,
Melanocichla lugubris,,,
Melanocichla calva,,,
Pomatorhinus ferruginosus,,,
Pomatorhinus phayrei,,,
Pomatorhinus ochraceiceps,,,
Pomatorhinus superciliaris,,,
Pomatorhinus ruficollis,,,
Pomatorhinus musicus,,,
Pomatorhinus schisticeps,,,
Pomatorhinus horsfieldii,,,
Pomatorhinus melanurus,,,
Pomatorhinus bornensis,,,
Pomatorhinus montanus,,,
Erythrogenys hypoleucos,,,
Erythrogenys erythrogenys,,,
Erythrogenys imberbis,,,
Erythrogenys mcclellandi,,,
Erythrogenys gravivox,,,
Erythrogenys swinhoei,,,
Erythrogenys erythrocnemis,,,
Stachyris nigricollis,,,
Stachyris grammiceps,,,
Stachyris maculata,,,
Stachyris nigriceps,,,
Stachyris poliocephala,,,
Stachyris nonggangensis,,,
Stachyris herberti,,,
Stachyris humei,,,
Stachyris roberti,,,
Stachyris leucotis,,,
Stachyris thoracica,,,
Stachyris oglei,,,
Stachyris strialata,,,
Graminicola bengalensis,,,
Graminicola striatus,,,
Turdinus macrodactylus,,,
Turdinus marmoratus,,,
Turdinus atrigularis,,,
Malacopteron affine,,,
Malacopteron albogulare,,,
Malacopteron cinereum,,,
Malacopteron magnum,,,
Malacopteron magnirostre,,,
Malacopteron palawanense,,,
Gampsorhynchus rufulus,,,
Gampsorhynchus torquatus,,,
Schoeniparus cinereus,,,
Schoeniparus castaneceps,,,
Schoeniparus klossi,,,
Schoeniparus variegaticeps,,,
Schoeniparus rufogularis,,,
Schoeniparus dubius,,,
Schoeniparus brunneus,,,
Pellorneum ruficeps,,,
Pellorneum fuscocapillus,,,
Pellorneum palustre,,,
Pellorneum nigrocapitatum,,,
Pellorneum capistratoides,,,
Pellorneum capistratum,,,
Pellorneum malaccense,,,
Pellorneum cinereiceps,,,
Pellorneum albiventre,,,
Pellorneum tickelli,,,
Pellorneum buettikoferi,,,
Pellorneum pyrrogenys,,,
Pellorneum rostratum,,,
Pellorneum bicolor,,,
Pellorneum celebense,,,
Laticilla burnesii,,,
Laticilla cinerascens,,,
Illadopsis fulvescens,,,
Illadopsis rufipennis,,,
Illadopsis distans,,,
Illadopsis pyrrhoptera,,,
Illadopsis cleaveri,,,
Illadopsis albipectus,,,
Illadopsis turdina,,,
Illadopsis puveli,,,
Illadopsis rufescens,,,
Kenopia striata,,,
Malacocincla abbotti,,,
Malacocincla sepiaria,,,
Malacocincla perspicillata,,,
Gypsophila crassa,,,
Gypsophila brevicaudata,,,
Gypsophila annamensis,,,
Gypsophila calcicola,,,
Gypsophila crispifrons,,,
Gypsophila rufipectus,,,
Ptilocichla mindanensis,,,
Ptilocichla leucogrammica,,,
Ptilocichla falcata,,,
Napothera epilepidota,,,
Napothera malacoptila,,,
Napothera albostriata,,,
Napothera pasquieri,,,
Napothera naungmungensis,,,
Napothera danjoui,,,
Alcippe poioicephala,,,
Alcippe grotei,,,
Alcippe brunneicauda,,,
Alcippe pyrrhoptera,,,
Alcippe nipalensis,,,
Alcippe davidi,,,
Alcippe hueti,,,
Alcippe morrisonia,,,
Alcippe fratercula,,,
Alcippe peracensis,,,
Grammatoptila striata,,,
Cutia nipalensis,,,
Cutia legalleni,,,
Laniellus langbianis,,,
Laniellus albonotatus,,,
Trochalopteron subunicolor,,,
Trochalopteron austeni,,,
Trochalopteron squamatum,,,
Trochalopteron lineatum,,,
Trochalopteron imbricatum,,,
Trochalopteron virgatum,,,
Trochalopteron variegatum,,,
Trochalopteron affine,,,
Trochalopteron morrisonianum,,,
Trochalopteron henrici,,,
Trochalopteron elliotii,,,
Trochalopteron milnei,,,
Trochalopteron yersini,,,
Trochalopteron erythrocephalum,,,
Trochalopteron chrysopterum,,,
Trochalopteron formosum,,,
Trochalopteron melanostigma,,,
Trochalopteron ngoclinhense,,,
Trochalopteron peninsulae,,,
Montecincla jerdoni,,,
Montecincla cachinnans,,,
Montecincla fairbanki,,,
Montecincla meridionalis,,,
Heterophasia picaoides,,,
Heterophasia auricularis,,,
Heterophasia capistrata,,,
Heterophasia pulchella,,,
Heterophasia gracilis,,,
Heterophasia melanoleuca,,,
Heterophasia desgodinsi,,,
Actinodura nipalensis,,,
Actinodura morrisoniana,,,
Actinodura waldeni,,,
Actinodura souliei,,,
Actinodura cyanouroptera,,,
Actinodura strigula,,,
Actinodura egertoni,,,
Actinodura ramsayi,,,
Actinodura sodangorum,,,
Leiothrix lutea,UB::Western-Palearctic::Introduced-species ,https://avibase.bsc-eoc.org/species.jsp?avibaseid=E147E79ECC57E8C2,Least concern
Leiothrix argentauris,,,
Minla ignotincta,,,
Leioptila annectens,,,
Liocichla bugunorum,,,
Liocichla omeiensis,,,
Liocichla steerii,,,
Liocichla phoenicea,,,
Liocichla ripponi,,,
Argya malcolmi,,,
Argya cinereifrons,,,
Argya longirostris,,,
Argya subrufa,,,
Argya rufescens,,,
Argya striata,,,
Argya affinis,,,
Argya rubiginosa,,,
Argya aylmeri,,,
Argya altirostris,UB::Western-Palearctic::Common ,https://avibase.bsc-eoc.org/species.jsp?avibaseid=FE13475EB5446CA0,Least concern
Argya huttoni,UB::Western-Palearctic::Common ,https://avibase.bsc-eoc.org/species.jsp?avibaseid=18B418AB7C92A5E3,Least concern
Argya caudata,UB::Western-Palearctic::Common ,https://avibase.bsc-eoc.org/species.jsp?avibaseid=310AEDC8BFC8BE21,Least concern
Argya fulva,UB::Western-Palearctic::Common ,https://avibase.bsc-eoc.org/species.jsp?avibaseid=3EFD8DF050B8B1DA,Least concern
Argya squamiceps,UB::Western-Palearctic::Common ,https://avibase.bsc-eoc.org/species.jsp?avibaseid=E99FE2FE9B88115E,Least concern
Argya earlei,,,
Argya gularis,,,
Turdoides nipalensis,,,
Turdoides atripennis,,,
Turdoides gilberti,,,
Turdoides chapini,,,
Turdoides rufocinctus,,,
Turdoides plebejus,,,
Turdoides leucopygia,,,
Turdoides hindei,,,
Turdoides squamulata,,,
Turdoides jardineii,,,
Turdoides gymnogenys,,,
Turdoides leucocephala,,,
Turdoides reinwardtii,,,
Turdoides tenebrosa,,,
Turdoides bicolor,,,
Turdoides hartlaubii,,,
Turdoides sharpei,,,
Turdoides melanops,,,
Turdoides hypoleuca,,,
Garrulax merulinus,,,
Garrulax annamensis,,,
Garrulax canorus,,,
Garrulax taewanus,,,
Garrulax monileger,,,
Garrulax rufifrons,,,
Garrulax palliatus,,,
Garrulax leucolophus,,,
Garrulax bicolor,,,
Garrulax milleti,,,
Garrulax strepitans,,,
Garrulax ferrarius,,,
Garrulax maesi,,,
Garrulax castanotis,,,
Ianthocincla sukatschewi,,,
Ianthocincla rufogularis,,,
Ianthocincla konkakinhensis,,,
Ianthocincla cineracea,,,
Ianthocincla ocellata,,,
Ianthocincla maxima,,,
Ianthocincla bieti,,,
Ianthocincla lunulata,,,
Pterorhinus delesserti,,,
Pterorhinus gularis,,,
Pterorhinus vassali,,,
Pterorhinus galbanus,,,
Pterorhinus courtoisi,,,
Pterorhinus mitratus,,,
Pterorhinus treacheri,,,
Pterorhinus ruficollis,,,
Pterorhinus nuchalis,,,
Pterorhinus chinensis,,,
Pterorhinus sannio,,,
Pterorhinus perspicillatus,,,
Pterorhinus pectoralis,,,
Pterorhinus davidi,,,
Pterorhinus woodi,,,
Pterorhinus lanceolatus,,,
Pterorhinus waddelli,,,
Pterorhinus koslowi,,,
Pterorhinus albogularis,,,
Pterorhinus ruficeps,,,
Pterorhinus caerulatus,,,
Pterorhinus berthemyi,,,
Pterorhinus poecilorhynchus,,,
Corthylio calendula,UB::Western-Palearctic::Rare/Accidental ,https://avibase.bsc-eoc.org/species.jsp?avibaseid=B60B1166CE5DDFA7,Least concern
Regulus satrapa,,,
Regulus regulus,UB::Western-Palearctic::Common ,https://avibase.bsc-eoc.org/species.jsp?avibaseid=1C51C1095E427BB8,Least concern
Regulus goodfellowi,,,
Regulus madeirensis,UB::Western-Palearctic::Common ,https://avibase.bsc-eoc.org/species.jsp?avibaseid=C92557B890A9AF38,Least concern
Regulus ignicapilla,UB::Western-Palearctic::Common ,https://avibase.bsc-eoc.org/species.jsp?avibaseid=85B03849153146D8,Least concern
Tichodroma muraria,UB::Western-Palearctic::Common ,https://avibase.bsc-eoc.org/species.jsp?avibaseid=89C425901C5B5343,Least concern
Sitta leucopsis,,,
Sitta przewalskii,,,
Sitta magna,,,
Sitta carolinensis,,,
Sitta formosa,,,
Sitta azurea,,,
Sitta frontalis,,,
Sitta solangiae,,,
Sitta oenochlamys,,,
Sitta pygmaea,,,
Sitta pusilla,,,
Sitta insularis,,,
Sitta yunnanensis,,,
Sitta ledanti,UB::Western-Palearctic::Common ,https://avibase.bsc-eoc.org/species.jsp?avibaseid=5415A0C3B199BF84,Endangered
Sitta krueperi,UB::Western-Palearctic::Common ,https://avibase.bsc-eoc.org/species.jsp?avibaseid=E29D7FB9381BFD3D,Least concern
Sitta canadensis,UB::Western-Palearctic::Rare/Accidental ,https://avibase.bsc-eoc.org/species.jsp?avibaseid=0716A71C439DC09E,Least concern
Sitta whiteheadi,UB::Western-Palearctic::Common ,https://avibase.bsc-eoc.org/species.jsp?avibaseid=7FD1FB234C8DD443,Vulnerable
Sitta villosa,,,
Sitta neumayer,UB::Western-Palearctic::Common ,https://avibase.bsc-eoc.org/species.jsp?avibaseid=C37C527F47D94D1E,Least concern
Sitta tephronota,UB::Western-Palearctic::Common ,https://avibase.bsc-eoc.org/species.jsp?avibaseid=102758DFEF40AFD2,Least concern
Sitta arctica,UB::Western-Palearctic::Rare/Accidental ,https://avibase.bsc-eoc.org/species.jsp?avibaseid=B6B17E4A9D1F0331,Least concern
Sitta victoriae,,,
Sitta himalayensis,,,
Sitta castanea,,,
Sitta cinnamoventris,,,
Sitta neglecta,,,
Sitta europaea,UB::Western-Palearctic::Common ,https://avibase.bsc-eoc.org/species.jsp?avibaseid=9C2B53A087F44E10,Least concern
Sitta nagaensis,,,
Sitta cashmirensis,,,
Salpornis salvadori,,,
Salpornis spilonota,,,
Certhia familiaris,UB::Western-Palearctic::Common ,https://avibase.bsc-eoc.org/species.jsp?avibaseid=73BE9A87F6A32D6A,Least concern
Certhia hodgsoni,,,
Certhia tianquanensis,,,
Certhia americana,,,
Certhia brachydactyla,UB::Western-Palearctic::Common ,https://avibase.bsc-eoc.org/species.jsp?avibaseid=552E2BA9FE43A2EE,Least concern
Certhia himalayana,,,
Certhia nipalensis,,,
Certhia discolor,,,
Certhia manipurensis,,,
Microbates collaris,,,
Microbates cinereiventris,,,
Ramphocaenus melanurus,,,
Ramphocaenus sticturus,,,
Polioptila guianensis,,,
Polioptila schistaceigula,,,
Polioptila clementsi,,,
Polioptila facilis,,,
Polioptila attenboroughi,,,
Polioptila paraensis,,,
Polioptila dumicola,,,
Polioptila lactea,,,
Polioptila lembeyei,,,
Polioptila plumbea,,,
Polioptila maior,,,
Polioptila albiventris,,,
Polioptila bilineata,,,
Polioptila caerulea,,,
Polioptila melanura,,,
Polioptila californica,,,
Polioptila nigriceps,,,
Polioptila albiloris,,,
Salpinctes obsoletus,,,
Microcerculus philomela,,,
Microcerculus marginatus,,,
Microcerculus ustulatus,,,
Microcerculus bambla,,,
Odontorchilus branickii,,,
Odontorchilus cinereus,,,
Catherpes mexicanus,,,
Hylorchilus sumichrasti,,,
Hylorchilus navai,,,
Ferminia cerverai,,,
Troglodytes aedon,,,
Troglodytes beani,,,
Troglodytes martinicensis,,,
Troglodytes mesoleucus,,,
Troglodytes musicus,,,
Troglodytes grenadensis,,,
Troglodytes musculus,,,
Troglodytes cobbi,,,
Troglodytes sissonii,,,
Troglodytes tanneri,,,
Troglodytes rufociliatus,,,
Troglodytes ochraceus,,,
Troglodytes solstitialis,,,
Troglodytes monticola,,,
Troglodytes rufulus,,,
Troglodytes troglodytes,UB::Western-Palearctic::Common ,https://avibase.bsc-eoc.org/species.jsp?avibaseid=AF700208E4339572,Least concern
Troglodytes pacificus,,,
Troglodytes hiemalis,UB::Western-Palearctic::Common ,https://avibase.bsc-eoc.org/species.jsp?avibaseid=C757BD95E71493FF,Least concern
Thryorchilus browni,,,
Cistothorus stellaris,,,
Cistothorus platensis,,,
Cistothorus meridae,,,
Cistothorus apolinari,,,
Cistothorus palustris,UB::Western-Palearctic::Common ,https://avibase.bsc-eoc.org/species.jsp?avibaseid=787E05366752B844,Least concern
Thryothorus ludovicianus,,,
Thryomanes bewickii,,,
Campylorhynchus albobrunneus,,,
Campylorhynchus zonatus,,,
Campylorhynchus megalopterus,,,
Campylorhynchus chiapensis,,,
Campylorhynchus humilis,,,
Campylorhynchus rufinucha,,,
Campylorhynchus capistratus,,,
Campylorhynchus gularis,,,
Campylorhynchus jocosus,,,
Campylorhynchus yucatanicus,,,
Campylorhynchus brunneicapillus,,,
Campylorhynchus nuchalis,,,
Campylorhynchus fasciatus,,,
Campylorhynchus griseus,,,
Campylorhynchus turdinus,,,
Pheugopedius spadix,,,
Pheugopedius fasciatoventris,,,
Pheugopedius euophrys,,,
Pheugopedius schulenbergi,,,
Pheugopedius eisenmanni,,,
Pheugopedius mystacalis,,,
Pheugopedius genibarbis,,,
Pheugopedius coraya,,,
Pheugopedius rutilus,,,
Pheugopedius maculipectus,,,
Pheugopedius sclateri,,,
Pheugopedius felix,,,
Pheugopedius atrogularis,,,
Thryophilus sinaloa,,,
Thryophilus pleurostictus,,,
Thryophilus rufalbus,,,
Thryophilus sernai,,,
Thryophilus nicefori,,,
Cantorchilus thoracicus,,,
Cantorchilus leucopogon,,,
Cantorchilus modestus,,,
Cantorchilus zeledoni,,,
Cantorchilus elutus,,,
Cantorchilus semibadius,,,
Cantorchilus nigricapillus,,,
Cantorchilus superciliaris,,,
Cantorchilus leucotis,,,
Cantorchilus longirostris,,,
Cantorchilus guarayanus,,,
Cantorchilus griseus,,,
Cinnycerthia unirufa,,,
Cinnycerthia olivascens,,,
Cinnycerthia peruana,,,
Cinnycerthia fulva,,,
Uropsila leucogastra,,,
Henicorhina leucosticta,,,
Henicorhina leucoptera,,,
Henicorhina leucophrys,,,
Henicorhina anachoreta,,,
Henicorhina negreti,,,
Cyphorhinus dichrous,,,
Cyphorhinus thoracicus,,,
Cyphorhinus phaeocephalus,,,
Cyphorhinus arada,,,
Elachura formosa,,,
Cinclus cinclus,UB::Western-Palearctic::Common ,https://avibase.bsc-eoc.org/species.jsp?avibaseid=FDECE3B9278A17EC,Least concern
Cinclus pallasii,,,
Cinclus mexicanus,,,
Cinclus leucocephalus,,,
Cinclus schulzii,,,
Buphagus erythroryncha,,,
Buphagus africanus,,,
Rhabdornis mystacalis,,,
Rhabdornis grandis,,,
Rhabdornis inornatus,,,
Rhabdornis rabori,,,
Enodes erythrophris,,,
Scissirostrum dubium,,,
Aplonis metallica,,,
Aplonis mystacea,,,
Aplonis crassa,,,
Aplonis feadensis,,,
Aplonis insularis,,,
Aplonis magna,,,
Aplonis brunneicapillus,,,
Aplonis grandis,,,
Aplonis dichroa,,,
Aplonis zelandica,,,
Aplonis striata,,,
Aplonis pelzelni,,,
Aplonis cantoroides,,,
Aplonis santovestris,,,
Aplonis panayensis,,,
Aplonis mysolensis,,,
Aplonis minor,,,
Aplonis opaca,,,
Aplonis tabuensis,,,
Aplonis atrifusca,,,
Aplonis corvina,,,
Aplonis cinerascens,,,
Aplonis mavornata,,,
Aplonis fusca,,,
Aplonis ulietensis,,,
Basilornis celebensis,,,
Basilornis galeatus,,,
Basilornis corythaix,,,
Goodfellowia miranda,,,
Sarcops calvus,,,
Streptocitta albicollis,,,
Streptocitta albertinae,,,
Mino dumontii,,,
Mino anais,,,
Mino kreffti,,,
Ampeliceps coronatus,,,
Gracula ptilogenys,,,
Gracula religiosa,,,
Gracula venerata,,,
Gracula indica,,,
Sturnus vulgaris,UB::Western-Palearctic::Common ,https://avibase.bsc-eoc.org/species.jsp?avibaseid=94A4403295E2D9BE,Least concern
Sturnus unicolor,UB::Western-Palearctic::Common ,https://avibase.bsc-eoc.org/species.jsp?avibaseid=B0D81671A5159DEB,Least concern
Creatophora cinerea,UB::Western-Palearctic::Common ,https://avibase.bsc-eoc.org/species.jsp?avibaseid=9D95139B2E871FE1,Least concern
Pastor roseus,UB::Western-Palearctic::Common ,https://avibase.bsc-eoc.org/species.jsp?avibaseid=24208346AD77666E,Least concern
Agropsar sturninus,UB::Western-Palearctic::Rare/Accidental ,https://avibase.bsc-eoc.org/species.jsp?avibaseid=2FC5C3978171719C,Least concern
Agropsar philippensis,,,
Gracupica nigricollis,,,
Gracupica contra,,,
Gracupica floweri,,,
Gracupica jalla,,,
Sturnornis albofrontatus,,,
Leucopsar rothschildi,,,
Necropsar rodericanus,,,
Fregilupus varius,,,
Sturnia sinensis,,,
Sturnia pagodarum,,,
Sturnia malabarica,,,
Sturnia blythii,,,
Sturnia erythropygia,,,
Spodiopsar sericeus,,,
Spodiopsar cineraceus,,,
Acridotheres tristis,UB::Western-Palearctic::Common ,https://avibase.bsc-eoc.org/species.jsp?avibaseid=F23A2F3807A8145F,Least concern
Acridotheres ginginianus,UB::Western-Palearctic::Common ,https://avibase.bsc-eoc.org/species.jsp?avibaseid=F8CFF92CB9DC09C6,Least concern
Acridotheres burmannicus,,,
Acridotheres leucocephalus,UB::Western-Palearctic::Introduced-species ,https://avibase.bsc-eoc.org/species.jsp?avibaseid=DDF650D1980B184D,Least concern
Acridotheres melanopterus,,,
Acridotheres fuscus,,,
Acridotheres javanicus,,,
Acridotheres cinereus,,,
Acridotheres albocinctus,,,
Acridotheres grandis,,,
Acridotheres cristatellus,UB::Western-Palearctic::Introduced-species ,https://avibase.bsc-eoc.org/species.jsp?avibaseid=65BCBB64435BB4A5,Least concern
Hartlaubius auratus,,,
Cinnyricinclus leucogaster,UB::Western-Palearctic::Common ,https://avibase.bsc-eoc.org/species.jsp?avibaseid=B1A3AF6C3BF7EDFF,Least concern
Onychognathus tenuirostris,,,
Onychognathus nabouroup,,,
Onychognathus neumanni,,,
Onychognathus morio,,,
Onychognathus fulgidus,,,
Onychognathus walleri,,,
Onychognathus tristramii,UB::Western-Palearctic::Common ,https://avibase.bsc-eoc.org/species.jsp?avibaseid=0EDF9145287CFDAC,Least concern
Onychognathus albirostris,,,
Onychognathus salvadorii,,,
Onychognathus blythii,,,
Onychognathus frater,,,
Saroglossa spilopterus,,,
Neocichla gutturalis,,,
Grafisia torquata,,,
Speculipastor bicolor,,,
Pholia sharpii,,,
Arizelopsar femoralis,,,
Poeoptera lugubris,,,
Poeoptera stuhlmanni,,,
Poeoptera kenricki,,,
Notopholia corusca,,,
Hylopsar purpureiceps,,,
Hylopsar cupreocauda,,,
Lamprotornis hildebrandti,,,
Lamprotornis shelleyi,,,
Lamprotornis australis,,,
Lamprotornis purpuroptera,,,
Lamprotornis caudatus,,,
Lamprotornis mevesii,,,
Lamprotornis unicolor,,,
Lamprotornis splendidus,,,
Lamprotornis ornatus,,,
Lamprotornis regius,,,
Lamprotornis superbus,,,
Lamprotornis pulcher,UB::Western-Palearctic::Rare/Accidental ,https://avibase.bsc-eoc.org/species.jsp?avibaseid=B92C35668B6FE9C9,Least concern
Lamprotornis bicolor,,,
Lamprotornis albicapillus,,,
Lamprotornis fischeri,,,
Lamprotornis chloropterus,,,
Lamprotornis acuticaudus,,,
Lamprotornis chalybaeus,UB::Western-Palearctic::Rare/Accidental ,https://avibase.bsc-eoc.org/species.jsp?avibaseid=7DDB347EDFED5A66,Least concern
Lamprotornis iris,,,
Lamprotornis purpureus,,,
Lamprotornis nitens,,,
Lamprotornis chalcurus,,,
Melanotis caerulescens,,,
Melanotis hypoleucus,,,
Melanoptila glabrirostris,,,
Dumetella carolinensis,UB::Western-Palearctic::Rare/Accidental ,https://avibase.bsc-eoc.org/species.jsp?avibaseid=95B77F083F49835F,Least concern
Ramphocinclus brachyurus,,,
Ramphocinclus sanctaeluciae,,,
Allenia fusca,,,
Margarops fuscatus,,,
Cinclocerthia ruficauda,,,
Cinclocerthia gutturalis,,,
Toxostoma curvirostre,,,
Toxostoma ocellatum,,,
Toxostoma rufum,UB::Western-Palearctic::Rare/Accidental ,https://avibase.bsc-eoc.org/species.jsp?avibaseid=C8F9F2D013E9D057,Least concern
Toxostoma longirostre,,,
Toxostoma guttatum,,,
Toxostoma bendirei,,,
Toxostoma cinereum,,,
Toxostoma redivivum,,,
Toxostoma lecontei,,,
Toxostoma crissale,,,
Oreoscoptes montanus,,,
Mimus thenca,,,
Mimus patagonicus,,,
Mimus saturninus,,,
Mimus triurus,,,
Mimus dorsalis,,,
Mimus gundlachii,,,
Mimus parvulus,,,
Mimus trifasciatus,,,
Mimus macdonaldi,,,
Mimus melanotis,,,
Mimus longicaudatus,,,
Mimus graysoni,,,
Mimus gilvus,UB::Western-Palearctic::Uncertain-origin ,https://avibase.bsc-eoc.org/species.jsp?avibaseid=1281617BEF615F49,Least concern
Mimus polyglottos,UB::Western-Palearctic::Common ,https://avibase.bsc-eoc.org/species.jsp?avibaseid=7EFF698DC564CF69,Least concern
Pinarornis plumosus,,,
Grandala coelicolor,,,
Sialia sialis,,,
Sialia mexicana,,,
Sialia currucoides,,,
Stizorhina fraseri,,,
Stizorhina finschi,,,
Neocossyphus rufus,,,
Neocossyphus poensis,,,
Myadestes townsendi,,,
Myadestes occidentalis,,,
Myadestes elisabeth,,,
Myadestes genibarbis,,,
Myadestes melanops,,,
Myadestes coloratus,,,
Myadestes unicolor,,,
Myadestes ralloides,,,
Myadestes myadestinus,,,
Myadestes woahensis,,,
Myadestes lanaiensis,,,
Myadestes obscurus,,,
Myadestes palmeri,,,
Zoothera dixoni,,,
Zoothera mollissima,,,
Zoothera salimalii,,,
Zoothera griseiceps,,,
Zoothera heinrichi,,,
Zoothera marginata,,,
Zoothera monticola,,,
Zoothera everetti,,,
Zoothera andromedae,,,
Zoothera aurea,UB::Western-Palearctic::Common ,https://avibase.bsc-eoc.org/species.jsp?avibaseid=8E267A2656A555F5,Least concern
Zoothera dauma,UB::Western-Palearctic::Common ,https://avibase.bsc-eoc.org/species.jsp?avibaseid=F58200CE40A4720C,Least concern
Zoothera major,,,
Zoothera neilgherriensis,,,
Zoothera imbricata,,,
Zoothera terrestris,,,
Zoothera margaretae,,,
Zoothera turipavae,,,
Zoothera lunulata,,,
Zoothera talaseae,,,
Zoothera atrigena,,,
Zoothera heinei,,,
Zoothera machiki,,,
Chlamydochaera jefferyi,,,
Cochoa purpurea,,,
Cochoa viridis,,,
Cochoa beccarii,,,
Cochoa azurea,,,
Ixoreus naevius,UB::Western-Palearctic::Rare/Accidental ,https://avibase.bsc-eoc.org/species.jsp?avibaseid=583128734B0F566A,Least concern
Catharus gracilirostris,,,
Catharus aurantiirostris,,,
Catharus fuscater,,,
Catharus occidentalis,,,
Catharus frantzii,,,
Catharus mexicanus,,,
Catharus dryas,,,
Catharus maculatus,,,
Catharus fuscescens,UB::Western-Palearctic::Rare/Accidental ,https://avibase.bsc-eoc.org/species.jsp?avibaseid=0B8F4EE60AFF4B25,Least concern
Catharus minimus,UB::Western-Palearctic::Rare/Accidental ,https://avibase.bsc-eoc.org/species.jsp?avibaseid=B904BB227C07317E,Least concern
Catharus bicknelli,,,
Catharus ustulatus,UB::Western-Palearctic::Rare/Accidental ,https://avibase.bsc-eoc.org/species.jsp?avibaseid=E53FC25C090A6AD8,Least concern
Catharus guttatus,UB::Western-Palearctic::Rare/Accidental ,https://avibase.bsc-eoc.org/species.jsp?avibaseid=B01E8BD42E1785F2,Least concern
Hylocichla mustelina,UB::Western-Palearctic::Rare/Accidental ,https://avibase.bsc-eoc.org/species.jsp?avibaseid=8E1D9327B8DAFD54,Least concern
Entomodestes coracinus,,,
Entomodestes leucotis,,,
Cichlopsis leucogenys,,,
Ridgwayia pinicola,,,
Geokichla sibirica,UB::Western-Palearctic::Rare/Accidental ,https://avibase.bsc-eoc.org/species.jsp?avibaseid=E7163B81013F6CCC,Least concern
Geokichla wardii,,,
Geokichla guttata,,,
Geokichla camaronensis,,,
Geokichla princei,,,
Geokichla crossleyi,,,
Geokichla oberlaenderi,,,
Geokichla piaggiae,,,
Geokichla gurneyi,,,
Geokichla spiloptera,,,
Geokichla cinerea,,,
Geokichla dumasi,,,
Geokichla joiceyi,,,
Geokichla interpres,,,
Geokichla leucolaema,,,
Geokichla dohertyi,,,
Geokichla peronii,,,
Geokichla schistacea,,,
Geokichla erythronota,,,
Geokichla mendeni,,,
Geokichla citrina,,,
Turdus mupinensis,,,
Turdus simensis,,,
Turdus litsitsirupa,,,
Turdus viscivorus,UB::Western-Palearctic::Common ,https://avibase.bsc-eoc.org/species.jsp?avibaseid=A95B43F1E9D10296,Least concern
Turdus philomelos,UB::Western-Palearctic::Common ,https://avibase.bsc-eoc.org/species.jsp?avibaseid=D929EB214A698282,Least concern
Turdus tephronotus,,,
Turdus ludoviciae,,,
Turdus menachensis,,,
Turdus mandarinus,,,
Turdus bewsheri,,,
Turdus libonyana,,,
Turdus olivaceus,,,
Turdus abyssinicus,,,
Turdus helleri,,,
Turdus roehli,,,
Turdus xanthorhynchus,,,
Turdus olivaceofuscus,,,
Turdus niveiceps,,,
Turdus boulboul,,,
Turdus simillimus,,,
Turdus pelios,,,
Turdus smithi,,,
Turdus iliacus,UB::Western-Palearctic::Common ,https://avibase.bsc-eoc.org/species.jsp?avibaseid=A8A85BCF1AFB7BBD,Near-threatened
Turdus merula,UB::Western-Palearctic::Common ,https://avibase.bsc-eoc.org/species.jsp?avibaseid=88BB4F2A0C8492A5,Least concern
Turdus unicolor,UB::Western-Palearctic::Rare/Accidental ,https://avibase.bsc-eoc.org/species.jsp?avibaseid=F4692C3B28EF7A78,Least concern
Turdus dissimilis,,,
Turdus hortulorum,,,
Turdus cardis,,,
Turdus mindorensis,,,
Turdus thomassoni,,,
Turdus nigrorum,,,
Turdus erythropleurus,,,
Turdus schlegelii,,,
Turdus javanicus,,,
Turdus deningeri,,,
Turdus papuensis,,,
Turdus heinrothi,,,
Turdus bougainvillei,,,
Turdus kulambangrae,,,
Turdus vanikorensis,,,
Turdus pritzbueri,,,
Turdus xanthopus,,,
Turdus poliocephalus,,,
Turdus samoensis,,,
Turdus ruficeps,,,
Turdus maximus,,,
Turdus kessleri,,,
Turdus pallidus,UB::Western-Palearctic::Uncertain-origin ,https://avibase.bsc-eoc.org/species.jsp?avibaseid=B6A18478FB977E46,Least concern
Turdus obscurus,UB::Western-Palearctic::Rare/Accidental ,https://avibase.bsc-eoc.org/species.jsp?avibaseid=6E24CCD187765B9A,Least concern
Turdus feae,,,
Turdus celaenops,,,
Turdus chrysolaus,,,
Turdus pilaris,UB::Western-Palearctic::Common ,https://avibase.bsc-eoc.org/species.jsp?avibaseid=D120D5A070E8123C,Least concern
Turdus albocinctus,,,
Turdus rubrocanus,,,
Turdus torquatus,UB::Western-Palearctic::Common ,https://avibase.bsc-eoc.org/species.jsp?avibaseid=CE71B4FF837F276A,Least concern
Turdus atrogularis,UB::Western-Palearctic::Common ,https://avibase.bsc-eoc.org/species.jsp?avibaseid=AECDBFFA55C87E24,Least concern
Turdus ruficollis,UB::Western-Palearctic::Common ,https://avibase.bsc-eoc.org/species.jsp?avibaseid=77B6BACB4F619FBB,Least concern
Turdus eunomus,UB::Western-Palearctic::Rare/Accidental ,https://avibase.bsc-eoc.org/species.jsp?avibaseid=E3B6927817B7ABB4,Least concern
Turdus naumanni,UB::Western-Palearctic::Rare/Accidental ,https://avibase.bsc-eoc.org/species.jsp?avibaseid=22761AD4A981E2F6,Least concern
Turdus turdoides,,,
Turdus ravidus,,,
Turdus aurantius,,,
Turdus plumbeus,,,
Turdus ardosiaceus,,,
Turdus infuscatus,,,
Turdus nigrescens,,,
Turdus rufitorques,,,
Turdus migratorius,UB::Western-Palearctic::Rare/Accidental ,https://avibase.bsc-eoc.org/species.jsp?avibaseid=D77E4B418D581FB2,Least concern
Turdus rufopalliatus,,,
Turdus plebejus,,,
Turdus swalesi,,,
Turdus jamaicensis,,,
Turdus leucops,,,
Turdus lherminieri,,,
Turdus fulviventris,,,
Turdus reevei,,,
Turdus serranus,,,
Turdus olivater,,,
Turdus nigriceps,,,
Turdus fuscater,,,
Turdus chiguanco,,,
Turdus falcklandii,UB::Western-Palearctic::Uncertain-origin ,https://avibase.bsc-eoc.org/species.jsp?avibaseid=F09C39409EACF33E,Least concern
Turdus eremita,,,
Turdus amaurochalinus,,,
Turdus ignobilis,,,
Turdus arthuri,,,
Turdus maranonicus,,,
Turdus flavipes,,,
Turdus subalaris,,,
Turdus murinus,,,
Turdus lawrencii,,,
Turdus obsoletus,,,
Turdus assimilis,,,
Turdus daguae,,,
Turdus albicollis,,,
Turdus leucomelas,,,
Turdus hauxwelli,,,
Turdus fumigatus,,,
Turdus rufiventris,,,
Turdus haplochrous,,,
Turdus nudigenis,,,
Turdus sanchezorum,,,
Turdus maculirostris,,,
Turdus grayi,,,
Muscicapa griseisticta,,,
Muscicapa sibirica,UB::Western-Palearctic::Rare/Accidental ,https://avibase.bsc-eoc.org/species.jsp?avibaseid=BCB683C21DCFC71C,Least concern
Muscicapa ferruginea,,,
Muscicapa dauurica,UB::Western-Palearctic::Common ,https://avibase.bsc-eoc.org/species.jsp?avibaseid=585D0B1ACD00B47F,Least concern
Muscicapa randi,,,
Muscicapa segregata,,,
Muscicapa muttui,,,
Muscicapa sodhii,,,
Muscicapa williamsoni,,,
Muscicapa adusta,,,
Muscicapa epulata,,,
Muscicapa sethsmithi,,,
Muscicapa striata,UB::Western-Palearctic::Common ,https://avibase.bsc-eoc.org/species.jsp?avibaseid=EE8206E703914D22,Least concern
Muscicapa gambagae,,,
Muscicapa aquatica,,,
Muscicapa cassini,,,
Myopornis boehmi,,,
Artomyias ussheri,,,
Artomyias fuliginosa,,,
Bradornis comitatus,,,
Bradornis mariquensis,,,
Bradornis microrhynchus,,,
Agricola pallidus,,,
Agricola infuscatus,,,
Fraseria cinerascens,,,
Fraseria ocreata,,,
Fraseria griseigularis,,,
Fraseria plumbea,,,
Fraseria olivascens,,,
Fraseria lendu,,,
Fraseria tessmanni,,,
Fraseria caerulescens,,,
Namibornis herero,,,
Empidornis semipartitus,,,
Sigelus silens,,,
Melaenornis ardesiacus,,,
Melaenornis annamarulae,,,
Melaenornis edolioides,,,
Melaenornis pammelaina,,,
Melaenornis fischeri,,,
Melaenornis brunneus,,,
Melaenornis chocolatinus,,,
Humblotia flavirostris,,,
Alethe diademata,,,
Alethe castanea,,,
Tychaedon coryphoeus,,,
Tychaedon leucosticta,,,
Tychaedon signata,,,
Tychaedon quadrivirgata,,,
Tychaedon barbata,,,
Cercotrichas podobe,UB::Western-Palearctic::Common ,https://avibase.bsc-eoc.org/species.jsp?avibaseid=6D92499B9F639202,Least concern
Cercotrichas galactotes,UB::Western-Palearctic::Common ,https://avibase.bsc-eoc.org/species.jsp?avibaseid=B68BD0D25647A5D2,Least concern
Cercotrichas paena,,,
Cercotrichas hartlaubi,,,
Cercotrichas leucophrys,,,
Copsychus fulicatus,,,
Copsychus saularis,,,
Copsychus pyrropygus,,,
Copsychus albospecularis,,,
Copsychus sechellarum,,,
Copsychus mindanensis,,,
Copsychus malabaricus,,,
Copsychus leggei,,,
Copsychus stricklandii,,,
Copsychus barbouri,,,
Copsychus nigricauda,,,
Copsychus albiventris,,,
Copsychus omissus,,,
Copsychus luzoniensis,,,
Copsychus superciliaris,,,
Copsychus niger,,,
Copsychus cebuensis,,,
Leucoptilon concretum,,,
Sholicola major,,,
Sholicola albiventris,,,
Niltava grandis,,,
Niltava macgrigoriae,,,
Niltava davidi,,,
Niltava sundara,,,
Niltava sumatrana,,,
Niltava oatesi,,,
Niltava vivida,,,
Cyanoptila cyanomelana,,,
Cyanoptila cumatilis,,,
Eumyias sanfordi,,,
Eumyias hoevelli,,,
Eumyias hyacinthinus,,,
Eumyias oscillans,,,
Eumyias stresemanni,,,
Eumyias sordidus,,,
Eumyias albicaudatus,,,
Eumyias indigo,,,
Eumyias thalassinus,UB::Western-Palearctic::Rare/Accidental ,https://avibase.bsc-eoc.org/species.jsp?avibaseid=1DF0E8560D738BB9,Least concern
Eumyias additus,,,
Eumyias panayensis,,,
Anthipes monileger,,,
Anthipes solitaris,,,
Cyornis ruckii,,,
Cyornis herioti,,,
Cyornis camarinensis,,,
Cyornis hainanus,,,
Cyornis pallidipes,,,
Cyornis poliogenys,,,
Cyornis unicolor,,,
Cyornis rubeculoides,,,
Cyornis glaucicomans,,,
Cyornis magnirostris,,,
Cyornis whitei,,,
Cyornis banyumas,,,
Cyornis montanus,,,
Cyornis kadayangensis,,,
Cyornis caerulatus,,,
Cyornis turcosus,,,
Cyornis lemprieri,,,
Cyornis superbus,,,
Cyornis tickelliae,,,
Cyornis sumatrensis,,,
Cyornis rufigastra,,,
Cyornis omissus,,,
Cyornis kalaoensis,,,
Cyornis brunneatus,,,
Cyornis nicobaricus,,,
Cyornis umbratilis,,,
Cyornis olivaceus,,,
Cyornis ruficauda,,,
Cyornis ocularis,,,
Cyornis ruficrissa,,,
Cyornis pelingensis,,,
Cyornis colonus,,,
Cossyphicula roberti,,,
Cossyphicula isabellae,,,
Dessonornis archeri,,,
Dessonornis anomalus,,,
Dessonornis caffer,,,
Dessonornis humeralis,,,
Cossypha cyanocampter,,,
Cossypha semirufa,,,
Cossypha heuglini,,,
Cossypha natalensis,,,
Cossypha dichroa,,,
Cossypha heinrichi,,,
Cossypha niveicapilla,,,
Cossypha albicapillus,,,
Xenocopsychus ansorgei,,,
Cichladusa arquata,,,
Cichladusa ruficauda,,,
Cichladusa guttata,,,
Erithacus rubecula,UB::Western-Palearctic::Common ,https://avibase.bsc-eoc.org/species.jsp?avibaseid=C809B2B90399A43D,Least concern
Pogonocichla stellata,,,
Swynnertonia swynnertoni,,,
Chamaetylas poliocephala,,,
Chamaetylas poliophrys,,,
Chamaetylas choloensis,,,
Chamaetylas fuelleborni,,,
Stiphrornis pyrrholaemus,,,
Stiphrornis erythrothorax,,,
Stiphrornis mabirae,,,
Sheppardia polioptera,,,
Sheppardia poensis,,,
Sheppardia bocagei,,,
Sheppardia cyornithopsis,,,
Sheppardia aequatorialis,,,
Sheppardia sharpei,,,
Sheppardia gunningi,,,
Sheppardia gabela,,,
Sheppardia montana,,,
Sheppardia lowei,,,
Sheppardia aurantiithorax,,,
Leonardina woodi,,,
Vauriella gularis,,,
Vauriella insignis,,,
Vauriella albigularis,,,
Vauriella goodfellowi,,,
Heinrichia calligyna,,,
Brachypteryx hyperythra,,,
Brachypteryx leucophris,,,
Brachypteryx cruralis,,,
Brachypteryx sinensis,,,
Brachypteryx goodfellowi,,,
Brachypteryx poliogyna,,,
Brachypteryx erythrogyna,,,
Brachypteryx saturata,,,
Brachypteryx montana,,,
Brachypteryx floris,,,
Heteroxenicus stellatus,,,
Larvivora sibilans,UB::Western-Palearctic::Common ,https://avibase.bsc-eoc.org/species.jsp?avibaseid=9C05639866AC8592,Least concern
Larvivora ruficeps,,,
Larvivora akahige,,,
Larvivora tanensis,,,
Larvivora komadori,,,
Larvivora namiyei,,,
Larvivora brunnea,,,
Larvivora cyane,UB::Western-Palearctic::Rare/Accidental ,https://avibase.bsc-eoc.org/species.jsp?avibaseid=A8AA7E198F39BFB4,Least concern
Irania gutturalis,UB::Western-Palearctic::Common ,https://avibase.bsc-eoc.org/species.jsp?avibaseid=73BD4B293448BBD5,Least concern
Luscinia luscinia,UB::Western-Palearctic::Common ,https://avibase.bsc-eoc.org/species.jsp?avibaseid=6EC667529FB53E43,Least concern
Luscinia megarhynchos,UB::Western-Palearctic::Common ,https://avibase.bsc-eoc.org/species.jsp?avibaseid=7C7F0DEE5B364038,Least concern
Luscinia phaenicuroides,,,
Luscinia svecica,UB::Western-Palearctic::Common ,https://avibase.bsc-eoc.org/species.jsp?avibaseid=AFD6FD811AA7D6A7,Least concern
Myophonus blighi,,,
Myophonus melanurus,,,
Myophonus glaucinus,,,
Myophonus castaneus,,,
Myophonus borneensis,,,
Myophonus robinsoni,,,
Myophonus horsfieldii,,,
Myophonus insularis,,,
Myophonus caeruleus,,,
Enicurus scouleri,,,
Enicurus leschenaulti,,,
Enicurus borneensis,,,
Enicurus maculatus,,,
Enicurus velatus,,,
Enicurus ruficapillus,,,
Enicurus immaculatus,,,
Enicurus schistaceus,,,
Calliope pectardens,,,
Calliope obscura,,,
Calliope calliope,UB::Western-Palearctic::Common ,https://avibase.bsc-eoc.org/species.jsp?avibaseid=786B0F98D1EE4C54,Least concern
Calliope pectoralis,,,
Calliope tschebaiewi,,,
Myiomela leucura,,,
Myiomela sumatrana,,,
Myiomela diana,,,
Cinclidium frontale,,,
Tarsiger cyanurus,UB::Western-Palearctic::Rare/Accidental ,https://avibase.bsc-eoc.org/species.jsp?avibaseid=E54B8DEE06ACE380,Least concern
Tarsiger albocoeruleus,,,
Tarsiger rufilatus,,,
Tarsiger hyperythrus,,,
Tarsiger indicus,,,
Tarsiger formosanus,,,
Tarsiger chrysaeus,,,
Tarsiger johnstoniae,,,
Ficedula zanthopygia,,,
Ficedula elisae,,,
Ficedula narcissina,,,
Ficedula owstoni,,,
Ficedula mugimaki,UB::Western-Palearctic::Rare/Accidental ,https://avibase.bsc-eoc.org/species.jsp?avibaseid=0557B8E5492F35F2,Least concern
Ficedula erithacus,,,
Ficedula nigrorufa,,,
Ficedula tricolor,,,
Ficedula hyperythra,,,
Ficedula hodgsoni,,,
Ficedula strophiata,,,
Ficedula sapphira,,,
Ficedula westermanni,,,
Ficedula superciliaris,UB::Western-Palearctic::Rare/Accidental ,https://avibase.bsc-eoc.org/species.jsp?avibaseid=808001B1A1E7CC7D,Least concern
Ficedula ruficauda,,,
Ficedula albicilla,UB::Western-Palearctic::Common ,https://avibase.bsc-eoc.org/species.jsp?avibaseid=99985173A619C8F2,Least concern
Ficedula subrubra,,,
Ficedula parva,UB::Western-Palearctic::Common ,https://avibase.bsc-eoc.org/species.jsp?avibaseid=6A3CA06B2496B003,Least concern
Ficedula semitorquata,UB::Western-Palearctic::Common ,https://avibase.bsc-eoc.org/species.jsp?avibaseid=BE56C141DDCFDA2E,Least concern
Ficedula hypoleuca,UB::Western-Palearctic::Common ,https://avibase.bsc-eoc.org/species.jsp?avibaseid=6E352E1870A195B7,Least concern
Ficedula speculigera,UB::Western-Palearctic::Common ,https://avibase.bsc-eoc.org/species.jsp?avibaseid=CD1B215680AA1E68,Least concern
Ficedula albicollis,UB::Western-Palearctic::Common ,https://avibase.bsc-eoc.org/species.jsp?avibaseid=0B2F80584ED0F07E,Least concern
Ficedula riedeli,,,
Ficedula dumetoria,,,
Ficedula platenae,,,
Ficedula disposita,,,
Ficedula rufigula,,,
Ficedula henrici,,,
Ficedula buruensis,,,
Ficedula bonthaina,,,
Ficedula harterti,,,
Ficedula timorensis,,,
Ficedula basilanica,,,
Ficedula crypta,,,
Ficedula luzoniensis,,,
Phoenicurus frontalis,,,
Phoenicurus fuliginosus,UB::Western-Palearctic::Rare/Accidental ,https://avibase.bsc-eoc.org/species.jsp?avibaseid=1850B440B1436E49,Least concern
Phoenicurus bicolor,,,
Phoenicurus erythronotus,UB::Western-Palearctic::Common ,https://avibase.bsc-eoc.org/species.jsp?avibaseid=03E448A1E6FA7895,Least concern
Phoenicurus leucocephalus,,,
Phoenicurus alaschanicus,,,
Phoenicurus coeruleocephala,,,
Phoenicurus moussieri,UB::Western-Palearctic::Common ,https://avibase.bsc-eoc.org/species.jsp?avibaseid=7A8D10C08494138B,Least concern
Phoenicurus phoenicurus,UB::Western-Palearctic::Common ,https://avibase.bsc-eoc.org/species.jsp?avibaseid=06DD9D954313582E,Least concern
Phoenicurus hodgsoni,,,
Phoenicurus schisticeps,,,
Phoenicurus erythrogastrus,UB::Western-Palearctic::Common ,https://avibase.bsc-eoc.org/species.jsp?avibaseid=3B01E1715D1738E2,Least concern
Phoenicurus ochruros,UB::Western-Palearctic::Common ,https://avibase.bsc-eoc.org/species.jsp?avibaseid=612B5C244E272075,Least concern
Phoenicurus auroreus,UB::Western-Palearctic::Rare/Accidental ,https://avibase.bsc-eoc.org/species.jsp?avibaseid=E859E4990D43249D,Least concern
Monticola rufocinereus,,,
Monticola rufiventris,,,
Monticola gularis,,,
Monticola cinclorhyncha,,,
Monticola brevipes,,,
Monticola explorator,,,
Monticola imerina,,,
Monticola erythronotus,,,
Monticola sharpei,,,
Monticola saxatilis,UB::Western-Palearctic::Common ,https://avibase.bsc-eoc.org/species.jsp?avibaseid=736D38E7F9967842,Least concern
Monticola solitarius,UB::Western-Palearctic::Common ,https://avibase.bsc-eoc.org/species.jsp?avibaseid=41D76F4B19ACB4BD,Least concern
Monticola angolensis,,,
Monticola rupestris,,,
Monticola semirufus,,,
Saxicola rubetra,UB::Western-Palearctic::Common ,https://avibase.bsc-eoc.org/species.jsp?avibaseid=A0EDAEA2E89A9A96,Least concern
Saxicola macrorhynchus,,,
Saxicola insignis,,,
Saxicola dacotiae,UB::Western-Palearctic::Common ,https://avibase.bsc-eoc.org/species.jsp?avibaseid=FEA56E91BF4AA5B3,Near-threatened
Saxicola rubicola,UB::Western-Palearctic::Common ,https://avibase.bsc-eoc.org/species.jsp?avibaseid=0EA8F8B905405FB3,Least concern
Saxicola maurus,UB::Western-Palearctic::Common ,https://avibase.bsc-eoc.org/species.jsp?avibaseid=DB645AF550561B05,Least concern
Saxicola stejnegeri,UB::Western-Palearctic::Common ,https://avibase.bsc-eoc.org/species.jsp?avibaseid=80216E854A9890D8,Least concern
Saxicola torquatus,UB::Western-Palearctic::Common ,https://avibase.bsc-eoc.org/species.jsp?avibaseid=CF2E967489666AEA,Least concern
Saxicola tectes,,,
Saxicola leucurus,,,
Saxicola caprata,UB::Western-Palearctic::Rare/Accidental ,https://avibase.bsc-eoc.org/species.jsp?avibaseid=A64A1FA22261FA10,Least concern
Saxicola jerdoni,,,
Saxicola ferreus,,,
Saxicola gutturalis,,,
Campicoloides bifasciatus,,,
Emarginata sinuata,,,
Emarginata schlegelii,,,
Emarginata tractrac,,,
Pinarochroa sordida,,,
Thamnolaea cinnamomeiventris,,,
Myrmecocichla nigra,,,
Myrmecocichla aethiops,UB::Western-Palearctic::Rare/Accidental ,https://avibase.bsc-eoc.org/species.jsp?avibaseid=E09F7223C4EE2649,Least concern
Myrmecocichla formicivora,,,
Myrmecocichla tholloni,,,
Myrmecocichla monticola,,,
Myrmecocichla melaena,,,
Myrmecocichla arnotti,,,
Oenanthe oenanthe,UB::Western-Palearctic::Common ,https://avibase.bsc-eoc.org/species.jsp?avibaseid=DF526047637004DD,Least concern
Oenanthe seebohmi,UB::Western-Palearctic::Common ,https://avibase.bsc-eoc.org/species.jsp?avibaseid=3983013B8ABF7894,Least concern
Oenanthe pileata,,,
Oenanthe bottae,,,
Oenanthe frenata,,,
Oenanthe isabellina,UB::Western-Palearctic::Common ,https://avibase.bsc-eoc.org/species.jsp?avibaseid=E6C6F74630B2257B,Least concern
Oenanthe heuglinii,,,
Oenanthe monacha,UB::Western-Palearctic::Common ,https://avibase.bsc-eoc.org/species.jsp?avibaseid=17F2D08C6E241F98,Least concern
Oenanthe deserti,UB::Western-Palearctic::Common ,https://avibase.bsc-eoc.org/species.jsp?avibaseid=078BC0ED34F512AE,Least concern
Oenanthe hispanica,UB::Western-Palearctic::Common ,https://avibase.bsc-eoc.org/species.jsp?avibaseid=CBB941834F230C88,Least concern
Oenanthe cypriaca,UB::Western-Palearctic::Common ,https://avibase.bsc-eoc.org/species.jsp?avibaseid=A3148129CFD0450B,Least concern
Oenanthe melanoleuca,UB::Western-Palearctic::Common ,https://avibase.bsc-eoc.org/species.jsp?avibaseid=DF26171F72EF3655,Least concern
Oenanthe pleschanka,UB::Western-Palearctic::Common ,https://avibase.bsc-eoc.org/species.jsp?avibaseid=2FB34D83F74FCEAB,Least concern
Oenanthe albifrons,,,
Oenanthe phillipsi,,,
Oenanthe moesta,UB::Western-Palearctic::Common ,https://avibase.bsc-eoc.org/species.jsp?avibaseid=A9ADB78D5D6B570C,Least concern
Oenanthe melanura,UB::Western-Palearctic::Common ,https://avibase.bsc-eoc.org/species.jsp?avibaseid=10E5B18EA1A828A4,Least concern
Oenanthe familiaris,,,
Oenanthe dubia,,,
Oenanthe scotocerca,,,
Oenanthe fusca,,,
Oenanthe picata,UB::Western-Palearctic::Common ,https://avibase.bsc-eoc.org/species.jsp?avibaseid=F0CB79C0AA81DF96,Least concern
Oenanthe leucura,UB::Western-Palearctic::Common ,https://avibase.bsc-eoc.org/species.jsp?avibaseid=1C98EA2F8CD4DD15,Least concern
Oenanthe albonigra,UB::Western-Palearctic::Common ,https://avibase.bsc-eoc.org/species.jsp?avibaseid=95C1E7159E6E1642,Least concern
Oenanthe leucopyga,UB::Western-Palearctic::Common ,https://avibase.bsc-eoc.org/species.jsp?avibaseid=CAFA98EEE7F9CD86,Least concern
Oenanthe lugentoides,,,
Oenanthe lugubris,,,
Oenanthe finschii,UB::Western-Palearctic::Common ,https://avibase.bsc-eoc.org/species.jsp?avibaseid=3A712A25A08E7F15,Least concern
Oenanthe lugens,UB::Western-Palearctic::Common ,https://avibase.bsc-eoc.org/species.jsp?avibaseid=9EE7BF1C22CD5A7B,Least concern
Oenanthe xanthoprymna,UB::Western-Palearctic::Common ,https://avibase.bsc-eoc.org/species.jsp?avibaseid=FB7193205A928668,Least concern
Oenanthe chrysopygia,UB::Western-Palearctic::Common ,https://avibase.bsc-eoc.org/species.jsp?avibaseid=E749750AA9A121CC,Least concern
Bombycilla garrulus,UB::Western-Palearctic::Common ,https://avibase.bsc-eoc.org/species.jsp?avibaseid=AEF821EC4625150E,Least concern
Bombycilla cedrorum,UB::Western-Palearctic::Rare/Accidental ,https://avibase.bsc-eoc.org/species.jsp?avibaseid=9437D635FF4E2607,Least concern
Bombycilla japonica,UB::Western-Palearctic::Uncertain-origin ,https://avibase.bsc-eoc.org/species.jsp?avibaseid=F13AA87F365F7687,Near-threatened
Moho braccatus,,,
Moho apicalis,,,
Moho bishopi,,,
Moho nobilis,,,
Chaetoptila angustipluma,,,
Phainoptila melanoxantha,,,
Ptiliogonys cinereus,,,
Ptiliogonys caudatus,,,
Phainopepla nitens,,,
Dulus dominicus,,,
Hylocitrea bonensis,,,
Hypocolius ampelinus,UB::Western-Palearctic::Common ,https://avibase.bsc-eoc.org/species.jsp?avibaseid=D08193E075F2ED0A,Least concern
Promerops gurneyi,,,
Promerops cafer,,,
Modulatrix stictigula,,,
Arcanator orostruthus,,,
Kakamega poliothorax,,,
Prionochilus maculatus,,,
Prionochilus percussus,,,
Prionochilus plateni,,,
Prionochilus xanthopygius,,,
Prionochilus thoracicus,,,
Pachyglossa olivacea,,,
Pachyglossa agilis,,,
Pachyglossa everetti,,,
Pachyglossa propria,,,
Pachyglossa chrysorrhea,,,
Pachyglossa melanozantha,,,
Pachyglossa vincens,,,
Dicaeum dayakorum,,,
Dicaeum annae,,,
Dicaeum aureolimbatum,,,
Dicaeum nigrilore,,,
Dicaeum anthonyi,,,
Dicaeum kampalili,,,
Dicaeum bicolor,,,
Dicaeum quadricolor,,,
Dicaeum australe,,,
Dicaeum haematostictum,,,
Dicaeum retrocinctum,,,
Dicaeum trigonostigma,,,
Dicaeum hypoleucum,,,
Dicaeum erythrorhynchos,,,
Dicaeum concolor,,,
Dicaeum minullum,,,
Dicaeum virescens,,,
Dicaeum pygmaeum,,,
Dicaeum nehrkorni,,,
Dicaeum schistaceiceps,,,
Dicaeum erythrothorax,,,
Dicaeum vulneratum,,,
Dicaeum pectorale,,,
Dicaeum geelvinkianum,,,
Dicaeum nitidum,,,
Dicaeum eximium,,,
Dicaeum aeneum,,,
Dicaeum tristrami,,,
Dicaeum igniferum,,,
Dicaeum maugei,,,
Dicaeum ignipectus,,,
Dicaeum cambodianum,,,
Dicaeum luzoniense,,,
Dicaeum beccarii,,,
Dicaeum monticolum,,,
Dicaeum celebicum,,,
Dicaeum sanguinolentum,,,
Dicaeum rhodopygiale,,,
Dicaeum wilhelminae,,,
Dicaeum hanieli,,,
Dicaeum keiense,,,
Dicaeum hirundinaceum,,,
Dicaeum cruentatum,,,
Dicaeum trochileum,,,
Chalcoparia singalensis,,,
Deleornis fraseri,,,
Deleornis axillaris,,,
Anthreptes reichenowi,,,
Anthreptes anchietae,,,
Anthreptes simplex,,,
Anthreptes malacensis,,,
Anthreptes griseigularis,,,
Anthreptes rhodolaemus,,,
Anthreptes gabonicus,,,
Anthreptes longuemarei,,,
Anthreptes orientalis,,,
Anthreptes neglectus,,,
Anthreptes aurantius,,,
Anthreptes seimundi,,,
Anthreptes rectirostris,,,
Anthreptes tephrolaemus,,,
Anthreptes rubritorques,,,
Hedydipna collaris,,,
Hedydipna platura,UB::Western-Palearctic::Common ,https://avibase.bsc-eoc.org/species.jsp?avibaseid=B0E7740F312E814D,Least concern
Hedydipna metallica,UB::Western-Palearctic::Common ,https://avibase.bsc-eoc.org/species.jsp?avibaseid=8333D907947AF1C3,Least concern
Hedydipna pallidigaster,,,
Anabathmis reichenbachii,,,
Anabathmis hartlaubii,,,
Anabathmis newtonii,,,
Dreptes thomensis,,,
Anthobaphes violacea,,,
Cyanomitra verticalis,,,
Cyanomitra bannermani,,,
Cyanomitra cyanolaema,,,
Cyanomitra oritis,,,
Cyanomitra alinae,,,
Cyanomitra olivacea,,,
Cyanomitra veroxii,,,
Chalcomitra adelberti,,,
Chalcomitra fuliginosa,,,
Chalcomitra rubescens,,,
Chalcomitra amethystina,,,
Chalcomitra senegalensis,,,
Chalcomitra hunteri,,,
Chalcomitra balfouri,,,
Leptocoma zeylonica,,,
Leptocoma minima,,,
Leptocoma brasiliana,,,
Leptocoma sperata,,,
Leptocoma aspasia,,,
Leptocoma calcostetha,,,
Nectarinia bocagii,,,
Nectarinia purpureiventris,,,
Nectarinia tacazze,,,
Nectarinia kilimensis,,,
Nectarinia famosa,,,
Nectarinia johnstoni,,,
Drepanorhynchus reichenowi,,,
Cinnyris chloropygius,,,
Cinnyris minullus,,,
Cinnyris gertrudis,,,
Cinnyris manoensis,,,
Cinnyris chalybeus,,,
Cinnyris neergaardi,,,
Cinnyris stuhlmanni,,,
Cinnyris prigoginei,,,
Cinnyris ludovicensis,,,
Cinnyris reichenowi,,,
Cinnyris afer,,,
Cinnyris regius,,,
Cinnyris rockefelleri,,,
Cinnyris mediocris,,,
Cinnyris usambaricus,,,
Cinnyris fuelleborni,,,
Cinnyris moreaui,,,
Cinnyris loveridgei,,,
Cinnyris pulchellus,,,
Cinnyris melanogastrus,,,
Cinnyris mariquensis,,,
Cinnyris shelleyi,,,
Cinnyris congensis,,,
Cinnyris erythrocercus,,,
Cinnyris nectarinioides,,,
Cinnyris bifasciatus,,,
Cinnyris tsavoensis,,,
Cinnyris chalcomelas,,,
Cinnyris pembae,,,
Cinnyris bouvieri,,,
Cinnyris osea,UB::Western-Palearctic::Common ,https://avibase.bsc-eoc.org/species.jsp?avibaseid=783E492C70851B12,Least concern
Cinnyris habessinicus,UB::Western-Palearctic::Common ,https://avibase.bsc-eoc.org/species.jsp?avibaseid=688582BF6188DAB4,Least concern
Cinnyris hellmayri,UB::Western-Palearctic::Rare/Accidental ,https://avibase.bsc-eoc.org/species.jsp?avibaseid=36D2C0CDD46F9A12,Least concern
Cinnyris coccinigastrus,,,
Cinnyris johannae,,,
Cinnyris superbus,,,
Cinnyris rufipennis,,,
Cinnyris oustaleti,,,
Cinnyris talatala,,,
Cinnyris venustus,,,
Cinnyris fuscus,,,
Cinnyris ursulae,,,
Cinnyris batesi,,,
Cinnyris cupreus,UB::Western-Palearctic::Uncertain-origin ,https://avibase.bsc-eoc.org/species.jsp?avibaseid=1F21FFE9E22F56E3,Least concern
Cinnyris asiaticus,UB::Western-Palearctic::Rare/Accidental ,https://avibase.bsc-eoc.org/species.jsp?avibaseid=E9BCF7640544FC7C,Least concern
Cinnyris ornatus,,,
Cinnyris infrenatus,,,
Cinnyris frenatus,,,
Cinnyris jugularis,,,
Cinnyris aurora,,,
Cinnyris clementiae,,,
Cinnyris teysmanni,,,
Cinnyris idenburgi,,,
Cinnyris buettikoferi,,,
Cinnyris solaris,,,
Cinnyris sovimanga,,,
Cinnyris notatus,,,
Cinnyris dussumieri,,,
Cinnyris humbloti,,,
Cinnyris comorensis,,,
Cinnyris coquerellii,,,
Cinnyris lotenius,,,
Aethopyga duyvenbodei,,,
Aethopyga ignicauda,,,
Aethopyga saturata,,,
Aethopyga gouldiae,,,
Aethopyga nipalensis,,,
Aethopyga shelleyi,,,
Aethopyga temminckii,,,
Aethopyga mystacalis,,,
Aethopyga vigorsii,,,
Aethopyga siparaja,,,
Aethopyga magnifica,,,
Aethopyga christinae,,,
Aethopyga bella,,,
Aethopyga eximia,,,
Aethopyga flagrans,,,
Aethopyga guimarasensis,,,
Aethopyga pulcherrima,,,
Aethopyga linaraborae,,,
Aethopyga primigenia,,,
Aethopyga boltoni,,,
Aethopyga tibolii,,,
Kurochkinegramma hypogrammicum,,,
Arachnothera crassirostris,,,
Arachnothera robusta,,,
Arachnothera flammifera,,,
Arachnothera dilutior,,,
Arachnothera longirostra,,,
Arachnothera juliae,,,
Arachnothera clarae,,,
Arachnothera chrysogenys,,,
Arachnothera flavigaster,,,
Arachnothera magna,,,
Arachnothera affinis,,,
Arachnothera modesta,,,
Arachnothera everetti,,,
Irena puella,,,
Irena tweeddalii,,,
Irena cyanogastra,,,
Chloropsis flavipennis,,,
Chloropsis palawanensis,,,
Chloropsis sonnerati,,,
Chloropsis cyanopogon,,,
Chloropsis moluccensis,,,
Chloropsis cochinchinensis,,,
Chloropsis kinabaluensis,,,
Chloropsis jerdoni,,,
Chloropsis aurifrons,,,
Chloropsis media,,,
Chloropsis hardwickii,,,
Chloropsis venusta,,,
Peucedramus taeniatus,,,
Urocynchramus pylzowi,,,
Bubalornis albirostris,,,
Bubalornis niger,,,
Dinemellia dinemelli,,,
Sporopipes frontalis,,,
Sporopipes squamifrons,,,
Plocepasser mahali,,,
Plocepasser superciliosus,,,
Plocepasser rufoscapulatus,,,
Plocepasser donaldsoni,,,
Histurgops ruficauda,,,
Pseudonigrita arnaudi,,,
Pseudonigrita cabanisi,,,
Philetairus socius,,,
Malimbus coronatus,,,
Malimbus cassini,,,
Malimbus ballmanni,,,
Malimbus racheliae,,,
Malimbus scutatus,,,
Malimbus ibadanensis,,,
Malimbus erythrogaster,,,
Malimbus nitens,,,
Malimbus malimbicus,,,
Malimbus rubricollis,,,
Anaplectes rubriceps,,,
Anaplectes jubaensis,,,
Ploceus flavipes,,,
Ploceus bertrandi,,,
Ploceus baglafecht,,,
Ploceus nigrimentus,,,
Ploceus bannermani,,,
Ploceus batesi,,,
Ploceus luteolus,,,
Ploceus pelzelni,,,
Ploceus subpersonatus,,,
Ploceus brachypterus,,,
Ploceus nigricollis,,,
Ploceus ocularis,,,
Ploceus melanogaster,,,
Ploceus alienus,,,
Ploceus capensis,,,
Ploceus temporalis,,,
Ploceus subaureus,,,
Ploceus xanthops,,,
Ploceus aurantius,,,
Ploceus bojeri,,,
Ploceus castaneiceps,,,
Ploceus princeps,,,
Ploceus xanthopterus,,,
Ploceus castanops,,,
Ploceus burnieri,,,
Ploceus holoxanthus,,,
Ploceus taeniopterus,,,
Ploceus intermedius,,,
Ploceus velatus,,,
Ploceus vitellinus,UB::Western-Palearctic::Rare/Accidental ,https://avibase.bsc-eoc.org/species.jsp?avibaseid=FC6C191F4F9103DD,Least concern
Ploceus reichardi,,,
Ploceus katangae,,,
Ploceus ruweti,,,
Ploceus heuglini,,,
Ploceus galbula,UB::Western-Palearctic::Introduced-species ,https://avibase.bsc-eoc.org/species.jsp?avibaseid=9F7489D0D6496D60,Least concern
Ploceus spekei,,,
Ploceus spekeoides,,,
Ploceus castaneofuscus,,,
Ploceus nigerrimus,,,
Ploceus cucullatus,,,
Ploceus grandis,,,
Ploceus weynsi,,,
Ploceus golandi,,,
Ploceus dichrocephalus,,,
Ploceus melanocephalus,UB::Western-Palearctic::Introduced-species ,https://avibase.bsc-eoc.org/species.jsp?avibaseid=19D053B3A2A59558,Least concern
Ploceus jacksoni,,,
Ploceus rubiginosus,,,
Ploceus badius,,,
Ploceus aureonucha,,,
Ploceus tricolor,,,
Ploceus albinucha,,,
Ploceus bicolor,,,
Ploceus insignis,,,
Ploceus dorsomaculatus,,,
Ploceus preussi,,,
Ploceus olivaceiceps,,,
Ploceus nicolli,,,
Ploceus angolensis,,,
Ploceus sanctithomae,,,
Ploceus nelicourvi,,,
Ploceus sakalava,,,
Ploceus manyar,UB::Western-Palearctic::Introduced-species ,https://avibase.bsc-eoc.org/species.jsp?avibaseid=29FF745B090A7283,Least concern
Ploceus philippinus,,,
Ploceus hypoxanthus,,,
Ploceus megarhynchus,,,
Ploceus benghalensis,,,
Pachyphantes superciliosus,,,
Quelea cardinalis,,,
Quelea erythrops,,,
Quelea quelea,,,
Brachycope anomala,,,
Foudia madagascariensis,,,
Foudia aldabrana,,,
Foudia eminentissima,,,
Foudia omissa,,,
Foudia delloni,,,
Foudia rubra,,,
Foudia sechellarum,,,
Foudia flavicans,,,
Euplectes franciscanus,,,
Euplectes orix,,,
Euplectes nigroventris,,,
Euplectes hordeaceus,,,
Euplectes gierowii,,,
Euplectes afer,UB::Western-Palearctic::Introduced-species ,https://avibase.bsc-eoc.org/species.jsp?avibaseid=4A58452BCE614FD1,Least concern
Euplectes diadematus,,,
Euplectes aureus,,,
Euplectes capensis,,,
Euplectes albonotatus,,,
Euplectes macroura,,,
Euplectes laticauda,,,
Euplectes ardens,,,
Euplectes axillaris,,,
Euplectes hartlaubi,,,
Euplectes psammacromius,,,
Euplectes progne,,,
Euplectes jacksoni,,,
Amblyospiza albifrons,,,
Heteromunia pectoralis,,,
Oreostruthus fuliginosus,,,
Stagonopleura guttata,,,
Stagonopleura oculata,,,
Stagonopleura bella,,,
Neochmia phaeton,,,
Neochmia temporalis,,,
Emblema pictum,,,
Emblema ruficauda,,,
Emblema modestum,,,
Stizoptera bichenovii,,,
Taeniopygia guttata,,,
Poephila personata,,,
Poephila acuticauda,,,
Poephila cincta,,,
Spermestes griseicapilla,,,
Spermestes cucullata,,,
Spermestes fringilloides,,,
Spermestes bicolor,,,
Lepidopygia nana,,,
Euodice cantans,UB::Western-Palearctic::Rare/Accidental ,https://avibase.bsc-eoc.org/species.jsp?avibaseid=FC6A9CD0979A6DE8,Least concern
Euodice malabarica,UB::Western-Palearctic::Introduced-species ,https://avibase.bsc-eoc.org/species.jsp?avibaseid=C03E353AFBA1FB74,Least concern
Padda oryzivora,,,
Padda fuscata,,,
Mayrimunia tristissima,,,
Mayrimunia leucosticta,,,
Lonchura punctulata,UB::Western-Palearctic::Introduced-species ,https://avibase.bsc-eoc.org/species.jsp?avibaseid=6D4F72B157D99627,Least concern
Lonchura kelaarti,,,
Lonchura molucca,,,
Lonchura striata,,,
Lonchura fuscans,,,
Lonchura leucogastra,,,
Lonchura leucogastroides,,,
Lonchura malacca,UB::Western-Palearctic::Common ,https://avibase.bsc-eoc.org/species.jsp?avibaseid=937B5409A423667F,Least concern
Lonchura atricapilla,UB::Western-Palearctic::Introduced-species ,https://avibase.bsc-eoc.org/species.jsp?avibaseid=5634598A9E52C2B1,Least concern
Lonchura ferruginosa,,,
Lonchura maja,,,
Lonchura pallida,,,
Lonchura grandis,,,
Lonchura teerinki,,,
Lonchura montana,,,
Lonchura monticola,,,
Lonchura vana,,,
Lonchura nevermanni,,,
Lonchura caniceps,,,
Lonchura spectabilis,,,
Lonchura forbesi,,,
Lonchura hunsteini,,,
Lonchura nigerrima,,,
Lonchura flaviprymna,,,
Lonchura quinticolor,,,
Lonchura castaneothorax,,,
Lonchura stygia,,,
Lonchura melaena,,,
Chloebia gouldiae,,,
Erythrura prasina,,,
Erythrura viridifacies,,,
Erythrura hyperythra,,,
Erythrura psittacea,,,
Erythrura pealii,,,
Erythrura cyaneovirens,,,
Erythrura kleinschmidti,,,
Erythrura tricolor,,,
Erythrura coloria,,,
Erythrura papuana,,,
Erythrura trichroa,,,
Nesocharis shelleyi,,,
Nesocharis ansorgei,,,
Coccopygia quartinia,,,
Coccopygia bocagei,,,
Coccopygia melanotis,,,
Mandingoa nitidula,,,
Cryptospiza shelleyi,,,
Cryptospiza jacksoni,,,
Cryptospiza salvadorii,,,
Cryptospiza reichenovii,,,
Parmoptila rubrifrons,,,
Parmoptila woodhousei,,,
Parmoptila jamesoni,,,
Nigrita fusconotus,,,
Nigrita bicolor,,,
Nigrita canicapillus,,,
Nigrita luteifrons,,,
Delacourella capistrata,,,
Brunhilda erythronotos,,,
Brunhilda charmosyna,,,
Glaucestrilda caerulescens,,,
Glaucestrilda perreini,,,
Glaucestrilda thomensis,,,
Estrilda nonnula,,,
Estrilda atricapilla,,,
Estrilda kandti,,,
Estrilda melpoda,UB::Western-Palearctic::Introduced-species ,https://avibase.bsc-eoc.org/species.jsp?avibaseid=1E79A7D7AEE67569,Least concern
Estrilda poliopareia,,,
Estrilda paludicola,,,
Estrilda astrild,UB::Western-Palearctic::Introduced-species ,https://avibase.bsc-eoc.org/species.jsp?avibaseid=61CB98C064F82462,Least concern
Estrilda nigriloris,,,
Estrilda troglodytes,UB::Western-Palearctic::Introduced-species ,https://avibase.bsc-eoc.org/species.jsp?avibaseid=D30DC715A89FB566,Least concern
Estrilda rhodopyga,UB::Western-Palearctic::Rare/Accidental ,https://avibase.bsc-eoc.org/species.jsp?avibaseid=6DD8F10F9F30BD4D,Least concern
Estrilda rufibarba,,,
Ortygospiza atricollis,,,
Paludipasser locustella,,,
Amadina fasciata,UB::Western-Palearctic::Rare/Accidental ,https://avibase.bsc-eoc.org/species.jsp?avibaseid=CDDA63E0BAB534BA,Least concern
Amadina erythrocephala,,,
Amandava formosa,,,
Amandava subflava,,,
Amandava amandava,UB::Western-Palearctic::Introduced-species ,https://avibase.bsc-eoc.org/species.jsp?avibaseid=F30FC757798C8A9B,Least concern
Granatina ianthinogaster,,,
Granatina granatina,,,
Uraeginthus angolensis,,,
Uraeginthus bengalus,UB::Western-Palearctic::Rare/Accidental ,https://avibase.bsc-eoc.org/species.jsp?avibaseid=EAE77D9607CB4ACD,Least concern
Uraeginthus cyanocephalus,,,
Spermophaga poliogenys,,,
Spermophaga haematina,,,
Spermophaga ruficapilla,,,
Pyrenestes minor,,,
Pyrenestes sanguineus,,,
Pyrenestes ostrinus,,,
Pytilia melba,,,
Pytilia afra,,,
Pytilia phoenicoptera,,,
Pytilia lineata,,,
Pytilia hypogrammica,,,
Euschistospiza dybowskii,,,
Euschistospiza cinereovinacea,,,
Hypargos niveoguttatus,,,
Hypargos margaritatus,,,
Clytospiza monteiri,,,
Lagonosticta senegala,UB::Western-Palearctic::Rare/Accidental ,https://avibase.bsc-eoc.org/species.jsp?avibaseid=B4A4E4BF42395ED1,Least concern
Lagonosticta rubricata,,,
Lagonosticta rhodopareia,,,
Lagonosticta virata,,,
Lagonosticta sanguinodorsalis,,,
Lagonosticta umbrinodorsalis,,,
Lagonosticta rara,,,
Lagonosticta rufopicta,,,
Lagonosticta nitidula,,,
Lagonosticta larvata,,,
Vidua macroura,,,
Vidua orientalis,,,
Vidua interjecta,,,
Vidua togoensis,,,
Vidua obtusa,,,
Vidua paradisaea,,,
Vidua hypocherina,,,
Vidua fischeri,,,
Vidua regia,,,
Vidua chalybeata,UB::Western-Palearctic::Rare/Accidental ,https://avibase.bsc-eoc.org/species.jsp?avibaseid=BA01A7936C97FEB2,Least concern
Vidua wilsoni,,,
Vidua nigeriae,,,
Vidua maryae,,,
Vidua raricola,,,
Vidua larvaticola,,,
Vidua camerunensis,,,
Vidua funerea,,,
Vidua purpurascens,,,
Vidua codringtoni,,,
Anomalospiza imberbis,,,
Prunella collaris,UB::Western-Palearctic::Common ,https://avibase.bsc-eoc.org/species.jsp?avibaseid=A783468FC167312E,Least concern
Prunella himalayana,,,
Prunella rubeculoides,,,
Prunella strophiata,,,
Prunella montanella,UB::Western-Palearctic::Common ,https://avibase.bsc-eoc.org/species.jsp?avibaseid=D32200407D81F285,Least concern
Prunella ocularis,UB::Western-Palearctic::Common ,https://avibase.bsc-eoc.org/species.jsp?avibaseid=1518EDFA6B806B2A,Least concern
Prunella fulvescens,,,
Prunella atrogularis,UB::Western-Palearctic::Common ,https://avibase.bsc-eoc.org/species.jsp?avibaseid=C68A31C1D11E7B5D,Least concern
Prunella koslowi,,,
Prunella modularis,UB::Western-Palearctic::Common ,https://avibase.bsc-eoc.org/species.jsp?avibaseid=26530C865C4A655C,Least concern
Prunella rubida,,,
Prunella immaculata,,,
Hypocryptadius cinnamomeus,,,
Passer ammodendri,UB::Western-Palearctic::Common ,https://avibase.bsc-eoc.org/species.jsp?avibaseid=17AC96E0F13D7B43,Least concern
Passer domesticus,UB::Western-Palearctic::Common ,https://avibase.bsc-eoc.org/species.jsp?avibaseid=240E33900CE34D44,Least concern
Passer italiae,UB::Western-Palearctic::Common ,https://avibase.bsc-eoc.org/species.jsp?avibaseid=3718C3F9FDA2A7FB,Vulnerable
Passer hispaniolensis,UB::Western-Palearctic::Common ,https://avibase.bsc-eoc.org/species.jsp?avibaseid=5A8E09A18B86D140,Least concern
Passer pyrrhonotus,UB::Western-Palearctic::Common ,https://avibase.bsc-eoc.org/species.jsp?avibaseid=E60EFA61C43FB8B6,Least concern
Passer castanopterus,,,
Passer cinnamomeus,,,
Passer flaveolus,,,
Passer moabiticus,UB::Western-Palearctic::Common ,https://avibase.bsc-eoc.org/species.jsp?avibaseid=7D19D9ED74569128,Least concern
Passer iagoensis,UB::Western-Palearctic::Common ,https://avibase.bsc-eoc.org/species.jsp?avibaseid=ECD1267BB05F7894,Least concern
Passer hemileucus,,,
Passer insularis,,,
Passer motitensis,,,
Passer rufocinctus,,,
Passer shelleyi,,,
Passer cordofanicus,,,
Passer melanurus,,,
Passer griseus,UB::Western-Palearctic::Rare/Accidental ,https://avibase.bsc-eoc.org/species.jsp?avibaseid=E10D08098750A22D,Least concern
Passer swainsonii,,,
Passer gongonensis,,,
Passer suahelicus,,,
Passer diffusus,,,
Passer simplex,UB::Western-Palearctic::Common ,https://avibase.bsc-eoc.org/species.jsp?avibaseid=B4037E8F04C1BD25,Least concern
Passer zarudnyi,UB::Western-Palearctic::Common ,https://avibase.bsc-eoc.org/species.jsp?avibaseid=246789A2B51A70F4,Least concern
Passer montanus,UB::Western-Palearctic::Common ,https://avibase.bsc-eoc.org/species.jsp?avibaseid=C22FBF8D36F91BCA,Least concern
Passer luteus,UB::Western-Palearctic::Common ,https://avibase.bsc-eoc.org/species.jsp?avibaseid=4C373DA183E36E41,Least concern
Passer euchlorus,UB::Western-Palearctic::Rare/Accidental ,https://avibase.bsc-eoc.org/species.jsp?avibaseid=24E0C8A6950DE899,Least concern
Passer eminibey,,,
Gymnoris pyrgita,,,
Gymnoris xanthocollis,UB::Western-Palearctic::Common ,https://avibase.bsc-eoc.org/species.jsp?avibaseid=77CBF484A2A2E7D2,Least concern
Gymnoris superciliaris,UB::Western-Palearctic::Rare/Accidental ,https://avibase.bsc-eoc.org/species.jsp?avibaseid=E323BF95AE00D374,Least concern
Gymnoris dentata,,,
Petronia petronia,UB::Western-Palearctic::Common ,https://avibase.bsc-eoc.org/species.jsp?avibaseid=F8748F12A35515B1,Least concern
Carpospiza brachydactyla,UB::Western-Palearctic::Common ,https://avibase.bsc-eoc.org/species.jsp?avibaseid=B1A5B22C2BFBE48E,Least concern
Montifringilla nivalis,UB::Western-Palearctic::Common ,https://avibase.bsc-eoc.org/species.jsp?avibaseid=3E389D037AA10A4C,Least concern
Montifringilla henrici,,,
Montifringilla adamsi,,,
Onychostruthus taczanowskii,,,
Pyrgilauda davidiana,,,
Pyrgilauda ruficollis,,,
Pyrgilauda blanfordi,,,
Pyrgilauda theresae,,,
Dendronanthus indicus,UB::Western-Palearctic::Common ,https://avibase.bsc-eoc.org/species.jsp?avibaseid=8E872FAA9B847CEE,Least concern
Motacilla capensis,,,
Motacilla clara,,,
Motacilla bocagii,,,
Motacilla flaviventris,,,
Motacilla cinerea,UB::Western-Palearctic::Common ,https://avibase.bsc-eoc.org/species.jsp?avibaseid=AE073221679039C2,Least concern
Motacilla flava,UB::Western-Palearctic::Common ,https://avibase.bsc-eoc.org/species.jsp?avibaseid=5983D6776C4C4F85,Least concern
Motacilla tschutschensis,UB::Western-Palearctic::Common ,https://avibase.bsc-eoc.org/species.jsp?avibaseid=5487B6500F6BCF90,Least concern
Motacilla citreola,UB::Western-Palearctic::Common ,https://avibase.bsc-eoc.org/species.jsp?avibaseid=5B0295C122B63ED3,Least concern
Motacilla maderaspatensis,,,
Motacilla samveasnae,,,
Motacilla grandis,,,
Motacilla aguimp,UB::Western-Palearctic::Common ,https://avibase.bsc-eoc.org/species.jsp?avibaseid=CE7D41A6447BCC86,Least concern
Motacilla alba,UB::Western-Palearctic::Common ,https://avibase.bsc-eoc.org/species.jsp?avibaseid=400E032C4624AA36,Least concern
Anthus australis,,,
Anthus novaeseelandiae,,,
Anthus richardi,UB::Western-Palearctic::Common ,https://avibase.bsc-eoc.org/species.jsp?avibaseid=41ECD10E24E8772D,Least concern
Anthus rufulus,UB::Western-Palearctic::Rare/Accidental ,https://avibase.bsc-eoc.org/species.jsp?avibaseid=57A0C80B2C7FBDE1,Least concern
Anthus cinnamomeus,,,
Anthus hoeschi,,,
Anthus nyassae,,,
Anthus similis,UB::Western-Palearctic::Common ,https://avibase.bsc-eoc.org/species.jsp?avibaseid=ECFF22D2B80C55EA,Least concern
Anthus nicholsoni,,,
Anthus godlewskii,UB::Western-Palearctic::Common ,https://avibase.bsc-eoc.org/species.jsp?avibaseid=9F65782F19136F06,Least concern
Anthus campestris,UB::Western-Palearctic::Common ,https://avibase.bsc-eoc.org/species.jsp?avibaseid=250CDA5828B68D0A,Least concern
Anthus leucophrys,,,
Anthus vaalensis,,,
Anthus pallidiventris,,,
Anthus nilghiriensis,,,
Anthus sylvanus,,,
Anthus berthelotii,UB::Western-Palearctic::Common ,https://avibase.bsc-eoc.org/species.jsp?avibaseid=B17CFF22C9337460,Least concern
Anthus melindae,,,
Anthus lineiventris,,,
Anthus crenatus,,,
Anthus ruficollis,,,
Anthus gutturalis,,,
Anthus pratensis,UB::Western-Palearctic::Common ,https://avibase.bsc-eoc.org/species.jsp?avibaseid=14873249B607CEB1,Least concern
Anthus roseatus,,,
Anthus trivialis,UB::Western-Palearctic::Common ,https://avibase.bsc-eoc.org/species.jsp?avibaseid=365F5E975B414FE6,Least concern
Anthus hodgsoni,UB::Western-Palearctic::Common ,https://avibase.bsc-eoc.org/species.jsp?avibaseid=25F7AF6531AEED37,Least concern
Anthus gustavi,UB::Western-Palearctic::Common ,https://avibase.bsc-eoc.org/species.jsp?avibaseid=9DC4CC5470034A96,Least concern
Anthus cervinus,UB::Western-Palearctic::Common ,https://avibase.bsc-eoc.org/species.jsp?avibaseid=319D044A667563CD,Least concern
Anthus spinoletta,UB::Western-Palearctic::Common ,https://avibase.bsc-eoc.org/species.jsp?avibaseid=0A3FA18502F4FC70,Least concern
Anthus petrosus,UB::Western-Palearctic::Common ,https://avibase.bsc-eoc.org/species.jsp?avibaseid=E1CBB1C259093F06,Least concern
Anthus japonicus,UB::Western-Palearctic::Rare/Accidental ,https://avibase.bsc-eoc.org/species.jsp?avibaseid=CEF9CA9DCD341FC4,Least concern
Anthus rubescens,UB::Western-Palearctic::Rare/Accidental ,https://avibase.bsc-eoc.org/species.jsp?avibaseid=CDA2E56B1B283EA8,Least concern
Anthus spragueii,,,
Anthus chii,,,
Anthus peruvianus,,,
Anthus brevirostris,,,
Anthus furcatus,,,
Anthus chacoensis,,,
Anthus correndera,,,
Anthus antarcticus,,,
Anthus nattereri,,,
Anthus hellmayri,,,
Anthus bogotensis,,,
Anthus brachyurus,,,
Anthus caffer,,,
Anthus sokokensis,,,
Tmetothylacus tenellus,,,
Hemimacronyx chloris,,,
Macronyx sharpei,,,
Macronyx capensis,,,
Macronyx croceus,,,
Macronyx fuelleborni,,,
Macronyx flavicollis,,,
Macronyx aurantiigula,,,
Macronyx ameliae,,,
Macronyx grimwoodi,,,
Fringilla coelebs,UB::Western-Palearctic::Common ,https://avibase.bsc-eoc.org/species.jsp?avibaseid=6364E4A53B9D5D99,Least concern
Fringilla moreletti,UB::Western-Palearctic::Common ,https://avibase.bsc-eoc.org/species.jsp?avibaseid=D77B121C501DC1AA,Least concern
Fringilla maderensis,UB::Western-Palearctic::Common ,https://avibase.bsc-eoc.org/species.jsp?avibaseid=3F80A0BC87F395E3,Least concern
Fringilla canariensis,UB::Western-Palearctic::Common ,https://avibase.bsc-eoc.org/species.jsp?avibaseid=1E2D705D602D557E,Least concern
Fringilla spodiogenys,UB::Western-Palearctic::Rare/Accidental ,https://avibase.bsc-eoc.org/species.jsp?avibaseid=9C8662BB33F5BDD7,Least concern
Fringilla teydea,UB::Western-Palearctic::Common ,https://avibase.bsc-eoc.org/species.jsp?avibaseid=A338CC4FA326FEDD,Near-threatened
Fringilla polatzeki,UB::Western-Palearctic::Common ,https://avibase.bsc-eoc.org/species.jsp?avibaseid=EE6907BB113051A8,Endangered
Fringilla montifringilla,UB::Western-Palearctic::Common ,https://avibase.bsc-eoc.org/species.jsp?avibaseid=E16B2C0328E05DC5,Least concern
Chlorophonia elegantissima,,,
Chlorophonia musica,,,
Chlorophonia sclateri,,,
Chlorophonia flavifrons,,,
Chlorophonia cyanocephala,,,
Chlorophonia cyanea,,,
Chlorophonia pyrrhophrys,,,
Chlorophonia flavirostris,,,
Chlorophonia occipitalis,,,
Chlorophonia callophrys,,,
Euphonia jamaica,,,
Euphonia saturata,,,
Euphonia plumbea,,,
Euphonia chlorotica,,,
Euphonia finschi,,,
Euphonia concinna,,,
Euphonia trinitatis,,,
Euphonia godmani,,,
Euphonia affinis,,,
Euphonia luteicapilla,,,
Euphonia chrysopasta,,,
Euphonia minuta,,,
Euphonia chalybea,,,
Euphonia violacea,,,
Euphonia hirundinacea,,,
Euphonia laniirostris,,,
Euphonia imitans,,,
Euphonia gouldi,,,
Euphonia fulvicrissa,,,
Euphonia anneae,,,
Euphonia xanthogaster,,,
Euphonia mesochrysa,,,
Euphonia cayennensis,,,
Euphonia rufiventris,,,
Euphonia pectoralis,,,
Mycerobas icterioides,,,
Mycerobas affinis,,,
Mycerobas melanozanthos,,,
Mycerobas carnipes,UB::Western-Palearctic::Common ,https://avibase.bsc-eoc.org/species.jsp?avibaseid=E3BD8022A6A41536,Least concern
Hesperiphona abeillei,,,
Hesperiphona vespertina,UB::Western-Palearctic::Rare/Accidental ,https://avibase.bsc-eoc.org/species.jsp?avibaseid=C6B5497C9DB6796A,Vulnerable
Coccothraustes coccothraustes,UB::Western-Palearctic::Common ,https://avibase.bsc-eoc.org/species.jsp?avibaseid=84E1F1149261F19E,Least concern
Eophona migratoria,,,
Eophona personata,,,
Melamprosops phaeosoma,,,
Oreomystis bairdi,,,
Paroreomyza maculata,,,
Paroreomyza flammea,,,
Paroreomyza montana,,,
Loxioides bailleui,,,
Telespiza cantans,,,
Telespiza ultima,,,
Chloridops kona,,,
Rhodacanthis flaviceps,,,
Rhodacanthis palmeri,,,
Ciridops anna,,,
Palmeria dolei,,,
Himatione fraithii,,,
Himatione sanguinea,,,
Drepanis coccinea,,,
Drepanis pacifica,,,
Drepanis funerea,,,
Psittirostra psittacea,,,
Dysmorodrepanis munroi,,,
Pseudonestor xanthophrys,,,
Hemignathus hanapepe,,,
Hemignathus lucidus,,,
Hemignathus affinis,,,
Hemignathus wilsoni,,,
Akialoa obscura,,,
Akialoa ellisiana,,,
Akialoa stejnegeri,,,
Akialoa lanaiensis,,,
Magumma parva,,,
Chlorodrepanis virens,,,
Chlorodrepanis flava,,,
Chlorodrepanis stejnegeri,,,
Viridonia sagittirostris,,,
Loxops mana,,,
Loxops caeruleirostris,,,
Loxops coccineus,,,
Loxops wolstenholmei,,,
Loxops ochraceus,,,
Carpodacus erythrinus,UB::Western-Palearctic::Common ,https://avibase.bsc-eoc.org/species.jsp?avibaseid=3A713345F43AFFA6,Least concern
Carpodacus sipahi,,,
Carpodacus ferreorostris,,,
Carpodacus rhodochlamys,,,
Carpodacus grandis,,,
Carpodacus pulcherrimus,,,
Carpodacus davidianus,,,
Carpodacus waltoni,,,
Carpodacus edwardsii,,,
Carpodacus rodochroa,,,
Carpodacus rodopeplus,,,
Carpodacus verreauxii,,,
Carpodacus vinaceus,,,
Carpodacus formosanus,,,
Carpodacus synoicus,UB::Western-Palearctic::Common ,https://avibase.bsc-eoc.org/species.jsp?avibaseid=8F36D66332487994,Least concern
Carpodacus stoliczkae,,,
Carpodacus roborowskii,,,
Carpodacus sillemi,,,
Carpodacus rubicilloides,,,
Carpodacus rubicilla,UB::Western-Palearctic::Common ,https://avibase.bsc-eoc.org/species.jsp?avibaseid=7621E1A6BFDF4D92,Least concern
Carpodacus sibiricus,UB::Western-Palearctic::Rare/Accidental ,https://avibase.bsc-eoc.org/species.jsp?avibaseid=463680BF69BE372A,Least concern
Carpodacus puniceus,,,
Carpodacus subhimachalus,,,
Carpodacus roseus,UB::Western-Palearctic::Rare/Accidental ,https://avibase.bsc-eoc.org/species.jsp?avibaseid=68DF5AB792401570,Least concern
Carpodacus trifasciatus,,,
Carpodacus thura,,,
Carpodacus dubius,,,
Pinicola enucleator,UB::Western-Palearctic::Common ,https://avibase.bsc-eoc.org/species.jsp?avibaseid=83AC4DAD94AFC411,Least concern
Pyrrhula nipalensis,,,
Pyrrhula leucogenis,,,
Pyrrhula aurantiaca,,,
Pyrrhula erythrocephala,,,
Pyrrhula erythaca,,,
Pyrrhula owstoni,,,
Pyrrhula murina,UB::Western-Palearctic::Common ,https://avibase.bsc-eoc.org/species.jsp?avibaseid=0788A895005C5D94,Vulnerable
Pyrrhula pyrrhula,UB::Western-Palearctic::Common ,https://avibase.bsc-eoc.org/species.jsp?avibaseid=24764DC7AD26E5F7,Least concern
Rhodopechys sanguineus,UB::Western-Palearctic::Common ,https://avibase.bsc-eoc.org/species.jsp?avibaseid=B345F82B20482443,Least concern
Bucanetes githagineus,UB::Western-Palearctic::Common ,https://avibase.bsc-eoc.org/species.jsp?avibaseid=8049F70788740F8F,Least concern
Bucanetes mongolicus,UB::Western-Palearctic::Common ,https://avibase.bsc-eoc.org/species.jsp?avibaseid=B8FE90ACDA36B34C,Least concern
Agraphospiza rubescens,,,
Pyrrhoplectes epauletta,,,
Callacanthis burtoni,,,
Procarduelis nipalensis,,,
Leucosticte nemoricola,,,
Leucosticte brandti,,,
Leucosticte arctoa,,,
Leucosticte tephrocotis,UB::Western-Palearctic::Common ,https://avibase.bsc-eoc.org/species.jsp?avibaseid=029491CD61458A5A,Least concern
Leucosticte atrata,,,
Leucosticte australis,,,
Haemorhous mexicanus,UB::Western-Palearctic::Uncertain-origin ,https://avibase.bsc-eoc.org/species.jsp?avibaseid=89431E9F1CEDC995,Least concern
Haemorhous purpureus,,,
Haemorhous cassinii,,,
Rhodospiza obsoleta,UB::Western-Palearctic::Common ,https://avibase.bsc-eoc.org/species.jsp?avibaseid=FA26991188EAE8EC,Least concern
Rhynchostruthus percivali,,,
Rhynchostruthus socotranus,,,
Rhynchostruthus louisae,,,
Chloris chloris,UB::Western-Palearctic::Common ,https://avibase.bsc-eoc.org/species.jsp?avibaseid=65BD2033E2A722C8,Least concern
Chloris sinica,,,
Chloris spinoides,,,
Chloris monguilloti,,,
Chloris ambigua,,,
Linurgus olivaceus,,,
Crithagra leucopygia,UB::Western-Palearctic::Rare/Accidental ,https://avibase.bsc-eoc.org/species.jsp?avibaseid=C887C3FC3B2EF07D,Least concern
Crithagra mozambica,,,
Crithagra citrinelloides,,,
Crithagra frontalis,,,
Crithagra hyposticta,,,
Crithagra capistrata,,,
Crithagra koliensis,,,
Crithagra scotops,,,
Crithagra rothschildi,UB::Western-Palearctic::Rare/Accidental ,https://avibase.bsc-eoc.org/species.jsp?avibaseid=C121E62032EFFBAE,Least concern
Crithagra atrogularis,,,
Crithagra reichenowi,,,
Crithagra xanthopygia,,,
Crithagra citrinipectus,,,
Crithagra dorsostriata,,,
Crithagra flavigula,,,
Crithagra xantholaema,,,
Crithagra donaldsoni,,,
Crithagra buchanani,,,
Crithagra sulphurata,,,
Crithagra flaviventris,,,
Crithagra albogularis,,,
Crithagra striolata,,,
Crithagra whytii,,,
Crithagra burtoni,,,
Crithagra melanochroa,,,
Crithagra rufobrunnea,,,
Crithagra concolor,,,
Crithagra leucoptera,,,
Crithagra mennelli,,,
Crithagra canicapilla,,,
Crithagra gularis,,,
Crithagra striatipectus,,,
Crithagra reichardi,,,
Crithagra tristriata,,,
Crithagra menachensis,,,
Crithagra ankoberensis,,,
Crithagra totta,,,
Crithagra symonsi,,,
Linaria flavirostris,UB::Western-Palearctic::Common ,https://avibase.bsc-eoc.org/species.jsp?avibaseid=6CD4E38EB75CA3A0,Least concern
Linaria cannabina,UB::Western-Palearctic::Common ,https://avibase.bsc-eoc.org/species.jsp?avibaseid=32635892A4EB874F,Least concern
Linaria yemenensis,,,
Linaria johannis,,,
Acanthis flammea,UB::Western-Palearctic::Common ,https://avibase.bsc-eoc.org/species.jsp?avibaseid=B6C8DDB2812B061A,Least concern
Loxia pytyopsittacus,UB::Western-Palearctic::Common ,https://avibase.bsc-eoc.org/species.jsp?avibaseid=CAAD3E23531C26C5,Least concern
Loxia scotica,UB::Western-Palearctic::Common ,https://avibase.bsc-eoc.org/species.jsp?avibaseid=74FCC44D26021731,Least concern
Loxia curvirostra,UB::Western-Palearctic::Common ,https://avibase.bsc-eoc.org/species.jsp?avibaseid=135564AAF6B01DA2,Least concern
Loxia sinesciuris,,,
Loxia megaplaga,,,
Loxia leucoptera,UB::Western-Palearctic::Common ,https://avibase.bsc-eoc.org/species.jsp?avibaseid=80C297E6B82452E7,Least concern
Chrysocorythus estherae,,,
Chrysocorythus mindanensis,,,
Carduelis carduelis,UB::Western-Palearctic::Common ,https://avibase.bsc-eoc.org/species.jsp?avibaseid=59353A055941B20B,Least concern
Carduelis caniceps,UB::Western-Palearctic::Common ,https://avibase.bsc-eoc.org/species.jsp?avibaseid=9BDBCD7F018CB026,Least concern
Carduelis citrinella,UB::Western-Palearctic::Common ,https://avibase.bsc-eoc.org/species.jsp?avibaseid=039E0011AA4F1420,Least concern
Carduelis corsicana,UB::Western-Palearctic::Common ,https://avibase.bsc-eoc.org/species.jsp?avibaseid=E2BF60CFE904A2E6,Least concern
Serinus serinus,UB::Western-Palearctic::Common ,https://avibase.bsc-eoc.org/species.jsp?avibaseid=C3227709455B9AFF,Least concern
Serinus canaria,UB::Western-Palearctic::Common ,https://avibase.bsc-eoc.org/species.jsp?avibaseid=191B68BCE6E4154B,Least concern
Serinus pusillus,UB::Western-Palearctic::Common ,https://avibase.bsc-eoc.org/species.jsp?avibaseid=FB1C44D5E600E5ED,Least concern
Serinus syriacus,UB::Western-Palearctic::Common ,https://avibase.bsc-eoc.org/species.jsp?avibaseid=95594E16AFA2F782,Vulnerable
Serinus flavivertex,,,
Serinus canicollis,UB::Western-Palearctic::Rare/Accidental ,https://avibase.bsc-eoc.org/species.jsp?avibaseid=E6C3FA67AA9A41D5,Least concern
Serinus nigriceps,,,
Serinus alario,,,
Spinus thibetanus,,,
Spinus spinus,UB::Western-Palearctic::Common ,https://avibase.bsc-eoc.org/species.jsp?avibaseid=9820CECA12EC737D,Least concern
Spinus pinus,,,
Spinus atriceps,,,
Spinus notatus,,,
Spinus dominicensis,,,
Spinus psaltria,,,
Spinus lawrencei,,,
Spinus tristis,,,
Spinus spinescens,,,
Spinus yarrellii,,,
Spinus xanthogastrus,,,
Spinus cucullatus,,,
Spinus crassirostris,,,
Spinus magellanicus,,,
Spinus siemiradzkii,,,
Spinus olivaceus,,,
Spinus atratus,,,
Spinus uropygialis,,,
Spinus barbatus,,,
Calcarius lapponicus,UB::Western-Palearctic::Common ,https://avibase.bsc-eoc.org/species.jsp?avibaseid=3534E4CEBACCB166,Least concern
Calcarius ornatus,,,
Calcarius pictus,,,
Rhynchophanes mccownii,,,
Plectrophenax nivalis,UB::Western-Palearctic::Common ,https://avibase.bsc-eoc.org/species.jsp?avibaseid=9BEBC02505B416EE,Least concern
Plectrophenax hyperboreus,,,
Rhodinocichla rosea,,,
Emberiza affinis,,,
Emberiza lathami,,,
Emberiza melanocephala,UB::Western-Palearctic::Common ,https://avibase.bsc-eoc.org/species.jsp?avibaseid=E2D2CB88A9D95E42,Least concern
Emberiza bruniceps,UB::Western-Palearctic::Common ,https://avibase.bsc-eoc.org/species.jsp?avibaseid=DBF8D184AA08A548,Least concern
Emberiza calandra,UB::Western-Palearctic::Common ,https://avibase.bsc-eoc.org/species.jsp?avibaseid=9A87EBB0B75C410B,Least concern
Emberiza fucata,UB::Western-Palearctic::Common ,https://avibase.bsc-eoc.org/species.jsp?avibaseid=465C35EFDEEDEFDC,Least concern
Emberiza koslowi,,,
Emberiza jankowskii,,,
Emberiza cia,UB::Western-Palearctic::Common ,https://avibase.bsc-eoc.org/species.jsp?avibaseid=4836E64E80D5A372,Least concern
Emberiza godlewskii,,,
Emberiza cioides,,,
Emberiza cirlus,UB::Western-Palearctic::Common ,https://avibase.bsc-eoc.org/species.jsp?avibaseid=9AAB8C2174EFDF60,Least concern
Emberiza stewarti,,,
Emberiza citrinella,UB::Western-Palearctic::Common ,https://avibase.bsc-eoc.org/species.jsp?avibaseid=56FB47C05CB7275F,Least concern
Emberiza leucocephalos,UB::Western-Palearctic::Common ,https://avibase.bsc-eoc.org/species.jsp?avibaseid=43EF3EA79A531279,Least concern
Emberiza buchanani,UB::Western-Palearctic::Common ,https://avibase.bsc-eoc.org/species.jsp?avibaseid=CF70007E92F2A30B,Least concern
Emberiza cineracea,UB::Western-Palearctic::Common ,https://avibase.bsc-eoc.org/species.jsp?avibaseid=7C5AC3003495A54C,Near-threatened
Emberiza hortulana,UB::Western-Palearctic::Common ,https://avibase.bsc-eoc.org/species.jsp?avibaseid=4721056132879EB7,Least concern
Emberiza caesia,UB::Western-Palearctic::Common ,https://avibase.bsc-eoc.org/species.jsp?avibaseid=A7F3E6AE9A1929F9,Least concern
Emberiza cabanisi,,,
Emberiza flaviventris,,,
Emberiza poliopleura,,,
Emberiza capensis,,,
Emberiza impetuani,,,
Emberiza socotrana,,,
Emberiza tahapisi,,,
Emberiza goslingi,,,
Emberiza sahari,UB::Western-Palearctic::Common ,https://avibase.bsc-eoc.org/species.jsp?avibaseid=C7C1A6EBE2F2E916,Least concern
Emberiza striolata,UB::Western-Palearctic::Common ,https://avibase.bsc-eoc.org/species.jsp?avibaseid=CDF4A1064841FF43,Least concern
Emberiza siemsseni,,,
Emberiza elegans,,,
Emberiza yessoensis,,,
Emberiza pallasi,UB::Western-Palearctic::Common ,https://avibase.bsc-eoc.org/species.jsp?avibaseid=C6D6D547670FE661,Least concern
Emberiza schoeniclus,UB::Western-Palearctic::Common ,https://avibase.bsc-eoc.org/species.jsp?avibaseid=C0B9787440316E20,Least concern
Emberiza aureola,UB::Western-Palearctic::Common ,https://avibase.bsc-eoc.org/species.jsp?avibaseid=7574C0E53A34CCFD,Critically endangered
Emberiza pusilla,UB::Western-Palearctic::Common ,https://avibase.bsc-eoc.org/species.jsp?avibaseid=1866F80E52F4075F,Least concern
Emberiza rustica,UB::Western-Palearctic::Common ,https://avibase.bsc-eoc.org/species.jsp?avibaseid=DA9746CEC82D30A3,Vulnerable
Emberiza sulphurata,,,
Emberiza spodocephala,UB::Western-Palearctic::Rare/Accidental ,https://avibase.bsc-eoc.org/species.jsp?avibaseid=9787BE57A273F64A,Least concern
Emberiza personata,,,
Emberiza rutila,UB::Western-Palearctic::Rare/Accidental ,https://avibase.bsc-eoc.org/species.jsp?avibaseid=ACDCF3CC14945335,Least concern
Emberiza chrysophrys,UB::Western-Palearctic::Rare/Accidental ,https://avibase.bsc-eoc.org/species.jsp?avibaseid=4A50E26530277C6D,Least concern
Emberiza tristrami,,,
Emberiza variabilis,,,
Oreothraupis arremonops,,,
Chlorospingus flavigularis,,,
Chlorospingus parvirostris,,,
Chlorospingus canigularis,,,
Chlorospingus pileatus,,,
Chlorospingus flavopectus,,,
Chlorospingus tacarcunae,,,
Chlorospingus inornatus,,,
Chlorospingus semifuscus,,,
Rhynchospiza stolzmanni,,,
Rhynchospiza dabbenei,,,
Rhynchospiza strigiceps,,,
Peucaea carpalis,,,
Peucaea sumichrasti,,,
Peucaea ruficauda,,,
Peucaea humeralis,,,
Peucaea mystacalis,,,
Peucaea botterii,,,
Peucaea cassinii,,,
Peucaea aestivalis,,,
Ammodramus savannarum,,,
Ammodramus humeralis,,,
Ammodramus aurifrons,,,
Arremonops rufivirgatus,,,
Arremonops chloronotus,,,
Arremonops conirostris,,,
Arremonops tocuyensis,,,
Spizella passerina,,,
Spizella pallida,,,
Spizella atrogularis,,,
Spizella pusilla,,,
Spizella breweri,,,
Spizella wortheni,,,
Amphispizopsis quinquestriata,,,
Amphispiza bilineata,,,
Chondestes grammacus,UB::Western-Palearctic::Rare/Accidental ,https://avibase.bsc-eoc.org/species.jsp?avibaseid=78509A5D6015C509,Least concern
Calamospiza melanocorys,,,
Arremon costaricensis,,,
Arremon basilicus,,,
Arremon perijanus,,,
Arremon atricapillus,,,
Arremon phaeopleurus,,,
Arremon phygas,,,
Arremon assimilis,,,
Arremon torquatus,,,
Arremon aurantiirostris,,,
Arremon abeillei,,,
Arremon nigriceps,,,
Arremon schlegeli,,,
Arremon axillaris,,,
Arremon taciturnus,,,
Arremon franciscanus,,,
Arremon semitorquatus,,,
Arremon dorbignii,,,
Arremon flavirostris,,,
Arremon virenticeps,,,
Arremon brunneinucha,,,
Arremon crassirostris,,,
Arremon castaneiceps,,,
Spizelloides arborea,UB::Western-Palearctic::Rare/Accidental ,https://avibase.bsc-eoc.org/species.jsp?avibaseid=2A86F9C93636CDA3,Least concern
Passerella iliaca,UB::Western-Palearctic::Rare/Accidental ,https://avibase.bsc-eoc.org/species.jsp?avibaseid=3A7B1F59DE8F597D,Least concern
Junco hyemalis,UB::Western-Palearctic::Rare/Accidental ,https://avibase.bsc-eoc.org/species.jsp?avibaseid=05FF3C9B3C854D53,Least concern
Junco insularis,,,
Junco phaeonotus,,,
Junco bairdi,,,
Junco vulcani,,,
Zonotrichia capensis,,,
Zonotrichia leucophrys,UB::Western-Palearctic::Rare/Accidental ,https://avibase.bsc-eoc.org/species.jsp?avibaseid=8601A4678CABA542,Least concern
Zonotrichia atricapilla,,,
Zonotrichia querula,,,
Zonotrichia albicollis,UB::Western-Palearctic::Rare/Accidental ,https://avibase.bsc-eoc.org/species.jsp?avibaseid=39BD9FF20A9613C4,Least concern
Artemisiospiza nevadensis,,,
Artemisiospiza belli,,,
Oriturus superciliosus,,,
Pooecetes gramineus,,,
Ammospiza leconteii,,,
Ammospiza maritima,,,
Ammospiza nelsoni,,,
Ammospiza caudacuta,,,
Passerculus sandwichensis,UB::Western-Palearctic::Rare/Accidental ,https://avibase.bsc-eoc.org/species.jsp?avibaseid=31CE00C71528322F,Least concern
Centronyx bairdii,,,
Centronyx henslowii,,,
Xenospiza baileyi,,,
Melospiza melodia,UB::Western-Palearctic::Rare/Accidental ,https://avibase.bsc-eoc.org/species.jsp?avibaseid=A5F09E0521019564,Least concern
Melospiza lincolnii,UB::Western-Palearctic::Rare/Accidental ,https://avibase.bsc-eoc.org/species.jsp?avibaseid=AF49F8903B6DC7A5,Least concern
Melospiza georgiana,,,
Pezopetes capitalis,,,
Torreornis inexpectata,,,
Melozone kieneri,,,
Melozone fusca,,,
Melozone albicollis,,,
Melozone aberti,,,
Melozone crissalis,,,
Melozone occipitalis,,,
Melozone leucotis,,,
Melozone biarcuata,,,
Melozone cabanisi,,,
Aimophila rufescens,,,
Aimophila ruficeps,,,
Aimophila notosticta,,,
Pipilo chlorurus,,,
Pipilo maculatus,,,
Pipilo erythrophthalmus,UB::Western-Palearctic::Rare/Accidental ,https://avibase.bsc-eoc.org/species.jsp?avibaseid=6090278A61F63C13,Least concern
Pipilo naufragus,,,
Pipilo ocai,,,
Atlapetes pileatus,,,
Atlapetes albinucha,,,
Atlapetes tibialis,,,
Atlapetes luteoviridis,,,
Atlapetes albofrenatus,,,
Atlapetes personatus,,,
Atlapetes melanocephalus,,,
Atlapetes semirufus,,,
Atlapetes flaviceps,,,
Atlapetes fuscoolivaceus,,,
Atlapetes leucopis,,,
Atlapetes albiceps,,,
Atlapetes rufigenis,,,
Atlapetes crassus,,,
Atlapetes tricolor,,,
Atlapetes schistaceus,,,
Atlapetes taczanowskii,,,
Atlapetes pallidinucha,,,
Atlapetes blancae,,,
Atlapetes nigrifrons,,,
Atlapetes latinuchus,,,
Atlapetes leucopterus,,,
Atlapetes pallidiceps,,,
Atlapetes seebohmi,,,
Atlapetes nationi,,,
Atlapetes forbesi,,,
Atlapetes melanopsis,,,
Atlapetes terborghi,,,
Atlapetes canigenis,,,
Atlapetes melanolaemus,,,
Atlapetes rufinucha,,,
Atlapetes fulviceps,,,
Atlapetes citrinellus,,,
Calyptophilus tertius,,,
Calyptophilus frugivorus,,,
Phaenicophilus palmarum,,,
Phaenicophilus poliocephalus,,,
Xenoligea montana,,,
Microligea palustris,,,
Nesospingus speculiferus,,,
Spindalis zena,,,
Spindalis nigricephala,,,
Spindalis dominicensis,,,
Spindalis portoricensis,,,
Zeledonia coronata,,,
Teretistris fernandinae,,,
Teretistris fornsi,,,
Icteria virens,UB::Western-Palearctic::Rare/Accidental ,https://avibase.bsc-eoc.org/species.jsp?avibaseid=734C73A933F3108B,Least concern
Xanthocephalus xanthocephalus,UB::Western-Palearctic::Rare/Accidental ,https://avibase.bsc-eoc.org/species.jsp?avibaseid=3E2D0C9BADB782DB,Least concern
Dolichonyx oryzivorus,UB::Western-Palearctic::Rare/Accidental ,https://avibase.bsc-eoc.org/species.jsp?avibaseid=F845062FC976B85B,Least concern
Sturnella neglecta,,,
Sturnella magna,,,
Sturnella lilianae,,,
Leistes militaris,,,
Leistes superciliaris,,,
Leistes bellicosus,,,
Leistes defilippii,,,
Leistes loyca,,,
Amblycercus holosericeus,,,
Cassiculus melanicterus,,,
Psarocolius angustifrons,,,
Psarocolius atrovirens,,,
Psarocolius viridis,,,
Psarocolius decumanus,,,
Psarocolius wagleri,,,
Psarocolius montezuma,,,
Psarocolius guatimozinus,,,
Psarocolius cassini,,,
Psarocolius bifasciatus,,,
Cacicus solitarius,,,
Cacicus chrysopterus,,,
Cacicus sclateri,,,
Cacicus koepckeae,,,
Cacicus uropygialis,,,
Cacicus cela,,,
Cacicus chrysonotus,,,
Cacicus latirostris,,,
Cacicus haemorrhous,,,
Cacicus oseryi,,,
Icterus dominicensis,,,
Icterus melanopsis,,,
Icterus northropi,,,
Icterus portoricensis,,,
Icterus laudabilis,,,
Icterus oberi,,,
Icterus bonana,,,
Icterus wagleri,,,
Icterus maculialatus,,,
Icterus prosthemelas,,,
Icterus spurius,,,
Icterus cucullatus,,,
Icterus chrysater,,,
Icterus auricapillus,,,
Icterus graceannae,,,
Icterus mesomelas,,,
Icterus cayanensis,,,
Icterus pyrrhopterus,,,
Icterus icterus,,,
Icterus jamacaii,,,
Icterus croconotus,,,
Icterus pustulatus,,,
Icterus bullockii,,,
Icterus auratus,,,
Icterus leucopteryx,,,
Icterus nigrogularis,,,
Icterus pectoralis,,,
Icterus gularis,,,
Icterus graduacauda,,,
Icterus galbula,UB::Western-Palearctic::Rare/Accidental ,https://avibase.bsc-eoc.org/species.jsp?avibaseid=5110842FA06DD11C,Least concern
Icterus abeillei,,,
Icterus parisorum,,,
Nesopsar nigerrimus,,,
Agelaius phoeniceus,UB::Western-Palearctic::Rare/Accidental ,https://avibase.bsc-eoc.org/species.jsp?avibaseid=C86D078E641FCE6D,Least concern
Agelaius assimilis,,,
Agelaius tricolor,,,
Agelaius humeralis,,,
Agelaius xanthomus,,,
Molothrus rufoaxillaris,,,
Molothrus bonariensis,,,
Molothrus aeneus,,,
Molothrus ater,UB::Western-Palearctic::Rare/Accidental ,https://avibase.bsc-eoc.org/species.jsp?avibaseid=1E1AB415D083AAD4,Least concern
Molothrus oryzivorus,,,
Dives dives,,,
Dives warczewiczi,,,
Ptiloxena atroviolacea,,,
Euphagus carolinus,,,
Euphagus cyanocephalus,UB::Western-Palearctic::Uncertain-origin ,https://avibase.bsc-eoc.org/species.jsp?avibaseid=EA5E858AEF777A34,Least concern
Quiscalus quiscula,UB::Western-Palearctic::Rare/Accidental ,https://avibase.bsc-eoc.org/species.jsp?avibaseid=8BBB3255C6B7EE91,Near-threatened
Quiscalus major,UB::Western-Palearctic::Uncertain-origin ,https://avibase.bsc-eoc.org/species.jsp?avibaseid=EF47E15D002D3191,Least concern
Quiscalus mexicanus,,,
Quiscalus palustris,,,
Quiscalus nicaraguensis,,,
Quiscalus niger,,,
Quiscalus lugubris,,,
Hypopyrrhus pyrohypogaster,,,
Lampropsar tanagrinus,,,
Gymnomystax mexicanus,,,
Macroagelaius subalaris,,,
Macroagelaius imthurni,,,
Curaeus curaeus,,,
Amblyramphus holosericeus,,,
Anumara forbesi,,,
Gnorimopsar chopi,,,
Oreopsar bolivianus,,,
Agelaioides badius,,,
Agelaioides fringillarius,,,
Agelasticus xanthophthalmus,,,
Agelasticus cyanopus,,,
Agelasticus thilius,,,
Chrysomus ruficapillus,,,
Chrysomus icterocephalus,,,
Xanthopsar flavus,,,
Pseudoleistes guirahuro,,,
Pseudoleistes virescens,,,
Seiurus aurocapilla,UB::Western-Palearctic::Rare/Accidental ,https://avibase.bsc-eoc.org/species.jsp?avibaseid=CEA5B6AA48218C8A,Least concern
Helmitheros vermivorum,,,
Parkesia motacilla,UB::Western-Palearctic::Rare/Accidental ,https://avibase.bsc-eoc.org/species.jsp?avibaseid=7AB0F3A4A62BD4BF,Least concern
Parkesia noveboracensis,UB::Western-Palearctic::Rare/Accidental ,https://avibase.bsc-eoc.org/species.jsp?avibaseid=709AF716468341F7,Least concern
Vermivora bachmanii,,,
Vermivora chrysoptera,UB::Western-Palearctic::Rare/Accidental ,https://avibase.bsc-eoc.org/species.jsp?avibaseid=83F326C81E3F2955,Near-threatened
Vermivora cyanoptera,UB::Western-Palearctic::Rare/Accidental ,https://avibase.bsc-eoc.org/species.jsp?avibaseid=B617FE7DF96090DD,Least concern
Mniotilta varia,UB::Western-Palearctic::Rare/Accidental ,https://avibase.bsc-eoc.org/species.jsp?avibaseid=4D207AF69A79DDCF,Least concern
Protonotaria citrea,UB::Western-Palearctic::Rare/Accidental ,https://avibase.bsc-eoc.org/species.jsp?avibaseid=4D08EE7E80D2E275,Least concern
Limnothlypis swainsonii,,,
Oreothlypis superciliosa,,,
Oreothlypis gutturalis,,,
Leiothlypis peregrina,UB::Western-Palearctic::Rare/Accidental ,https://avibase.bsc-eoc.org/species.jsp?avibaseid=D204A9309E8CCC3A,Least concern
Leiothlypis celata,UB::Western-Palearctic::Rare/Accidental ,https://avibase.bsc-eoc.org/species.jsp?avibaseid=FFF6108042E63910,Least concern
Leiothlypis crissalis,,,
Leiothlypis luciae,,,
Leiothlypis ruficapilla,UB::Western-Palearctic::Rare/Accidental ,https://avibase.bsc-eoc.org/species.jsp?avibaseid=183E5F909449A603,Least concern
Leiothlypis virginiae,,,
Leucopeza semperi,,,
Oporornis agilis,UB::Western-Palearctic::Rare/Accidental ,https://avibase.bsc-eoc.org/species.jsp?avibaseid=0B23929DF27B0963,Least concern
Geothlypis poliocephala,,,
Geothlypis aequinoctialis,,,
Geothlypis auricularis,,,
Geothlypis velata,,,
Geothlypis tolmiei,,,
Geothlypis philadelphia,UB::Western-Palearctic::Rare/Accidental ,https://avibase.bsc-eoc.org/species.jsp?avibaseid=1A0096F2F929CEA2,Least concern
Geothlypis formosa,,,
Geothlypis semiflava,,,
Geothlypis speciosa,,,
Geothlypis beldingi,,,
Geothlypis rostrata,,,
Geothlypis flavovelata,,,
Geothlypis trichas,UB::Western-Palearctic::Rare/Accidental ,https://avibase.bsc-eoc.org/species.jsp?avibaseid=BA4C8A02839564AC,Least concern
Geothlypis nelsoni,,,
Catharopeza bishopi,,,
Setophaga plumbea,,,
Setophaga angelae,,,
Setophaga pharetra,,,
Setophaga citrina,UB::Western-Palearctic::Rare/Accidental ,https://avibase.bsc-eoc.org/species.jsp?avibaseid=15EB30007E1908FD,Least concern
Setophaga ruticilla,UB::Western-Palearctic::Rare/Accidental ,https://avibase.bsc-eoc.org/species.jsp?avibaseid=BED38F505F0B8509,Least concern
Setophaga kirtlandii,,,
Setophaga tigrina,UB::Western-Palearctic::Rare/Accidental ,https://avibase.bsc-eoc.org/species.jsp?avibaseid=DB20CB6B0A720B90,Least concern
Setophaga cerulea,UB::Western-Palearctic::Rare/Accidental ,https://avibase.bsc-eoc.org/species.jsp?avibaseid=D00EC2C974F1B880,Near-threatened
Setophaga americana,UB::Western-Palearctic::Rare/Accidental ,https://avibase.bsc-eoc.org/species.jsp?avibaseid=41062654293EB4E1,Least concern
Setophaga pitiayumi,,,
Setophaga magnolia,UB::Western-Palearctic::Rare/Accidental ,https://avibase.bsc-eoc.org/species.jsp?avibaseid=1E82CE1ECC54F928,Least concern
Setophaga castanea,UB::Western-Palearctic::Rare/Accidental ,https://avibase.bsc-eoc.org/species.jsp?avibaseid=10C601D3BCC5A85C,Least concern
Setophaga fusca,UB::Western-Palearctic::Rare/Accidental ,https://avibase.bsc-eoc.org/species.jsp?avibaseid=4168AF09C7BCB40B,Least concern
Setophaga aestiva,UB::Western-Palearctic::Rare/Accidental ,https://avibase.bsc-eoc.org/species.jsp?avibaseid=B64C749B211015EF,Least concern
Setophaga petechia,,,
Setophaga pensylvanica,UB::Western-Palearctic::Rare/Accidental ,https://avibase.bsc-eoc.org/species.jsp?avibaseid=7AB1229BD3F33F46,Least concern
Setophaga striata,UB::Western-Palearctic::Rare/Accidental ,https://avibase.bsc-eoc.org/species.jsp?avibaseid=544A5E6BC69CEAAC,Near-threatened
Setophaga caerulescens,UB::Western-Palearctic::Rare/Accidental ,https://avibase.bsc-eoc.org/species.jsp?avibaseid=67B455A71B1C2506,Least concern
Setophaga palmarum,UB::Western-Palearctic::Rare/Accidental ,https://avibase.bsc-eoc.org/species.jsp?avibaseid=4AAEF54973E5453C,Least concern
Setophaga pityophila,,,
Setophaga pinus,UB::Western-Palearctic::Rare/Accidental ,https://avibase.bsc-eoc.org/species.jsp?avibaseid=6283E61EEF174882,Least concern
Setophaga coronata,UB::Western-Palearctic::Rare/Accidental ,https://avibase.bsc-eoc.org/species.jsp?avibaseid=BC5A949807108302,Least concern
Setophaga dominica,UB::Western-Palearctic::Rare/Accidental ,https://avibase.bsc-eoc.org/species.jsp?avibaseid=136451CF6F7A49BA,Least concern
Setophaga flavescens,,,
Setophaga vitellina,,,
Setophaga discolor,UB::Western-Palearctic::Rare/Accidental ,https://avibase.bsc-eoc.org/species.jsp?avibaseid=E36325FA08B46EEF,Least concern
Setophaga adelaidae,,,
Setophaga subita,,,
Setophaga delicata,,,
Setophaga graciae,,,
Setophaga nigrescens,,,
Setophaga townsendi,,,
Setophaga occidentalis,,,
Setophaga chrysoparia,,,
Setophaga virens,UB::Western-Palearctic::Rare/Accidental ,https://avibase.bsc-eoc.org/species.jsp?avibaseid=9FFEDE99DC82DD92,Least concern
Euthlypis lachrymosa,,,
Basileuterus rufifrons,,,
Basileuterus delattrii,,,
Basileuterus melanogenys,,,
Basileuterus ignotus,,,
Basileuterus belli,,,
Basileuterus culicivorus,,,
Basileuterus melanotis,,,
Basileuterus tacarcunae,,,
Basileuterus tristriatus,,,
Basileuterus punctipectus,,,
Basileuterus trifasciatus,,,
Myiothlypis griseiceps,,,
Myiothlypis basilica,,,
Myiothlypis luteoviridis,,,
Myiothlypis leucophrys,,,
Myiothlypis flaveola,,,
Myiothlypis leucoblephara,,,
Myiothlypis signata,UB::Western-Palearctic::Rare/Accidental ,https://avibase.bsc-eoc.org/species.jsp?avibaseid=BBD736B24D12F548,Least concern
Myiothlypis nigrocristata,,,
Myiothlypis fulvicauda,,,
Myiothlypis rivularis,,,
Myiothlypis bivittata,,,
Myiothlypis chlorophrys,,,
Myiothlypis chrysogaster,,,
Myiothlypis cinereicollis,,,
Myiothlypis conspicillata,,,
Myiothlypis fraseri,,,
Myiothlypis coronata,,,
Cardellina canadensis,UB::Western-Palearctic::Rare/Accidental ,https://avibase.bsc-eoc.org/species.jsp?avibaseid=F2D675AFB11EEEFF,Least concern
Cardellina pusilla,UB::Western-Palearctic::Rare/Accidental ,https://avibase.bsc-eoc.org/species.jsp?avibaseid=1F09CCCCBD97B861,Least concern
Cardellina rubrifrons,,,
Cardellina rubra,,,
Cardellina versicolor,,,
Myioborus pictus,,,
Myioborus miniatus,,,
Myioborus brunniceps,,,
Myioborus castaneocapilla,,,
Myioborus pariae,,,
Myioborus cardonai,,,
Myioborus albifacies,,,
Myioborus torquatus,,,
Myioborus flavivertex,,,
Myioborus ornatus,,,
Myioborus melanocephalus,,,
Myioborus albifrons,,,
Mitrospingus cassinii,,,
Mitrospingus oleagineus,,,
Lamprospiza melanoleuca,,,
Orthogonys chloricterus,,,
Piranga roseogularis,,,
Piranga flava,,,
Piranga rubra,UB::Western-Palearctic::Rare/Accidental ,https://avibase.bsc-eoc.org/species.jsp?avibaseid=891798D9EFFE1F8D,Least concern
Piranga olivacea,UB::Western-Palearctic::Rare/Accidental ,https://avibase.bsc-eoc.org/species.jsp?avibaseid=4210163221C2E458,Least concern
Piranga ludoviciana,,,
Piranga bidentata,,,
Piranga leucoptera,,,
Piranga erythrocephala,,,
Piranga rubriceps,,,
Habia rubica,,,
Driophlox fuscicauda,,,
Driophlox gutturalis,,,
Driophlox atrimaxillaris,,,
Driophlox cristata,,,
Chlorothraupis carmioli,,,
Chlorothraupis frenata,,,
Chlorothraupis olivacea,,,
Chlorothraupis stolzmanni,,,
Periporphyrus celaeno,,,
Periporphyrus erythromelas,,,
Caryothraustes poliogaster,,,
Caryothraustes canadensis,,,
Cardinalis phoeniceus,,,
Cardinalis cardinalis,,,
Cardinalis sinuatus,,,
Pheucticus chrysopeplus,,,
Pheucticus chrysogaster,,,
Pheucticus tibialis,,,
Pheucticus aureoventris,,,
Pheucticus ludovicianus,UB::Western-Palearctic::Rare/Accidental ,https://avibase.bsc-eoc.org/species.jsp?avibaseid=7C2FCB13BAA660EE,Least concern
Pheucticus melanocephalus,,,
Granatellus venustus,,,
Granatellus sallaei,,,
Granatellus pelzelni,,,
Granatellus paraensis,,,
Amaurospiza concolor,,,
Amaurospiza aequatorialis,,,
Amaurospiza carrizalensis,,,
Amaurospiza moesta,,,
Cyanoloxia glaucocaerulea,,,
Cyanoloxia cyanoides,,,
Cyanoloxia rothschildii,,,
Cyanoloxia brissonii,,,
Cyanocompsa parellina,,,
Passerina caerulea,UB::Western-Palearctic::Rare/Accidental ,https://avibase.bsc-eoc.org/species.jsp?avibaseid=A7A75EA1A9A57185,Least concern
Passerina amoena,,,
Passerina cyanea,UB::Western-Palearctic::Rare/Accidental ,https://avibase.bsc-eoc.org/species.jsp?avibaseid=043F337AA25E7D97,Least concern
Passerina rositae,,,
Passerina leclancherii,,,
Passerina versicolor,,,
Passerina ciris,,,
Spiza americana,UB::Western-Palearctic::Rare/Accidental ,https://avibase.bsc-eoc.org/species.jsp?avibaseid=592E58CE67D092DA,Least concern
Orchesticus abeillei,,,
Paroaria coronata,,,
Paroaria dominicana,,,
Paroaria nigrogenis,,,
Paroaria gularis,,,
Paroaria baeri,,,
Paroaria capitata,,,
Schistochlamys melanopis,,,
Schistochlamys ruficapillus,,,
Cissopis leverianus,,,
Neothraupis fasciata,,,
Conothraupis speculigera,,,
Conothraupis mesoleuca,,,
Compsothraupis loricata,,,
Sericossypha albocristata,,,
Nemosia pileata,,,
Nemosia rourei,,,
Creurgops verticalis,,,
Creurgops dentatus,,,
Kleinothraupis atropileus,,,
Kleinothraupis calophrys,,,
Kleinothraupis parodii,,,
Kleinothraupis reyi,,,
Sphenopsis frontalis,,,
Sphenopsis melanotis,,,
Thlypopsis sordida,,,
Thlypopsis inornata,,,
Thlypopsis fulviceps,,,
Thlypopsis pyrrhocoma,,,
Thlypopsis ruficeps,,,
Thlypopsis superciliaris,,,
Thlypopsis ornata,,,
Thlypopsis pectoralis,,,
Microspingus alticola,,,
Microspingus erythrophrys,,,
Microspingus lateralis,,,
Microspingus cabanisi,,,
Microspingus torquatus,,,
Microspingus melanoleucus,,,
Microspingus cinereus,,,
Microspingus trifasciatus,,,
Nephelornis oneilli,,,
Trichothraupis melanops,,,
Eucometis penicillata,,,
Heliothraupis oneilli,,,
Loriotus cristatus,,,
Loriotus rufiventer,,,
Loriotus luctuosus,,,
Tachyphonus surinamus,,,
Tachyphonus delatrii,,,
Tachyphonus coronatus,,,
Tachyphonus rufus,,,
Tachyphonus phoenicius,,,
Lanio fulvus,,,
Lanio versicolor,,,
Lanio aurantius,,,
Lanio leucothorax,,,
Ramphocelus sanguinolentus,,,
Ramphocelus flammigerus,,,
Ramphocelus passerinii,,,
Ramphocelus bresilius,,,
Ramphocelus melanogaster,,,
Ramphocelus carbo,,,
Ramphocelus nigrogularis,,,
Ramphocelus dimidiatus,,,
Calochaetes coccineus,,,
Cyanicterus cyanicterus,,,
Bangsia arcaei,,,
Bangsia melanochlamys,,,
Bangsia rothschildi,,,
Bangsia edwardsi,,,
Bangsia aureocincta,,,
Bangsia flavovirens,,,
Wetmorethraupis sterrhopteron,,,
Buthraupis montana,,,
Sporathraupis cyanocephala,,,
Tephrophilus wetmorei,,,
Chlorornis riefferii,,,
Cnemathraupis eximia,,,
Cnemathraupis aureodorsalis,,,
Anisognathus melanogenys,,,
Anisognathus lacrymosus,,,
Anisognathus igniventris,,,
Anisognathus somptuosus,,,
Anisognathus notabilis,,,
Dubusia carrikeri,,,
Dubusia taeniata,,,
Dubusia stictocephala,,,
Dubusia castaneoventris,,,
Pseudosaltator rufiventris,,,
Stephanophorus diadematus,,,
Iridosornis porphyrocephalus,,,
Iridosornis analis,,,
Iridosornis jelskii,,,
Iridosornis rufivertex,,,
Iridosornis reinhardti,,,
Pipraeidea melanonota,,,
Rauenia bonariensis,,,
Chlorochrysa phoenicotis,,,
Chlorochrysa calliparaea,,,
Chlorochrysa nitidissima,,,
Thraupis episcopus,,,
Thraupis sayaca,,,
Thraupis glaucocolpa,,,
Thraupis cyanoptera,,,
Thraupis ornata,,,
Thraupis abbas,,,
Thraupis palmarum,,,
Ixothraupis varia,,,
Ixothraupis rufigula,,,
Ixothraupis guttata,,,
Ixothraupis xanthogastra,,,
Ixothraupis punctata,,,
Chalcothraupis ruficervix,,,
Poecilostreptus cabanisi,,,
Poecilostreptus palmeri,,,
Stilpnia cyanoptera,,,
Stilpnia whitelyi,,,
Stilpnia viridicollis,,,
Stilpnia heinei,,,
Stilpnia argyrofenges,,,
Stilpnia phillipsi,,,
Stilpnia peruviana,,,
Stilpnia preciosa,,,
Stilpnia meyerdeschauenseei,,,
Stilpnia cayana,,,
Stilpnia cucullata,,,
Stilpnia vitriolina,,,
Stilpnia nigrocincta,,,
Stilpnia larvata,,,
Stilpnia cyanicollis,,,
Tangara vassorii,,,
Tangara nigroviridis,,,
Tangara dowii,,,
Tangara fucosa,,,
Tangara labradorides,,,
Tangara cyanotis,,,
Tangara inornata,,,
Tangara mexicana,,,
Tangara brasiliensis,,,
Tangara chilensis,,,
Tangara velia,,,
Tangara callophrys,,,
Tangara seledon,,,
Tangara fastuosa,,,
Tangara cyanocephala,,,
Tangara desmaresti,,,
Tangara cyanoventris,,,
Tangara lavinia,,,
Tangara gyrola,,,
Tangara rufigenis,,,
Tangara chrysotis,,,
Tangara xanthocephala,,,
Tangara parzudakii,,,
Tangara schrankii,,,
Tangara johannae,,,
Tangara arthus,,,
Tangara florida,,,
Tangara icterocephala,,,
Tersina viridis,,,
Dacnis albiventris,,,
Dacnis egregia,,,
Dacnis lineata,,,
Dacnis flaviventer,,,
Dacnis hartlaubi,,,
Dacnis nigripes,,,
Dacnis venusta,,,
Dacnis cayana,,,
Dacnis viguieri,,,
Dacnis berlepschi,,,
Cyanerpes nitidus,,,
Cyanerpes lucidus,,,
Cyanerpes caeruleus,,,
Cyanerpes cyaneus,,,
Chlorophanes spiza,,,
Iridophanes pulcherrimus,,,
Heterospingus rubrifrons,,,
Heterospingus xanthopygius,,,
Hemithraupis guira,,,
Hemithraupis ruficapilla,,,
Hemithraupis flavicollis,,,
Chrysothlypis chrysomelas,,,
Chrysothlypis salmoni,,,
Conirostrum bicolor,,,
Conirostrum margaritae,,,
Conirostrum speciosum,,,
Conirostrum leucogenys,,,
Conirostrum binghami,,,
Conirostrum ferrugineiventre,,,
Conirostrum sitticolor,,,
Conirostrum albifrons,,,
Conirostrum tamarugense,,,
Conirostrum rufum,,,
Conirostrum cinereum,,,
Diglossa gloriosissima,,,
Diglossa lafresnayii,,,
Diglossa mystacalis,,,
Diglossa gloriosa,,,
Diglossa humeralis,,,
Diglossa brunneiventris,,,
Diglossa carbonaria,,,
Diglossa venezuelensis,,,
Diglossa albilatera,,,
Diglossa duidae,,,
Diglossa major,,,
Diglossa indigotica,,,
Diglossa baritula,,,
Diglossa plumbea,,,
Diglossa sittoides,,,
Diglossa glauca,,,
Diglossa caerulescens,,,
Diglossa cyanea,,,
Catamblyrhynchus diadema,,,
Urothraupis stolzmanni,,,
Phrygilus atriceps,,,
Phrygilus punensis,,,
Phrygilus gayi,,,
Phrygilus patagonicus,,,
Diuca diuca,,,
Melanodera melanodera,,,
Melanodera xanthogramma,,,
Xenodacnis parina,,,
Idiopsar dorsalis,,,
Idiopsar erythronotus,,,
Idiopsar speculifer,,,
Idiopsar brachyurus,,,
Geospizopsis unicolor,,,
Geospizopsis plebejus,,,
Haplospiza unicolor,,,
Haplospiza rustica,,,
Acanthidops bairdi,,,
Lophospingus pusillus,,,
Lophospingus griseocristatus,,,
Rowettia goughensis,,,
Nesospiza acunhae,,,
Nesospiza questi,,,
Nesospiza wilkinsi,,,
Piezorina cinerea,,,
Xenospingus concolor,,,
Incaspiza pulchra,,,
Incaspiza personata,,,
Incaspiza ortizi,,,
Incaspiza laeta,,,
Incaspiza watkinsi,,,
Rhopospina fruticeti,,,
Rhopospina caerulescens,,,
Rhopospina alaudina,,,
Rhopospina carbonaria,,,
Pseudospingus verticalis,,,
Pseudospingus xanthophthalmus,,,
Cnemoscopus rubrirostris,,,
Cnemoscopus chrysogaster,,,
Cypsnagra hirundinacea,,,
Donacospiza albifrons,,,
Poospizopsis caesar,,,
Poospizopsis hypochondria,,,
Castanozoster thoracicus,,,
Poospiza goeringi,,,
Poospiza rufosuperciliaris,,,
Poospiza boliviana,,,
Poospiza ornata,,,
Poospiza whitii,,,
Poospiza nigrorufa,,,
Poospiza rubecula,,,
Poospiza hispaniolensis,,,
Poospiza garleppi,,,
Poospiza baeri,,,
Sicalis citrina,,,
Sicalis lutea,,,
Sicalis uropygialis,,,
Sicalis luteocephala,,,
Sicalis auriventris,,,
Sicalis olivascens,,,
Sicalis mendozae,,,
Sicalis lebruni,,,
Sicalis columbiana,,,
Sicalis flaveola,,,
Sicalis luteola,,,
Sicalis raimondii,,,
Sicalis taczanowskii,,,
Emberizoides herbicola,,,
Emberizoides duidae,,,
Emberizoides ypiranganus,,,
Embernagra platensis,,,
Embernagra longicauda,,,
Volatinia jacarina,,,
Sporophila bouvronides,,,
Sporophila lineola,,,
Sporophila leucoptera,,,
Sporophila peruviana,,,
Sporophila telasco,,,
Sporophila simplex,,,
Sporophila castaneiventris,,,
Sporophila minuta,,,
Sporophila nigrorufa,,,
Sporophila bouvreuil,,,
Sporophila pileata,,,
Sporophila hypoxantha,,,
Sporophila ruficollis,,,
Sporophila iberaensis,,,
Sporophila palustris,,,
Sporophila hypochroma,,,
Sporophila cinnamomea,,,
Sporophila melanogaster,,,
Sporophila funerea,,,
Sporophila angolensis,,,
Sporophila nuttingi,,,
Sporophila maximiliani,,,
Sporophila crassirostris,,,
Sporophila atrirostris,,,
Sporophila corvina,,,
Sporophila intermedia,,,
Sporophila americana,,,
Sporophila morelleti,,,
Sporophila torqueola,,,
Sporophila fringilloides,,,
Sporophila luctuosa,,,
Sporophila nigricollis,,,
Sporophila ardesiaca,,,
Sporophila caerulescens,,,
Sporophila schistacea,,,
Sporophila falcirostris,,,
Sporophila frontalis,,,
Sporophila plumbea,,,
Sporophila beltoni,,,
Sporophila collaris,,,
Sporophila albogularis,,,
Catamenia analis,,,
Catamenia inornata,,,
Catamenia homochroa,,,
Charitospiza eucosma,,,
Coryphaspiza melanotis,,,
Coryphospingus pileatus,,,
Coryphospingus cucullatus,,,
Rhodospingus cruentus,,,
Gubernatrix cristata,,,
Coereba flaveola,,,
Tiaris olivaceus,,,
Euneornis campestris,,,
Melopyrrha portoricensis,,,
Melopyrrha grandis,,,
Melopyrrha nigra,,,
Melopyrrha taylori,,,
Melopyrrha violacea,,,
Loxipasser anoxanthus,,,
Phonipara canora,,,
Loxigilla noctis,,,
Loxigilla barbadensis,,,
Melanospiza richardsoni,,,
Melanospiza bicolor,,,
Asemospiza obscura,,,
Asemospiza fuliginosa,,,
Pinaroloxias inornata,,,
Certhidea olivacea,,,
Certhidea fusca,,,
Platyspiza crassirostris,,,
Camarhynchus pallidus,,,
Camarhynchus psittacula,,,
Camarhynchus pauper,,,
Camarhynchus parvulus,,,
Camarhynchus heliobates,,,
Geospiza fuliginosa,,,
Geospiza magnirostris,,,
Geospiza septentrionalis,,,
Geospiza acutirostris,,,
Geospiza difficilis,,,
Geospiza scandens,,,
Geospiza fortis,,,
Geospiza conirostris,,,
Geospiza propinqua,,,
Parkerthraustes humeralis,,,
Saltatricula multicolor,,,
Saltatricula atricollis,,,
Saltator maximus,,,
Saltator atripennis,,,
Saltator atriceps,,,
Saltator orenocensis,,,
Saltator olivascens,,,
Saltator grandis,,,
Saltator coerulescens,,,
Saltator striatipectus,,,
Saltator albicollis,,,
Saltator similis,,,
Saltator nigriceps,,,
Saltator maxillosus,,,
Saltator aurantiirostris,,,
Saltator cinctus,,,
Saltator grossus,,,
Saltator fuliginosus,,,
