Scientific (Clements),MNEMONIC
Struthio camelus,nan
Struthio molybdophanes,nan
Casuarius casuarius,nan
Casuarius bennetti,nan
Casuarius unappendiculatus,nan
Dromaius novaehollandiae,nan
Apteryx australis,nan
Apteryx rowi,nan
Apteryx mantelli,nan
Apteryx owenii,nan
Apteryx maxima,nan
Rhea americana,nan
Rhea pennata,nan
Tinamotis pentlandii,nan
Tinamotis ingoufi,nan
Eudromia formosa,nan
Eudromia elegans,nan
Taoniscus nanus,nan
Nothura boraquira,nan
Nothura minor,nan
Nothura darwinii,nan
Nothura maculosa,nan
Rhynchotus maculicollis,nan
Rhynchotus rufescens,nan
Nothoprocta cinerascens,nan
Nothoprocta pentlandii,nan
Nothoprocta curvirostris,nan
Nothoprocta ornata,nan
Nothoprocta taczanowskii,nan
Nothoprocta perdicaria,nan
Nothocercus julius,nan
Nothocercus nigrocapillus,nan
Nothocercus bonapartei,nan
Tinamus major,nan
Tinamus solitarius,nan
Tinamus tao,nan
Tinamus guttatus,nan
Tinamus osgoodi,nan
Crypturellus berlepschi,nan
Crypturellus cinereus,nan
Crypturellus ptaritepui,nan
Crypturellus parvirostris,nan
Crypturellus tataupa,nan
Crypturellus obsoletus,nan
Crypturellus variegatus,nan
Crypturellus bartletti,nan
Crypturellus casiquiare,nan
Crypturellus brevirostris,nan
Crypturellus soui,nan
Crypturellus undulatus,nan
Crypturellus noctivagus,nan
Crypturellus atrocapillus,nan
Crypturellus transfasciatus,nan
Crypturellus cinnamomeus,nan
Crypturellus boucardi,nan
Crypturellus kerriae,nan
Crypturellus erythropus,nan
Crypturellus duidae,nan
Crypturellus strigulosus,nan
Anhima cornuta,nan
Chauna torquata,nan
Chauna chavaria,nan
Anseranas semipalmata,nan
Dendrocygna guttata,nan
Dendrocygna eytoni,nan
Dendrocygna viduata,nan
Dendrocygna autumnalis,nan
Dendrocygna arborea,nan
Dendrocygna bicolor,nan
Dendrocygna arcuata,nan
Dendrocygna javanica,nan
Thalassornis leuconotus,nan
Anser indicus,nan
Anser canagicus,nan
Anser caerulescens,nan
Anser rossii,nan
Anser anser,nan
Anser cygnoides,nan
Anser albifrons,nan
Anser erythropus,nan
Anser fabalis,nan
Anser serrirostris,nan
Anser brachyrhynchus,nan
Branta bernicla,nan
Branta leucopsis,nan
Branta hutchinsii,nan
Branta canadensis,honk; honk; honk
Branta sandvicensis,nan
Branta ruficollis,nan
Cereopsis novaehollandiae,nan
Stictonetta naevosa,nan
Cyanochen cyanoptera,nan
Cygnus olor,nan
Cygnus atratus,nan
Cygnus melancoryphus,nan
Cygnus buccinator,nan
Cygnus columbianus,woo-ho and woo-woo
Cygnus cygnus,nan
Coscoroba coscoroba,nan
Sarkidiornis melanotos,nan
Sarkidiornis sylvicola,nan
Pteronetta hartlaubii,nan
Oressochen jubatus,nan
Oressochen melanopterus,nan
Chloephaga picta,nan
Chloephaga hybrida,nan
Chloephaga poliocephala,nan
Chloephaga rubidiceps,nan
Radjah radjah,nan
Alopochen aegyptiaca,nan
Alopochen mauritiana,nan
Alopochen kervazoi,nan
Tadorna ferruginea,nan
Tadorna cana,nan
Tadorna tadornoides,nan
Tadorna variegata,nan
Tadorna tadorna,nan
Tadorna cristata,nan
Plectropterus gambensis,nan
Tachyeres patachonicus,nan
Tachyeres pteneres,nan
Tachyeres brachypterus,nan
Tachyeres leucocephalus,nan
Lophonetta specularioides,nan
Speculanas specularis,nan
Cairina moschata,nan
Nettapus pulchellus,nan
Nettapus coromandelianus,nan
Nettapus auritus,nan
Callonetta leucophrys,nan
Aix sponsa,jeeeeeeee!<br/>!-sliding (hp) whistle<br/>whoo-eek (breathy; whistley)
Aix galericulata,nan
Chenonetta jubata,nan
Chenonetta finschi,nan
Amazonetta brasiliensis,nan
Hymenolaimus malacorhynchos,nan
Merganetta armata,nan
Salvadorina waigiuensis,nan
Sibirionetta formosa,nan
Spatula querquedula,nan
Spatula hottentota,nan
Spatula versicolor,nan
Spatula puna,nan
Spatula discors,nan
Spatula cyanoptera,nan
Spatula platalea,nan
Spatula smithii,nan
Spatula rhynchotis,nan
Spatula clypeata,nan
Mareca strepera,nan
Mareca falcata,nan
Mareca penelope,nan
Mareca americana,squeaky; nasal whistle
Mareca sibilatrix,nan
Mareca marecula,nan
Anas sparsa,nan
Anas undulata,nan
Anas melleri,nan
Anas superciliosa,nan
Anas laysanensis,nan
Anas wyvilliana,nan
Anas luzonica,nan
Anas poecilorhyncha,nan
Anas zonorhyncha,nan
Anas platyrhynchos,quack quack quack
Anas diazi,nan
Anas rubripes,quack quack quack (lower than a Mallard)
Anas fulvigula,nan
Anas capensis,nan
Anas bahamensis,nan
Anas erythrorhyncha,nan
Anas acuta,nan
Anas eatoni,nan
Anas georgica,nan
Anas crecca,nan
Anas andium,nan
Anas flavirostris,nan
Anas theodori,nan
Anas albogularis,nan
Anas gibberifrons,nan
Anas gracilis,nan
Anas castanea,nan
Anas bernieri,nan
Anas aucklandica,nan
Anas nesiotis,nan
Anas chlorotis,nan
Malacorhynchus membranaceus,nan
Marmaronetta angustirostris,nan
Rhodonessa caryophyllacea,nan
Asarcornis scutulata,nan
Netta rufina,nan
Netta erythrophthalma,nan
Netta peposaca,nan
Aythya valisineria,nan
Aythya americana,nan
Aythya ferina,nan
Aythya collaris,nan
Aythya nyroca,nan
Aythya innotata,nan
Aythya baeri,nan
Aythya australis,nan
Aythya fuligula,nan
Aythya novaeseelandiae,nan
Aythya marila,nan
Aythya affinis,nan
Polysticta stelleri,nan
Camptorhynchus labradorius,nan
Somateria fischeri,nan
Somateria spectabilis,nan
Somateria mollissima,ow-oo-urr<br/>whoo-ooh; whoo-ooh
Histrionicus histrionicus,nan
Melanitta perspicillata,nan
Melanitta fusca,nan
Melanitta deglandi,nan
Melanitta stejnegeri,nan
Melanitta nigra,nan
Melanitta americana,nan
Clangula hyemalis,nan
Bucephala albeola,nan
Bucephala clangula,pee-ik (raspy)
Bucephala islandica,nan
Mergellus albellus,nan
Lophodytes cucullatus,nan
Mergus australis,nan
Mergus merganser,ah; ah; ah; ah (low; even croaking in flight)
Mergus octosetaceus,nan
Mergus serrator,nan
Mergus squamatus,nan
Heteronetta atricapilla,nan
Nomonyx dominicus,nan
Oxyura jamaicensis,nan
Oxyura ferruginea,nan
Oxyura leucocephala,nan
Oxyura maccoa,nan
Oxyura vittata,nan
Oxyura australis,nan
Biziura lobata,nan
Alectura lathami,nan
Aepypodius arfakianus,nan
Aepypodius bruijnii,nan
Talegalla cuvieri,nan
Talegalla fuscirostris,nan
Talegalla jobiensis,nan
Leipoa ocellata,nan
Macrocephalon maleo,nan
Eulipoa wallacei,nan
Megapodius pritchardii,nan
Megapodius laperouse,nan
Megapodius nicobariensis,nan
Megapodius cumingii,nan
Megapodius bernsteinii,nan
Megapodius tenimberensis,nan
Megapodius freycinet,nan
Megapodius geelvinkianus,nan
Megapodius eremita,nan
Megapodius layardi,nan
Megapodius decollatus,nan
Megapodius reinwardt,nan
Penelopina nigra,nan
Chamaepetes unicolor,nan
Chamaepetes goudotii,nan
Aburria aburri,nan
Pipile jacutinga,nan
Pipile pipile,nan
Pipile cumanensis,nan
Pipile grayi,nan
Pipile cujubi,nan
Penelope argyrotis,nan
Penelope bridgesi,nan
Penelope obscura,nan
Penelope pileata,nan
Penelope ochrogaster,nan
Penelope jacucaca,nan
Penelope barbata,nan
Penelope purpurascens,nan
Penelope superciliaris,nan
Penelope marail,nan
Penelope albipennis,nan
Penelope ortoni,nan
Penelope montagnii,nan
Penelope dabbenei,nan
Penelope jacquacu,nan
Penelope perspicax,nan
Oreophasis derbianus,nan
Nothocrax urumutum,nan
Pauxi pauxi,nan
Pauxi koepckeae,nan
Pauxi unicornis,nan
Mitu tomentosum,nan
Mitu mitu,nan
Mitu salvini,nan
Mitu tuberosum,nan
Crax daubentoni,nan
Crax rubra,nan
Crax alberti,nan
Crax globulosa,nan
Crax blumenbachii,nan
Crax alector,nan
Crax fasciolata,nan
Ortalis vetula,nan
Ortalis leucogastra,nan
Ortalis poliocephala,nan
Ortalis wagleri,nan
Ortalis cinereiceps,nan
Ortalis erythroptera,nan
Ortalis motmot,nan
Ortalis ruficeps,nan
Ortalis canicollis,nan
Ortalis columbiana,nan
Ortalis guttata,nan
Ortalis superciliaris,nan
Ortalis araucuan,nan
Ortalis squamata,nan
Ortalis garrula,nan
Ortalis ruficauda,nan
Numida meleagris,nan
Agelastes meleagrides,nan
Agelastes niger,nan
Acryllium vulturinum,nan
Guttera plumifera,nan
Guttera pucherani,nan
Guttera verreauxi,nan
Guttera edouardi,nan
Ptilopachus petrosus,nan
Ptilopachus nahani,nan
Rhynchortyx cinctus,nan
Oreortyx pictus,nan
Dendrortyx leucophrys,nan
Dendrortyx macroura,nan
Dendrortyx barbatus,nan
Philortyx fasciatus,nan
Colinus virginianus,nan
Colinus nigrogularis,nan
Colinus leucopogon,nan
Colinus cristatus,nan
Callipepla squamata,Paark! Pe-cos; Pe-cos; Pe-cos
Callipepla douglasii,nan
Callipepla californica,kurr<br/>chi-ca-go; chi-ca-go <br/>qua-quer-go; qua-quer-go
Callipepla gambelii,nan
Cyrtonyx montezumae,nan
Cyrtonyx ocellatus,nan
Dactylortyx thoracicus,nan
Odontophorus gujanensis,nan
Odontophorus capueira,nan
Odontophorus melanotis,nan
Odontophorus atrifrons,nan
Odontophorus erythrops,nan
Odontophorus hyperythrus,nan
Odontophorus melanonotus,nan
Odontophorus speciosus,nan
Odontophorus dialeucos,nan
Odontophorus strophium,nan
Odontophorus columbianus,nan
Odontophorus leucolaemus,nan
Odontophorus balliviani,nan
Odontophorus stellatus,nan
Odontophorus guttatus,nan
Xenoperdix udzungwensis,nan
Caloperdix oculeus,nan
Rollulus rouloul,nan
Melanoperdix niger,nan
Arborophila torqueola,nan
Arborophila rufipectus,nan
Arborophila mandellii,nan
Arborophila gingica,nan
Arborophila rufogularis,nan
Arborophila rubrirostris,nan
Arborophila cambodiana,nan
Arborophila ardens,nan
Arborophila crudigularis,nan
Arborophila atrogularis,nan
Arborophila brunneopectus,nan
Arborophila davidi,nan
Arborophila hyperythra,nan
Arborophila campbelli,nan
Arborophila rolli,nan
Arborophila sumatrana,nan
Arborophila javanica,nan
Arborophila orientalis,nan
Lerwa lerwa,nan
Ithaginis cruentus,nan
Tragopan melanocephalus,nan
Tragopan satyra,nan
Tragopan blythii,nan
Tragopan temminckii,nan
Tragopan caboti,nan
Tetraophasis obscurus,nan
Tetraophasis szechenyii,nan
Lophophorus impejanus,nan
Lophophorus sclateri,nan
Lophophorus lhuysii,nan
Pucrasia macrolopha,nan
Meleagris gallopavo,gobble-gobble-gobble-
Meleagris ocellata,nan
Bonasa umbellus,drumming-thumping; accelerates into a whir
Tetrastes bonasia,nan
Tetrastes sewerzowi,nan
Centrocercus urophasianus,nan
Centrocercus minimus,nan
Dendragapus obscurus,nan
Dendragapus fuliginosus,nan
Tympanuchus phasianellus,nan
Tympanuchus cupido,nan
Tympanuchus pallidicinctus,nan
Lagopus leucura,nan
Lagopus scotica,nan
Lagopus lagopus,nan
Lagopus muta,nan
Falcipennis falcipennis,nan
Canachites canadensis,nan
Tetrao urogallus,nan
Tetrao urogalloides,nan
Lyrurus tetrix,nan
Lyrurus mlokosiewiczi,nan
Rhizothera longirostris,nan
Rhizothera dulitensis,nan
Perdix hodgsoniae,nan
Perdix perdix,nan
Perdix dauurica,nan
Syrmaticus soemmerringii,nan
Syrmaticus reevesii,nan
Syrmaticus mikado,nan
Syrmaticus ellioti,nan
Syrmaticus humiae,nan
Chrysolophus pictus,nan
Chrysolophus amherstiae,nan
Phasianus colchicus,kok-kok (squawky; raucous; followed by wing-whir)
Phasianus versicolor,nan
Catreus wallichii,nan
Crossoptilon harmani,nan
Crossoptilon crossoptilon,nan
Crossoptilon mantchuricum,nan
Crossoptilon auritum,nan
Lophura edwardsi,nan
Lophura swinhoii,nan
Lophura bulweri,nan
Lophura leucomelanos,nan
Lophura nycthemera,nan
Lophura erythrophthalma,nan
Lophura pyronota,nan
Lophura diardi,nan
Lophura inornata,nan
Lophura rufa,nan
Lophura ignita,nan
Rheinardia ocellata,nan
Rheinardia nigrescens,nan
Argusianus argus,nan
Afropavo congensis,nan
Pavo cristatus,nan
Pavo muticus,nan
Tropicoperdix chloropus,nan
Tropicoperdix charltonii,nan
Tropicoperdix graydoni,nan
Haematortyx sanguiniceps,nan
Galloperdix spadicea,nan
Galloperdix lunulata,nan
Galloperdix bicalcarata,nan
Polyplectron napoleonis,nan
Polyplectron schleiermacheri,nan
Polyplectron malacense,nan
Polyplectron germaini,nan
Polyplectron katsumatae,nan
Polyplectron bicalcaratum,nan
Polyplectron inopinatum,nan
Polyplectron chalcurum,nan
Bambusicola fytchii,nan
Bambusicola thoracicus,nan
Bambusicola sonorivox,nan
Gallus varius,nan
Gallus gallus,nan
Gallus sonneratii,nan
Gallus lafayettii,nan
Peliperdix lathami,nan
Ortygornis sephaena,nan
Ortygornis pondicerianus,nan
Ortygornis gularis,nan
Francolinus pintadeanus,nan
Francolinus francolinus,nan
Francolinus pictus,nan
Campocolinus coqui,nan
Campocolinus albogularis,nan
Campocolinus schlegelii,nan
Scleroptila streptophora,nan
Scleroptila levaillantii,nan
Scleroptila finschi,nan
Scleroptila psilolaema,nan
Scleroptila elgonensis,nan
Scleroptila afra,nan
Scleroptila gutturalis,nan
Scleroptila shelleyi,nan
Scleroptila whytei,nan
Tetraogallus tibetanus,nan
Tetraogallus altaicus,nan
Tetraogallus caucasicus,nan
Tetraogallus caspius,nan
Tetraogallus himalayensis,nan
Ammoperdix griseogularis,nan
Ammoperdix heyi,nan
Synoicus ypsilophorus,nan
Synoicus monorthonyx,nan
Synoicus chinensis,nan
Synoicus adansonii,nan
Margaroperdix madagarensis,nan
Coturnix coturnix,nan
Coturnix japonica,nan
Coturnix delegorguei,nan
Coturnix coromandelica,nan
Coturnix pectoralis,nan
Coturnix novaezelandiae,nan
Alectoris barbara,nan
Alectoris melanocephala,nan
Alectoris rufa,nan
Alectoris chukar,nan
Alectoris graeca,nan
Alectoris philbyi,nan
Alectoris magna,nan
Perdicula asiatica,nan
Perdicula argoondah,nan
Perdicula erythrorhyncha,nan
Perdicula manipurensis,nan
Ophrysia superciliosa,nan
Pternistis hartlaubi,nan
Pternistis camerunensis,nan
Pternistis nobilis,nan
Pternistis castaneicollis,nan
Pternistis erckelii,nan
Pternistis ochropectus,nan
Pternistis swierstrai,nan
Pternistis ahantensis,nan
Pternistis griseostriatus,nan
Pternistis jacksoni,nan
Pternistis adspersus,nan
Pternistis capensis,nan
Pternistis natalensis,nan
Pternistis hildebrandti,nan
Pternistis bicalcaratus,nan
Pternistis squamatus,nan
Pternistis icterorhynchus,nan
Pternistis clappertoni,nan
Pternistis harwoodi,nan
Pternistis swainsonii,nan
Pternistis leucoscepus,nan
Pternistis rufopictus,nan
Pternistis afer,nan
Columba livia,nan
Columba rupestris,nan
Columba leuconota,nan
Columba guinea,nan
Columba albitorques,nan
Columba oenas,nan
Columba eversmanni,nan
Columba oliviae,nan
Columba palumbus,nan
Columba trocaz,nan
Columba bollii,nan
Columba unicincta,nan
Columba junoniae,nan
Columba arquatrix,nan
Columba sjostedti,nan
Columba thomensis,nan
Columba delegorguei,nan
Columba iriditorques,nan
Columba malherbii,nan
Columba thiriouxi,nan
Columba pollenii,nan
Columba hodgsonii,nan
Columba albinucha,nan
Columba pulchricollis,nan
Columba elphinstonii,nan
Columba torringtoniae,nan
Columba punicea,nan
Columba argentina,nan
Columba palumboides,nan
Columba janthina,nan
Columba jouyi,nan
Columba versicolor,nan
Columba vitiensis,nan
Columba leucomela,nan
Columba pallidiceps,nan
Aplopelia larvata,nan
Patagioenas cayennensis,nan
Patagioenas speciosa,nan
Patagioenas squamosa,nan
Patagioenas picazuro,nan
Patagioenas corensis,nan
Patagioenas maculosa,nan
Patagioenas leucocephala,nan
Patagioenas flavirostris,nan
Patagioenas inornata,nan
Patagioenas fasciata,nan
Patagioenas araucana,nan
Patagioenas caribaea,nan
Patagioenas oenops,nan
Patagioenas plumbea,nan
Patagioenas subvinacea,nan
Patagioenas nigrirostris,nan
Patagioenas goodsoni,nan
Ectopistes migratorius,nan
Nesoenas picturatus,nan
Nesoenas mayeri,nan
Nesoenas cicur,nan
Nesoenas rodericanus,nan
Streptopelia turtur,nan
Streptopelia lugens,nan
Streptopelia hypopyrrha,nan
Streptopelia orientalis,nan
Streptopelia bitorquata,nan
Streptopelia dusumieri,nan
Streptopelia decaocto,nan
Streptopelia xanthocycla,nan
Streptopelia roseogrisea,nan
Streptopelia reichenowi,nan
Streptopelia decipiens,nan
Streptopelia semitorquata,nan
Streptopelia capicola,nan
Streptopelia vinacea,nan
Streptopelia tranquebarica,nan
Spilopelia chinensis,nan
Spilopelia senegalensis,nan
Macropygia unchall,nan
Macropygia phasianella,nan
Macropygia macassariensis,nan
Macropygia magna,nan
Macropygia timorlaoensis,nan
Macropygia amboinensis,nan
Macropygia doreya,nan
Macropygia rufipennis,nan
Macropygia tenuirostris,nan
Macropygia emiliana,nan
Macropygia cinnamomea,nan
Macropygia modiglianii,nan
Macropygia nigrirostris,nan
Macropygia mackinlayi,nan
Macropygia ruficeps,nan
Reinwardtoena reinwardti,nan
Reinwardtoena browni,nan
Reinwardtoena crassirostris,nan
Turacoena manadensis,nan
Turacoena sulaensis,nan
Turacoena modesta,nan
Turtur chalcospilos,nan
Turtur abyssinicus,nan
Turtur afer,nan
Turtur tympanistria,nan
Turtur brehmeri,nan
Oena capensis,nan
Chalcophaps indica,nan
Chalcophaps longirostris,nan
Chalcophaps stephani,nan
Henicophaps albifrons,nan
Henicophaps foersteri,nan
Pampusana hoedtii,nan
Pampusana stairi,nan
Pampusana sanctaecrucis,nan
Pampusana salamonis,nan
Pampusana ferruginea,nan
Pampusana beccarii,nan
Pampusana canifrons,nan
Pampusana jobiensis,nan
Pampusana rubescens,nan
Pampusana kubaryi,nan
Pampusana erythroptera,nan
Pampusana xanthonura,nan
Pampusana norfolkensis,nan
Phaps chalcoptera,nan
Phaps elegans,nan
Phaps histrionica,nan
Ocyphaps lophotes,nan
Geophaps plumifera,nan
Geophaps scripta,nan
Geophaps smithii,nan
Petrophassa rufipennis,nan
Petrophassa albipennis,nan
Leucosarcia melanoleuca,nan
Geopelia cuneata,nan
Geopelia striata,nan
Geopelia placida,nan
Geopelia maugeus,nan
Geopelia humeralis,nan
Columbina inca,no hope
Columbina passerina,nan
Columbina minuta,nan
Columbina talpacoti,nan
Columbina buckleyi,nan
Columbina squammata,nan
Columbina picui,nan
Columbina cruziana,nan
Columbina cyanopis,nan
Claravis pretiosa,nan
Paraclaravis mondetoura,nan
Paraclaravis geoffroyi,nan
Metriopelia ceciliae,nan
Metriopelia morenoi,nan
Metriopelia melanoptera,nan
Metriopelia aymara,nan
Uropelia campestris,nan
Starnoenas cyanocephala,nan
Geotrygon purpurata,nan
Geotrygon saphirina,nan
Geotrygon versicolor,nan
Geotrygon montana,nan
Geotrygon violacea,nan
Geotrygon caniceps,nan
Geotrygon leucometopia,nan
Geotrygon chrysia,nan
Geotrygon mystacea,nan
Leptotrygon veraguensis,nan
Leptotila verreauxi,nan
Leptotila jamaicensis,nan
Leptotila cassinii,nan
Leptotila conoveri,nan
Leptotila ochraceiventris,nan
Leptotila plumbeiceps,nan
Leptotila rufaxilla,nan
Leptotila wellsi,nan
Leptotila pallida,nan
Leptotila megalura,nan
Zentrygon carrikeri,nan
Zentrygon costaricensis,nan
Zentrygon lawrencii,nan
Zentrygon albifacies,nan
Zentrygon frenata,nan
Zentrygon linearis,nan
Zentrygon chiriquensis,nan
Zentrygon goldmani,nan
Zenaida meloda,nan
Zenaida asiatica,nan
Zenaida aurita,nan
Zenaida galapagoensis,nan
Zenaida auriculata,nan
Zenaida macroura,hooo-ah hoo-hoo-hoo<br/>chirry-chirry-chirry-choreeo
Zenaida graysoni,nan
Caloenas nicobarica,nan
Caloenas maculata,nan
Raphus cucullatus,nan
Pezophaps solitaria,nan
Gallicolumba tristigmata,nan
Gallicolumba rufigula,nan
Gallicolumba platenae,nan
Gallicolumba keayi,nan
Gallicolumba menagei,nan
Gallicolumba luzonica,nan
Gallicolumba crinigera,nan
Microgoura meeki,nan
Trugon terrestris,nan
Otidiphaps nobilis,nan
Goura cristata,nan
Goura sclaterii,nan
Goura scheepmakeri,nan
Goura victoria,nan
Didunculus strigirostris,nan
Phapitreron leucotis,nan
Phapitreron amethystinus,nan
Phapitreron brunneiceps,nan
Phapitreron cinereiceps,nan
Treron olax,nan
Treron vernans,nan
Treron fulvicollis,nan
Treron bicinctus,nan
Treron pompadora,nan
Treron affinis,nan
Treron chloropterus,nan
Treron phayrei,nan
Treron axillaris,nan
Treron aromaticus,nan
Treron curvirostra,nan
Treron griseicauda,nan
Treron teysmannii,nan
Treron floris,nan
Treron psittaceus,nan
Treron capellei,nan
Treron phoenicopterus,nan
Treron waalia,nan
Treron griveaudi,nan
Treron australis,nan
Treron pembaensis,nan
Treron sanctithomae,nan
Treron seimundi,nan
Treron apicauda,nan
Treron calvus,nan
Treron oxyurus,nan
Treron sphenurus,nan
Treron sieboldii,nan
Treron formosae,nan
Megaloprepia formosa,nan
Megaloprepia magnifica,nan
Ramphiculus marchei,nan
Ramphiculus merrilli,nan
Ramphiculus occipitalis,nan
Ramphiculus fischeri,nan
Ramphiculus jambu,nan
Ramphiculus leclancheri,nan
Ramphiculus mangoliensis,nan
Ramphiculus gularis,nan
Ramphiculus subgularis,nan
Alectroenas pulcherrimus,nan
Alectroenas payandeei,nan
Alectroenas sganzini,nan
Alectroenas madagascariensis,nan
Alectroenas nitidissimus,nan
Ptilinopus luteovirens,nan
Ptilinopus layardi,nan
Ptilinopus victor,nan
Ptilinopus arcanus,nan
Ptilinopus melanospilus,nan
Ptilinopus holosericea,nan
Ptilinopus nainus,nan
Ptilinopus porphyreus,nan
Ptilinopus alligator,nan
Ptilinopus cinctus,nan
Ptilinopus dohertyi,nan
Ptilinopus superbus,nan
Ptilinopus rivoli,nan
Ptilinopus speciosus,nan
Ptilinopus solomonensis,nan
Ptilinopus tannensis,nan
Ptilinopus iozonus,nan
Ptilinopus eugeniae,nan
Ptilinopus viridis,nan
Ptilinopus hyogastrus,nan
Ptilinopus granulifrons,nan
Ptilinopus perlatus,nan
Ptilinopus wallacii,nan
Ptilinopus aurantiifrons,nan
Ptilinopus ornatus,nan
Ptilinopus insolitus,nan
Ptilinopus pulchellus,nan
Ptilinopus monacha,nan
Ptilinopus coronulatus,nan
Ptilinopus regina,nan
Ptilinopus mercierii,nan
Ptilinopus dupetithouarsii,nan
Ptilinopus greyi,nan
Ptilinopus porphyraceus,nan
Ptilinopus pelewensis,nan
Ptilinopus roseicapilla,nan
Ptilinopus richardsii,nan
Ptilinopus perousii,nan
Ptilinopus ponapensis,nan
Ptilinopus huttoni,nan
Ptilinopus insularis,nan
Ptilinopus coralensis,nan
Ptilinopus chalcurus,nan
Ptilinopus rarotongensis,nan
Ptilinopus chrysogaster,nan
Ptilinopus hernsheimi,nan
Ptilinopus purpuratus,nan
Ducula poliocephala,nan
Ducula forsteni,nan
Ducula mindorensis,nan
Ducula radiata,nan
Ducula carola,nan
Ducula aenea,nan
Ducula oenothorax,nan
Ducula nicobarica,nan
Ducula perspicillata,nan
Ducula neglecta,nan
Ducula concinna,nan
Ducula pacifica,nan
Ducula rubricera,nan
Ducula oceanica,nan
Ducula aurorae,nan
Ducula galeata,nan
Ducula myristicivora,nan
Ducula geelvinkiana,nan
Ducula rufigaster,nan
Ducula basilica,nan
Ducula finschii,nan
Ducula chalconota,nan
Ducula pistrinaria,nan
Ducula rosacea,nan
Ducula whartoni,nan
Ducula pickeringii,nan
Ducula latrans,nan
Ducula brenchleyi,nan
Ducula bakeri,nan
Ducula goliath,nan
Ducula pinon,nan
Ducula melanochroa,nan
Ducula mullerii,nan
Ducula zoeae,nan
Ducula cuprea,nan
Ducula badia,nan
Ducula lacernulata,nan
Ducula cineracea,nan
Ducula bicolor,nan
Ducula subflavescens,nan
Ducula spilorrhoa,nan
Ducula luctuosa,nan
Lopholaimus antarcticus,nan
Hemiphaga novaeseelandiae,nan
Hemiphaga chathamensis,nan
Cryptophaps poecilorrhoa,nan
Gymnophaps albertisii,nan
Gymnophaps mada,nan
Gymnophaps stalkeri,nan
Gymnophaps solomonensis,nan
Mesitornis variegatus,nan
Mesitornis unicolor,nan
Monias benschi,nan
Syrrhaptes tibetanus,nan
Syrrhaptes paradoxus,nan
Pterocles alchata,nan
Pterocles namaqua,nan
Pterocles exustus,nan
Pterocles senegallus,nan
Pterocles orientalis,nan
Pterocles gutturalis,nan
Pterocles coronatus,nan
Pterocles decoratus,nan
Pterocles personatus,nan
Pterocles lichtensteinii,nan
Pterocles bicinctus,nan
Pterocles quadricinctus,nan
Pterocles indicus,nan
Pterocles burchelli,nan
Otis tarda,nan
Ardeotis arabs,nan
Ardeotis kori,nan
Ardeotis nigriceps,nan
Ardeotis australis,nan
Chlamydotis undulata,nan
Chlamydotis macqueenii,nan
Neotis ludwigii,nan
Neotis denhami,nan
Neotis heuglinii,nan
Neotis nuba,nan
Eupodotis senegalensis,nan
Eupodotis caerulescens,nan
Heterotetrax vigorsii,nan
Heterotetrax rueppelii,nan
Heterotetrax humilis,nan
Lophotis savilei,nan
Lophotis gindiana,nan
Lophotis ruficrista,nan
Afrotis afra,nan
Afrotis afraoides,nan
Lissotis melanogaster,nan
Lissotis hartlaubii,nan
Houbaropsis bengalensis,nan
Sypheotides indicus,nan
Tetrax tetrax,nan
Corythaeola cristata,nan
Crinifer concolor,nan
Crinifer personatus,nan
Crinifer leucogaster,nan
Crinifer piscator,nan
Crinifer zonurus,nan
Gallirex johnstoni,nan
Gallirex porphyreolophus,nan
Menelikornis leucotis,nan
Menelikornis ruspolii,nan
Tauraco violaceus,nan
Tauraco rossae,nan
Tauraco macrorhynchus,nan
Tauraco bannermani,nan
Tauraco leucolophus,nan
Tauraco schuettii,nan
Tauraco schalowi,nan
Tauraco erythrolophus,nan
Tauraco persa,nan
Tauraco hartlaubi,nan
Tauraco fischeri,nan
Tauraco livingstonii,nan
Tauraco corythaix,nan
Guira guira,nan
Crotophaga major,nan
Crotophaga ani,nan
Crotophaga sulcirostris,nan
Tapera naevia,nan
Dromococcyx phasianellus,nan
Dromococcyx pavoninus,nan
Morococcyx erythropygus,nan
Geococcyx velox,nan
Geococcyx californianus,nan
Neomorphus geoffroyi,nan
Neomorphus squamiger,nan
Neomorphus radiolosus,nan
Neomorphus rufipennis,nan
Neomorphus pucheranii,nan
Carpococcyx viridis,nan
Carpococcyx radiceus,nan
Carpococcyx renauldi,nan
Coua cristata,nan
Coua verreauxi,nan
Coua caerulea,nan
Coua ruficeps,nan
Coua olivaceiceps,nan
Coua reynaudii,nan
Coua coquereli,nan
Coua cursor,nan
Coua gigas,nan
Coua delalandei,nan
Coua serriana,nan
Centropus milo,nan
Centropus ateralbus,nan
Centropus chalybeus,nan
Centropus menbeki,nan
Centropus unirufus,nan
Centropus chlororhynchos,nan
Centropus melanops,nan
Centropus rectunguis,nan
Centropus steerii,nan
Centropus celebensis,nan
Centropus anselli,nan
Centropus leucogaster,nan
Centropus senegalensis,nan
Centropus monachus,nan
Centropus cupreicaudus,nan
Centropus superciliosus,nan
Centropus burchellii,nan
Centropus nigrorufus,nan
Centropus andamanensis,nan
Centropus sinensis,nan
Centropus goliath,nan
Centropus toulou,nan
Centropus grillii,nan
Centropus viridis,nan
Centropus bengalensis,nan
Centropus violaceus,nan
Centropus bernsteini,nan
Centropus phasianinus,nan
Rhinortha chlorophaea,nan
Ceuthmochares aereus,nan
Ceuthmochares australis,nan
Taccocua leschenaultii,nan
Zanclostomus javanicus,nan
Phaenicophaeus curvirostris,nan
Phaenicophaeus oeneicaudus,nan
Phaenicophaeus sumatranus,nan
Phaenicophaeus pyrrhocephalus,nan
Phaenicophaeus viridirostris,nan
Phaenicophaeus diardi,nan
Phaenicophaeus tristis,nan
Rhamphococcyx calyorhynchus,nan
Dasylophus superciliosus,nan
Dasylophus cumingi,nan
Clamator coromandus,nan
Clamator glandarius,nan
Clamator levaillantii,nan
Clamator jacobinus,nan
Coccycua minuta,nan
Coccycua pumila,nan
Coccycua cinerea,nan
Piaya mexicana,nan
Piaya cayana,nan
Piaya melanogaster,nan
Coccyzus melacoryphus,nan
Coccyzus americanus,hoo-luh; hoo-luh; hoo-luh (1/sec; broken)<br/>ka-ka-ka-  kowp-kowp-kowp
Coccyzus euleri,nan
Coccyzus minor,nan
Coccyzus ferrugineus,nan
Coccyzus erythropthalmus,ku-ku-ku
Coccyzus lansbergi,nan
Coccyzus pluvialis,nan
Coccyzus rufigularis,nan
Coccyzus vetula,nan
Coccyzus vieilloti,nan
Coccyzus merlini,nan
Coccyzus longirostris,nan
Nannococcyx psix,nan
Pachycoccyx audeberti,nan
Microdynamis parva,nan
Eudynamys scolopaceus,nan
Eudynamys melanorhynchus,nan
Eudynamys orientalis,nan
Urodynamis taitensis,nan
Scythrops novaehollandiae,nan
Chrysococcyx maculatus,nan
Chrysococcyx xanthorhynchus,nan
Chrysococcyx caprius,nan
Chrysococcyx klaas,nan
Chrysococcyx flavigularis,nan
Chrysococcyx cupreus,nan
Chalcites megarhynchus,nan
Chalcites basalis,nan
Chalcites osculans,nan
Chalcites ruficollis,nan
Chalcites lucidus,nan
Chalcites meyerii,nan
Chalcites minutillus,nan
Chalcites crassirostris,nan
Heteroscenes pallidus,nan
Caliechthrus leucolophus,nan
Cacomantis castaneiventris,nan
Cacomantis flabelliformis,nan
Cacomantis sonneratii,nan
Cacomantis merulinus,nan
Cacomantis passerinus,nan
Cacomantis sepulcralis,nan
Cacomantis virescens,nan
Cacomantis aeruginosus,nan
Cacomantis variolosus,nan
Cacomantis addendus,nan
Cacomantis blandus,nan
Cercococcyx mechowi,nan
Cercococcyx olivinus,nan
Cercococcyx montanus,nan
Surniculus dicruroides,nan
Surniculus velutinus,nan
Surniculus lugubris,nan
Surniculus musschenbroeki,nan
Hierococcyx vagans,nan
Hierococcyx sparverioides,nan
Hierococcyx bocki,nan
Hierococcyx varius,nan
Hierococcyx hyperythrus,nan
Hierococcyx pectoralis,nan
Hierococcyx nisicolor,nan
Hierococcyx fugax,nan
Cuculus clamosus,nan
Cuculus solitarius,nan
Cuculus poliocephalus,nan
Cuculus crassirostris,nan
Cuculus micropterus,nan
Cuculus gularis,nan
Cuculus rochii,nan
Cuculus saturatus,nan
Cuculus lepidus,nan
Cuculus canorus,nan
Cuculus optatus,nan
Eurostopodus argus,nan
Eurostopodus nigripennis,nan
Eurostopodus exul,nan
Eurostopodus mystacalis,nan
Eurostopodus diabolicus,nan
Eurostopodus papuensis,nan
Eurostopodus archboldi,nan
Lyncornis temminckii,nan
Lyncornis macrotis,nan
Gactornis enarratus,nan
Chordeiles nacunda,nan
Chordeiles pusillus,nan
Chordeiles rupestris,nan
Chordeiles acutipennis,nan
Chordeiles minor,beeer<br/>pee-eet (nasal)
Chordeiles gundlachii,nan
Lurocalis semitorquatus,nan
Lurocalis rufiventris,nan
Nyctiprogne leucopyga,nan
Nyctiprogne vielliardi,nan
Nyctipolus nigrescens,nan
Nyctipolus hirundinaceus,nan
Nyctidromus albicollis,nan
Nyctidromus anthonyi,nan
Tepuiornis whitelyi,nan
Uropsalis segmentata,nan
Uropsalis lyra,nan
Quechuavis decussata,nan
Setopagis heterura,nan
Setopagis parvula,nan
Setopagis maculosa,nan
Antiurus maculicaudus,nan
Systellura longirostris,nan
Eleothreptus candicans,nan
Eleothreptus anomalus,nan
Hydropsalis cayennensis,nan
Hydropsalis climacocerca,nan
Hydropsalis torquata,nan
Hydropsalis forcipata,nan
Siphonorhis americana,nan
Siphonorhis brewsteri,nan
Nyctiphrynus mcleodii,nan
Nyctiphrynus yucatanicus,nan
Nyctiphrynus ocellatus,nan
Nyctiphrynus rosenbergi,nan
Phalaenoptilus nuttallii,poor-will; poor-will; poor-will
Antrostomus carolinensis,nan
Antrostomus rufus,nan
Antrostomus cubanensis,nan
Antrostomus ekmani,nan
Antrostomus salvini,nan
Antrostomus badius,nan
Antrostomus sericocaudatus,nan
Antrostomus ridgwayi,nan
Antrostomus vociferus,nan
Antrostomus saturatus,nan
Antrostomus arizonae,nan
Antrostomus noctitherus,nan
Veles binotatus,nan
Caprimulgus vexillarius,nan
Caprimulgus longipennis,nan
Caprimulgus ruficollis,nan
Caprimulgus indicus,nan
Caprimulgus jotaka,nan
Caprimulgus phalaena,nan
Caprimulgus europaeus,nan
Caprimulgus fraenatus,nan
Caprimulgus rufigena,nan
Caprimulgus aegyptius,nan
Caprimulgus nubicus,nan
Caprimulgus mahrattensis,nan
Caprimulgus eximius,nan
Caprimulgus macrurus,nan
Caprimulgus ritae,nan
Caprimulgus andamanicus,nan
Caprimulgus meesi,nan
Caprimulgus atripennis,nan
Caprimulgus manillensis,nan
Caprimulgus celebensis,nan
Caprimulgus donaldsoni,nan
Caprimulgus pectoralis,nan
Caprimulgus poliocephalus,nan
Caprimulgus asiaticus,nan
Caprimulgus madagascariensis,nan
Caprimulgus natalensis,nan
Caprimulgus inornatus,nan
Caprimulgus stellatus,nan
Caprimulgus solala,nan
Caprimulgus affinis,nan
Caprimulgus griseatus,nan
Caprimulgus tristigma,nan
Caprimulgus concretus,nan
Caprimulgus pulchellus,nan
Caprimulgus prigoginei,nan
Caprimulgus batesi,nan
Caprimulgus climacurus,nan
Caprimulgus clarus,nan
Caprimulgus fossii,nan
Phyllaemulor bracteatus,nan
Nyctibius grandis,nan
Nyctibius aethereus,nan
Nyctibius griseus,nan
Nyctibius jamaicensis,nan
Nyctibius maculosus,nan
Nyctibius leucopterus,nan
Steatornis caripensis,nan
Podargus strigoides,nan
Podargus ocellatus,nan
Podargus papuensis,nan
Rigidipenna inexpectata,nan
Batrachostomus auritus,nan
Batrachostomus harterti,nan
Batrachostomus septimus,nan
Batrachostomus stellatus,nan
Batrachostomus moniliger,nan
Batrachostomus hodgsoni,nan
Batrachostomus poliolophus,nan
Batrachostomus mixtus,nan
Batrachostomus javensis,nan
Batrachostomus affinis,nan
Batrachostomus chaseni,nan
Batrachostomus cornutus,nan
Aegotheles savesi,nan
Aegotheles insignis,nan
Aegotheles tatei,nan
Aegotheles wallacii,nan
Aegotheles albertisi,nan
Aegotheles crinifrons,nan
Aegotheles cristatus,nan
Aegotheles affinis,nan
Aegotheles bennettii,nan
Aegotheles terborghi,nan
Cypseloides niger,nan
Cypseloides lemosi,nan
Cypseloides rothschildi,nan
Cypseloides fumigatus,nan
Cypseloides storeri,nan
Cypseloides cryptus,nan
Cypseloides cherriei,nan
Cypseloides senex,nan
Streptoprocne rutila,nan
Streptoprocne phelpsi,nan
Streptoprocne zonaris,nan
Streptoprocne semicollaris,nan
Streptoprocne biscutata,nan
Mearnsia picina,nan
Mearnsia novaeguineae,nan
Zoonavena grandidieri,nan
Zoonavena thomensis,nan
Zoonavena sylvatica,nan
Telacanthura ussheri,nan
Telacanthura melanopygia,nan
Rhaphidura leucopygialis,nan
Rhaphidura sabini,nan
Neafrapus cassini,nan
Neafrapus boehmi,nan
Chaetura cinereiventris,nan
Chaetura spinicaudus,nan
Chaetura fumosa,nan
Chaetura martinica,nan
Chaetura egregia,nan
Chaetura pelagica,chit-chit-chit-chit (rapid staccato)<br/>twittering (rapid)
Chaetura vauxi,nan
Chaetura chapmani,nan
Chaetura andrei,nan
Chaetura meridionalis,nan
Chaetura brachyura,nan
Hirundapus caudacutus,nan
Hirundapus cochinchinensis,nan
Hirundapus giganteus,nan
Hirundapus celebensis,nan
Hydrochous gigas,nan
Collocalia troglodytes,nan
Collocalia dodgei,nan
Collocalia natalis,nan
Collocalia linchi,nan
Collocalia affinis,nan
Collocalia marginata,nan
Collocalia isonota,nan
Collocalia sumbawae,nan
Collocalia neglecta,nan
Collocalia esculenta,nan
Collocalia uropygialis,nan
Aerodramus elaphrus,nan
Aerodramus francicus,nan
Aerodramus unicolor,nan
Aerodramus infuscatus,nan
Aerodramus mearnsi,nan
Aerodramus hirundinaceus,nan
Aerodramus spodiopygius,nan
Aerodramus terraereginae,nan
Aerodramus brevirostris,nan
Aerodramus vulcanorum,nan
Aerodramus whiteheadi,nan
Aerodramus nuditarsus,nan
Aerodramus orientalis,nan
Aerodramus amelis,nan
Aerodramus vanikorensis,nan
Aerodramus salangana,nan
Aerodramus pelewensis,nan
Aerodramus bartschi,nan
Aerodramus inquietus,nan
Aerodramus sawtelli,nan
Aerodramus leucophaeus,nan
Aerodramus ocistus,nan
Aerodramus maximus,nan
Aerodramus fuciphagus,nan
Aerodramus papuensis,nan
Schoutedenapus myoptilus,nan
Tachymarptis melba,nan
Tachymarptis aequatorialis,nan
Apus alexandri,nan
Apus apus,nan
Apus unicolor,nan
Apus niansae,nan
Apus pallidus,nan
Apus barbatus,nan
Apus berliozi,nan
Apus bradfieldi,nan
Apus balstoni,nan
Apus pacificus,nan
Apus salimalii,nan
Apus leuconyx,nan
Apus cooki,nan
Apus acuticauda,nan
Apus affinis,nan
Apus nipalensis,nan
Apus horus,nan
Apus caffer,nan
Apus batesi,nan
Aeronautes saxatalis,je-je-je-je-je-je-je- (shrill; excited)
Aeronautes montivagus,nan
Aeronautes andecolus,nan
Panyptila cayennensis,nan
Panyptila sanctihieronymi,nan
Cypsiurus balasiensis,nan
Cypsiurus parvus,nan
Cypsiurus gracilis,nan
Tachornis phoenicobia,nan
Tachornis furcata,nan
Tachornis squamata,nan
Hemiprocne coronata,nan
Hemiprocne longipennis,nan
Hemiprocne comata,nan
Hemiprocne mystacea,nan
Topaza pella,nan
Topaza pyra,nan
Florisuga mellivora,nan
Florisuga fusca,nan
Eutoxeres aquila,nan
Eutoxeres condamini,nan
Ramphodon naevius,nan
Glaucis dohrnii,nan
Glaucis aeneus,nan
Glaucis hirsutus,nan
Threnetes ruckeri,nan
Threnetes leucurus,nan
Threnetes niger,nan
Anopetia gounellei,nan
Phaethornis hispidus,nan
Phaethornis yaruqui,nan
Phaethornis guy,nan
Phaethornis syrmatophorus,nan
Phaethornis koepckeae,nan
Phaethornis philippii,nan
Phaethornis bourcieri,nan
Phaethornis longirostris,nan
Phaethornis mexicanus,nan
Phaethornis superciliosus,nan
Phaethornis malaris,nan
Phaethornis anthophilus,nan
Phaethornis squalidus,nan
Phaethornis rupurumii,nan
Phaethornis longuemareus,nan
Phaethornis aethopygus,nan
Phaethornis idaliae,nan
Phaethornis nattereri,nan
Phaethornis atrimentalis,nan
Phaethornis striigularis,nan
Phaethornis griseogularis,nan
Phaethornis ruber,nan
Phaethornis stuarti,nan
Phaethornis subochraceus,nan
Phaethornis augusti,nan
Phaethornis pretrei,nan
Phaethornis eurynome,nan
Doryfera ludovicae,nan
Doryfera johannae,nan
Schistes albogularis,nan
Schistes geoffroyi,nan
Augastes scutatus,nan
Augastes lumachella,nan
Colibri serrirostris,nan
Colibri coruscans,nan
Colibri delphinae,nan
Colibri thalassinus,nan
Colibri cyanotus,nan
Heliactin bilophus,nan
Androdon aequatorialis,nan
Heliothryx barroti,nan
Heliothryx auritus,nan
Polytmus guainumbi,nan
Polytmus milleri,nan
Polytmus theresiae,nan
Avocettula recurvirostris,nan
Chrysolampis mosquitus,nan
Anthracothorax mango,nan
Anthracothorax nigricollis,nan
Anthracothorax viridigula,nan
Anthracothorax prevostii,nan
Anthracothorax veraguensis,nan
Anthracothorax dominicus,nan
Anthracothorax aurulentus,nan
Anthracothorax viridis,nan
Eulampis jugularis,nan
Eulampis holosericeus,nan
Heliangelus mavors,nan
Heliangelus clarisse,nan
Heliangelus spencei,nan
Heliangelus amethysticollis,nan
Heliangelus strophianus,nan
Heliangelus exortis,nan
Heliangelus micraster,nan
Heliangelus viola,nan
Heliangelus regalis,nan
Sephanoides sephaniodes,nan
Sephanoides fernandensis,nan
Discosura popelairii,nan
Discosura langsdorffi,nan
Discosura letitiae,nan
Discosura conversii,nan
Discosura longicaudus,nan
Lophornis ornatus,nan
Lophornis gouldii,nan
Lophornis magnificus,nan
Lophornis brachylophus,nan
Lophornis delattrei,nan
Lophornis stictolophus,nan
Lophornis verreauxii,nan
Lophornis chalybeus,nan
Lophornis pavoninus,nan
Lophornis helenae,nan
Lophornis adorabilis,nan
Phlogophilus hemileucurus,nan
Phlogophilus harterti,nan
Adelomyia melanogenys,nan
Aglaiocercus kingii,nan
Aglaiocercus coelestis,nan
Aglaiocercus berlepschi,nan
Sappho sparganurus,nan
Polyonymus caroli,nan
Taphrolesbia griseiventris,nan
Oreotrochilus chimborazo,nan
Oreotrochilus cyanolaemus,nan
Oreotrochilus stolzmanni,nan
Oreotrochilus melanogaster,nan
Oreotrochilus estella,nan
Oreotrochilus leucopleurus,nan
Oreotrochilus adela,nan
Opisthoprora euryptera,nan
Lesbia victoriae,nan
Lesbia nuna,nan
Ramphomicron dorsale,nan
Ramphomicron microrhynchum,nan
Chalcostigma ruficeps,nan
Chalcostigma olivaceum,nan
Chalcostigma stanleyi,nan
Chalcostigma heteropogon,nan
Chalcostigma herrani,nan
Oxypogon stuebelii,nan
Oxypogon cyanolaemus,nan
Oxypogon lindenii,nan
Oxypogon guerinii,nan
Oreonympha nobilis,nan
Metallura iracunda,nan
Metallura tyrianthina,nan
Metallura williami,nan
Metallura baroni,nan
Metallura odomae,nan
Metallura theresiae,nan
Metallura eupogon,nan
Metallura aeneocauda,nan
Metallura phoebe,nan
Haplophaedia aureliae,nan
Haplophaedia assimilis,nan
Haplophaedia lugens,nan
Eriocnemis nigrivestis,nan
Eriocnemis isabellae,nan
Eriocnemis vestita,nan
Eriocnemis derbyi,nan
Eriocnemis godini,nan
Eriocnemis cupreoventris,nan
Eriocnemis luciani,nan
Eriocnemis mosquera,nan
Eriocnemis glaucopoides,nan
Eriocnemis mirabilis,nan
Eriocnemis aline,nan
Loddigesia mirabilis,nan
Aglaeactis cupripennis,nan
Aglaeactis castelnaudii,nan
Aglaeactis aliciae,nan
Aglaeactis pamela,nan
Coeligena coeligena,nan
Coeligena wilsoni,nan
Coeligena prunellei,nan
Coeligena torquata,nan
Coeligena conradii,nan
Coeligena inca,nan
Coeligena violifer,nan
Coeligena iris,nan
Coeligena phalerata,nan
Coeligena orina,nan
Coeligena lutetiae,nan
Coeligena consita,nan
Coeligena bonapartei,nan
Coeligena eos,nan
Coeligena helianthea,nan
Lafresnaya lafresnayi,nan
Ensifera ensifera,nan
Pterophanes cyanopterus,nan
Boissonneaua flavescens,nan
Boissonneaua matthewsii,nan
Boissonneaua jardini,nan
Ocreatus underwoodii,nan
Ocreatus peruanus,nan
Ocreatus addae,nan
Urochroa bougueri,nan
Urochroa leucura,nan
Urosticte benjamini,nan
Urosticte ruficrissa,nan
Heliodoxa xanthogonys,nan
Heliodoxa gularis,nan
Heliodoxa branickii,nan
Heliodoxa schreibersii,nan
Heliodoxa aurescens,nan
Heliodoxa rubinoides,nan
Heliodoxa jacula,nan
Heliodoxa imperatrix,nan
Heliodoxa leadbeateri,nan
Heliodoxa rubricauda,nan
Patagona gigas,nan
Sternoclyta cyanopectus,nan
Hylonympha macrocerca,nan
Eugenes fulgens,nan
Eugenes spectabilis,nan
Heliomaster longirostris,nan
Heliomaster constantii,nan
Heliomaster squamosus,nan
Heliomaster furcifer,nan
Panterpe insignis,nan
Lampornis viridipallens,nan
Lampornis sybillae,nan
Lampornis amethystinus,nan
Lampornis clemenciae,nan
Lampornis hemileucus,nan
Lampornis calolaemus,nan
Lampornis castaneoventris,nan
Lamprolaima rhami,nan
Tilmatura dupontii,nan
Calliphlox amethystina,nan
Thaumastura cora,nan
Myrmia micrura,nan
Myrtis fanny,nan
Rhodopis vesper,nan
Eulidia yarrellii,nan
Microstilbon burmeisteri,nan
Chaetocercus mulsant,nan
Chaetocercus bombus,nan
Chaetocercus heliodor,nan
Chaetocercus astreans,nan
Chaetocercus berlepschi,nan
Chaetocercus jourdanii,nan
Philodice bryantae,nan
Philodice mitchellii,nan
Doricha enicura,nan
Doricha eliza,nan
Calothorax lucifer,nan
Calothorax pulcher,nan
Archilochus colubris,t-t-t-t-t-t-t  (soft; rapid; excited)
Archilochus alexandri,tchew (soft; flat)
Nesophlox evelynae,nan
Nesophlox lyrura,nan
Mellisuga minima,nan
Mellisuga helenae,nan
Calypte anna,chee-ik-ee-ik-ee-ik (grating; squeaky)
Calypte costae,nan
Selasphorus calliope,nan
Selasphorus rufus,zee-chuppity-chuppity (buzzy)
Selasphorus sasin,nan
Selasphorus platycercus,"chittering; thin, mixed with wing-hum"
Selasphorus heloisa,nan
Selasphorus ellioti,nan
Selasphorus flammula,nan
Selasphorus scintilla,nan
Selasphorus ardens,nan
Phaeoptila sordida,nan
Riccordia ricordii,nan
Riccordia bracei,nan
Riccordia swainsonii,nan
Riccordia maugaeus,nan
Riccordia bicolor,nan
Cynanthus latirostris,nan
Cynanthus lawrencei,nan
Cynanthus doubledayi,nan
Cynanthus auriceps,nan
Cynanthus forficatus,nan
Cynanthus canivetii,nan
Chlorostilbon mellisugus,nan
Chlorostilbon olivaresi,nan
Chlorostilbon gibsoni,nan
Chlorostilbon lucidus,nan
Chlorostilbon poortmani,nan
Chlorostilbon stenurus,nan
Chlorostilbon alice,nan
Chlorostilbon russatus,nan
Chlorostilbon assimilis,nan
Chlorostilbon melanorhynchus,nan
Basilinna leucotis,nan
Basilinna xantusii,nan
Pampa curvipennis,nan
Pampa rufa,nan
Klais guimeti,nan
Abeillia abeillei,nan
Orthorhyncus cristatus,nan
Stephanoxis lalandi,nan
Stephanoxis loddigesii,nan
Anthocephala floriceps,nan
Anthocephala berlepschi,nan
Campylopterus largipennis,nan
Campylopterus calcirupicola,nan
Campylopterus diamantinensis,nan
Campylopterus hemileucurus,nan
Campylopterus hyperythrus,nan
Campylopterus duidae,nan
Campylopterus villaviscensio,nan
Campylopterus falcatus,nan
Campylopterus phainopeplus,nan
Campylopterus ensipennis,nan
Chalybura urochrysia,nan
Chalybura buffonii,nan
Thalurania glaucopis,nan
Thalurania watertonii,nan
Thalurania colombica,nan
Thalurania furcata,nan
Microchera albocoronata,nan
Microchera cupreiceps,nan
Microchera chionura,nan
Goldmania violiceps,nan
Goldmania bella,nan
Eupherusa ridgwayi,nan
Eupherusa poliocerca,nan
Eupherusa cyanophrys,nan
Eupherusa eximia,nan
Eupherusa nigriventris,nan
Phaeochroa cuvierii,nan
Leucippus fallax,nan
Thaumasius baeri,nan
Thaumasius taczanowskii,nan
Taphrospilus hypostictus,nan
Eupetomena macroura,nan
Eupetomena cirrochloris,nan
Talaphorus chlorocercus,nan
Trochilus polytmus,nan
Trochilus scitulus,nan
Ramosomyia violiceps,nan
Ramosomyia viridifrons,nan
Saucerottia cyanocephala,nan
Saucerottia hoffmanni,nan
Saucerottia beryllina,nan
Saucerottia cyanura,nan
Saucerottia edward,nan
Saucerottia saucerottei,nan
Saucerottia cyanifrons,nan
Saucerottia castaneiventris,nan
Saucerottia viridigaster,nan
Saucerottia cupreicauda,nan
Saucerottia tobaci,nan
Amazilia rutila,nan
Amazilia yucatanensis,nan
Amazilia tzacatl,nan
Amazilia luciae,nan
Amazilis amazilia,nan
Uranomitra franciae,nan
Chrysuronia versicolor,nan
Chrysuronia goudoti,nan
Chrysuronia oenone,nan
Chrysuronia boucardi,nan
Chrysuronia coeruleogularis,nan
Chrysuronia lilliae,nan
Chrysuronia humboldtii,nan
Chrysuronia grayi,nan
Chrysuronia brevirostris,nan
Chrysuronia leucogaster,nan
Leucochloris albicollis,nan
Chionomesa fimbriata,nan
Chionomesa lactea,nan
Hylocharis sapphirina,nan
Hylocharis chrysura,nan
Elliotomyia chionogaster,nan
Elliotomyia viridicauda,nan
Polyerata rosenbergi,nan
Polyerata amabilis,nan
Polyerata decora,nan
Chlorestes candida,nan
Chlorestes eliciae,nan
Chlorestes cyanus,nan
Chlorestes julie,nan
Chlorestes notata,nan
Mentocrex kioloides,nan
Mentocrex beankaensis,nan
Sarothrura pulchra,nan
Sarothrura elegans,nan
Sarothrura rufa,nan
Sarothrura lugens,nan
Sarothrura boehmi,nan
Sarothrura affinis,nan
Sarothrura insularis,nan
Sarothrura ayresi,nan
Sarothrura watersi,nan
Rallicula rubra,nan
Rallicula leucospila,nan
Rallicula forbesi,nan
Rallicula mayri,nan
Rallus obsoletus,nan
Rallus tenuirostris,nan
Rallus longirostris,nan
Rallus elegans,hip-hip-hurrah (dry; rattly)
Rallus crepitans,tic-tic-tic-tic-tic-tic-.
Rallus wetmorei,nan
Rallus limicola,ki-dik; ki-dik; ki-dik<br/>tic-tic-mcgreer
Rallus aequatorialis,nan
Rallus semiplumbeus,nan
Rallus antarcticus,nan
Rallus aquaticus,nan
Rallus indicus,nan
Rallus caerulescens,nan
Rallus madagascariensis,nan
Dryolimnas cuvieri,nan
Dryolimnas augusti,nan
Aphanapteryx bonasia,nan
Erythromachus leguati,nan
Crex crex,nan
Crecopsis egregia,nan
Rougetius rougetii,nan
Aphanocrex podarces,nan
Mundia elpenor,nan
Aramidopsis plateni,nan
Lewinia striata,nan
Lewinia mirifica,nan
Lewinia pectoralis,nan
Lewinia muelleri,nan
Gymnocrex rosenbergii,nan
Gymnocrex plumbeiventris,nan
Gymnocrex talaudensis,nan
Diaphorapteryx hawkinsi,nan
Gallirallus calayanensis,nan
Gallirallus wallacii,nan
Gallirallus castaneoventris,nan
Gallirallus australis,nan
Gallirallus lafresnayanus,nan
Gallirallus sylvestris,nan
Gallirallus okinawae,nan
Gallirallus pacificus,nan
Gallirallus philippensis,nan
Gallirallus modestus,nan
Gallirallus dieffenbachii,nan
Gallirallus insignis,nan
Gallirallus woodfordi,nan
Gallirallus poecilopterus,nan
Gallirallus owstoni,nan
Gallirallus wakensis,nan
Gallirallus torquatus,nan
Gallirallus rovianae,nan
Canirallus oculeus,nan
Pardirallus maculatus,nan
Pardirallus nigricans,nan
Pardirallus sanguinolentus,nan
Mustelirallus albicollis,nan
Mustelirallus cerverai,nan
Mustelirallus colombianus,nan
Mustelirallus erythrops,nan
Amaurolimnas concolor,nan
Aramides ypecaha,nan
Aramides wolfi,nan
Aramides mangle,nan
Aramides axillaris,nan
Aramides albiventris,nan
Aramides cajaneus,nan
Aramides calopterus,nan
Aramides saracura,nan
Tribonyx ventralis,nan
Tribonyx hodgenorum,nan
Tribonyx mortierii,nan
Porphyriops melanops,nan
Porzana carolina,ker-wee   ker-wee(descending whinny)
Porzana porzana,nan
Porzana fluminea,nan
Paragallinula angulata,nan
Gallinula silvestris,nan
Gallinula nesiotis,nan
Gallinula comeri,nan
Gallinula chloropus,nan
Gallinula galeata,nan
Gallinula tenebrosa,nan
Gallinula pacifica,nan
Fulica rufifrons,nan
Fulica cornuta,nan
Fulica gigantea,nan
Fulica armillata,nan
Fulica atra,nan
Fulica newtonii,nan
Fulica cristata,nan
Fulica alai,nan
Fulica americana,ka-ha; ka-ha kuh-uk!; kuh-uk! (loud; clear)
Fulica ardesiaca,nan
Fulica leucoptera,nan
Porphyrio alleni,nan
Porphyrio martinica,nan
Porphyrio flavirostris,nan
Porphyrio paepae,nan
Porphyrio kukwiedei,nan
Porphyrio caerulescens,nan
Porphyrio porphyrio,nan
Porphyrio indicus,nan
Porphyrio madagascariensis,nan
Porphyrio hochstetteri,nan
Porphyrio mantelli,nan
Porphyrio melanotus,nan
Porphyrio pulverulentus,nan
Porphyrio albus,nan
Porphyrio poliocephalus,nan
Himantornis haematopus,nan
Poliolimnas cinereus,nan
Megacrex inepta,nan
Gallicrex cinerea,nan
Amaurornis isabellina,nan
Amaurornis olivacea,nan
Amaurornis phoenicurus,nan
Amaurornis magnirostris,nan
Amaurornis moluccana,nan
Aenigmatolimnas marginalis,nan
Rallina tricolor,nan
Rallina canningi,nan
Rallina fasciata,nan
Rallina eurizonoides,nan
Zapornia fusca,nan
Zapornia paykullii,nan
Zapornia akool,nan
Zapornia flavirostra,nan
Zapornia parva,nan
Zapornia pusilla,nan
Zapornia astrictocarpus,nan
Zapornia palmeri,nan
Zapornia olivieri,nan
Zapornia bicolor,nan
Zapornia sandwichensis,nan
Zapornia nigra,nan
Zapornia atra,nan
Zapornia tabuensis,nan
Zapornia monasa,nan
Rufirallus schomburgkii,nan
Rufirallus viridis,nan
Rufirallus fasciatus,nan
Rufirallus leucopyrrhus,nan
Rufirallus xenopterus,nan
Anurolimnas castaneiceps,nan
Coturnicops exquisitus,nan
Coturnicops noveboracensis,click click (typewriter-like)<br/>tik-tik; tik-tik-tik; (2-3 rhythm; repeated)
Laterallus rogersi,nan
Laterallus notatus,nan
Laterallus flaviventer,nan
Laterallus levraudi,nan
Laterallus melanophaius,nan
Laterallus ruber,nan
Laterallus albigularis,nan
Laterallus exilis,nan
Laterallus spilonota,nan
Laterallus jamaicensis,kicky-chew; kiki-krrr; pee-pee-toe
Laterallus spiloptera,nan
Podica senegalensis,nan
Heliopais personatus,nan
Heliornis fulica,nan
Aramus guarauna,kraaaaaah (loud; piercing; usually repeated)
Psophia crepitans,nan
Psophia leucoptera,nan
Psophia viridis,nan
Balearica regulorum,nan
Balearica pavonina,nan
Leucogeranus leucogeranus,nan
Antigone canadensis,garoo-a-a-a (stuttery)
Antigone vipio,nan
Antigone rubicunda,nan
Antigone antigone,nan
Grus carunculatus,nan
Grus virgo,nan
Grus paradiseus,nan
Grus japonensis,nan
Grus americana,ker-laa; ker-laa (second note higher-pitched)
Grus grus,nan
Grus nigricollis,nan
Grus monacha,nan
Pluvianellus socialis,nan
Chionis minor,nan
Chionis albus,nan
Hesperoburhinus bistriatus,nan
Hesperoburhinus superciliaris,nan
Esacus recurvirostris,nan
Esacus magnirostris,nan
Burhinus capensis,nan
Burhinus vermiculatus,nan
Burhinus grallarius,nan
Burhinus oedicnemus,nan
Burhinus indicus,nan
Burhinus senegalensis,nan
Pluvianus aegyptius,nan
Himantopus himantopus,nan
Himantopus leucocephalus,nan
Himantopus novaezelandiae,nan
Himantopus mexicanus,kyip; kyip; kyip
Cladorhynchus leucocephalus,nan
Recurvirostra avosetta,nan
Recurvirostra novaehollandiae,nan
Recurvirostra andina,nan
Recurvirostra americana,wheek or kleet (repeated in flight)
Ibidorhyncha struthersii,nan
Haematopus ostralegus,nan
Haematopus longirostris,nan
Haematopus finschi,nan
Haematopus chathamensis,nan
Haematopus unicolor,nan
Haematopus fuliginosus,nan
Haematopus palliatus,nan
Haematopus moquini,nan
Haematopus meadewaldoi,nan
Haematopus ater,nan
Haematopus leucopodus,nan
Haematopus bachmani,nan
Pluvialis squatarola,pee-a-wee!; whee-er-wee!
Pluvialis apricaria,nan
Pluvialis dominica,nan
Pluvialis fulva,nan
Oreopholus ruficollis,nan
Hoploxypterus cayanus,nan
Phegornis mitchellii,nan
Zonibyx modestus,nan
Eudromias morinellus,nan
Charadrius vociferus,nan
Charadrius hiaticula,poo-eep (in-flight)
Charadrius semipalmatus,chureee!<br/>churrrk (burry)
Charadrius melodus,pip-pip-pip
Thinornis cucullatus,nan
Thinornis melanops,nan
Thinornis novaeseelandiae,nan
Thinornis forbesi,nan
Thinornis tricollaris,nan
Thinornis dubius,nan
Thinornis placidus,nan
Vanellus vanellus,nan
Vanellus crassirostris,nan
Vanellus armatus,nan
Vanellus spinosus,nan
Vanellus duvaucelii,nan
Vanellus malabaricus,nan
Vanellus tectus,nan
Vanellus albiceps,nan
Vanellus lugubris,nan
Vanellus melanopterus,nan
Vanellus coronatus,nan
Vanellus senegallus,nan
Vanellus melanocephalus,nan
Vanellus superciliosus,nan
Vanellus cinereus,nan
Vanellus indicus,nan
Vanellus macropterus,nan
Vanellus tricolor,nan
Vanellus miles,nan
Vanellus gregarius,nan
Vanellus leucurus,nan
Vanellus chilensis,nan
Vanellus resplendens,nan
Erythrogonys cinctus,nan
Peltohyas australis,nan
Anarhynchus asiaticus,nan
Anarhynchus veredus,nan
Anarhynchus mongolus,nan
Anarhynchus atrifrons,nan
Anarhynchus leschenaultii,nan
Anarhynchus bicinctus,nan
Anarhynchus frontalis,nan
Anarhynchus obscurus,nan
Anarhynchus wilsonia,nan
Anarhynchus collaris,nan
Anarhynchus montanus,nan
Anarhynchus alticola,nan
Anarhynchus falklandicus,nan
Anarhynchus thoracicus,nan
Anarhynchus pecuarius,nan
Anarhynchus sanctaehelenae,nan
Anarhynchus ruficapillus,nan
Anarhynchus nivosus,nan
Anarhynchus pallidus,nan
Anarhynchus peronii,nan
Anarhynchus marginatus,nan
Anarhynchus javanicus,nan
Anarhynchus alexandrinus,nan
Anarhynchus dealbatus,nan
Pedionomus torquatus,nan
Attagis gayi,nan
Attagis malouinus,nan
Thinocorus orbignyianus,nan
Thinocorus rumicivorus,nan
Rostratula benghalensis,nan
Rostratula australis,nan
Nycticryphes semicollaris,nan
Hydrophasianus chirurgus,nan
Jacana spinosa,nan
Jacana jacana,nan
Microparra capensis,nan
Irediparra gallinacea,nan
Metopidius indicus,nan
Actophilornis africanus,nan
Actophilornis albinucha,nan
Bartramia longicauda,ch-wut wolf-whistle (long; drawn-out)
Numenius tahitiensis,cheew-iew-iew-it
Numenius hudsonicus,nan
Numenius phaeopus,nan
Numenius minutus,nan
Numenius borealis,nan
Numenius americanus,ker-lee
Numenius madagascariensis,nan
Numenius tenuirostris,nan
Numenius arquata,nan
Limosa lapponica,nan
Limosa limosa,nan
Limosa haemastica,nan
Limosa fedoa,god-wit or ker-whit<br/>raddika; raddika; raddika
Limnodromus semipalmatus,nan
Limnodromus griseus,tu-tu-tu (in flight - may be repeated)
Limnodromus scolopaceus,keeeeek (in flight - may be repeated)
Lymnocryptes minimus,nan
Scolopax minor,peeent; peeent; peeent (nasal)
Scolopax rusticola,nan
Scolopax mira,nan
Scolopax bukidnonensis,nan
Scolopax saturata,nan
Scolopax rosenbergii,nan
Scolopax celebensis,nan
Scolopax rochussenii,nan
Coenocorypha barrierensis,nan
Coenocorypha iredalei,nan
Coenocorypha pusilla,nan
Coenocorypha huegeli,nan
Coenocorypha aucklandica,nan
Gallinago imperialis,nan
Gallinago jamesoni,nan
Gallinago stricklandii,nan
Gallinago solitaria,nan
Gallinago nemoricola,nan
Gallinago media,nan
Gallinago megala,nan
Gallinago stenura,nan
Gallinago hardwickii,nan
Gallinago nigripennis,nan
Gallinago gallinago,skaip<br/>wicka-wicka-wicka-
Gallinago delicata,nan
Gallinago undulata,nan
Gallinago nobilis,nan
Gallinago andina,nan
Gallinago macrodactyla,nan
Gallinago paraguaiae,nan
Gallinago magellanica,nan
Phalaropus tricolor,nan
Phalaropus fulicarius,nan
Phalaropus lobatus,nan
Xenus cinereus,nan
Actitis hypoleucos,nan
Actitis macularius,peet-peet-peet-peet <br/>weet-weet-weet-weet 
Tringa ochropus,nan
Tringa solitaria,peet-weet-weet or peet
Tringa brevipes,nan
Tringa incana,nan
Tringa stagnatilis,nan
Tringa glareola,nan
Tringa totanus,nan
Tringa flavipes,quu-quu (whistled - in pairs)<br/>tyooo-tyoo<br/>yoo-yoo; yoo-yoo-yoo
Tringa guttifer,nan
Tringa semipalmata,pill-will-willet
Tringa erythropus,nan
Tringa nebularia,nan
Tringa melanoleuca,"dear; dear; dear (sharply)<br/>klee-klee-klee<br/>tu-tu-tu (whistled, 3 or more notes)"
Prosobonia cancellata,nan
Prosobonia leucoptera,nan
Prosobonia ellisi,nan
Prosobonia parvirostris,nan
Arenaria interpres,nan
Arenaria melanocephala,nan
Calidris tenuirostris,nan
Calidris canutus,nan
Calidris virgata,nan
Calidris pugnax,nan
Calidris falcinellus,nan
Calidris acuminata,nan
Calidris ferruginea,nan
Calidris himantopus,nan
Calidris temminckii,nan
Calidris subminuta,nan
Calidris ruficollis,nan
Calidris pygmaea,nan
Calidris subruficollis,nan
Calidris alba,plik-plik-plik 
Calidris alpina,nan
Calidris maritima,nan
Calidris ptilocnemis,nan
Calidris bairdii,nan
Calidris minuta,nan
Calidris fuscicollis,nan
Calidris minutilla,kreeet (thin; somewhat burry)
Calidris melanotos,krick (low-voiced)
Calidris mauri,nan
Calidris pusilla,nan
Turnix tanki,nan
Turnix maculosus,nan
Turnix suscitator,nan
Turnix ocellatus,nan
Turnix sylvaticus,nan
Turnix velox,nan
Turnix pyrrhothorax,nan
Turnix worcesteri,nan
Turnix everetti,nan
Turnix nanus,nan
Turnix hottentottus,nan
Turnix castanotus,nan
Turnix olivii,nan
Turnix varius,nan
Turnix novaecaledoniae,nan
Turnix melanogaster,nan
Turnix nigricollis,nan
Ortyxelos meiffrenii,nan
Dromas ardeola,nan
Smutsornis africanus,nan
Rhinoptilus chalcopterus,nan
Rhinoptilus bitorquatus,nan
Rhinoptilus cinctus,nan
Cursorius temminckii,nan
Cursorius coromandelicus,nan
Cursorius cursor,nan
Cursorius somalensis,nan
Cursorius rufus,nan
Glareola nuchalis,nan
Glareola isabella,nan
Glareola cinerea,nan
Glareola lactea,nan
Glareola ocularis,nan
Glareola pratincola,nan
Glareola nordmanni,nan
Glareola maldivarum,nan
Stercorarius longicaudus,nan
Stercorarius parasiticus,nan
Stercorarius pomarinus,nan
Stercorarius skua,nan
Stercorarius chilensis,nan
Stercorarius antarcticus,nan
Stercorarius maccormicki,nan
Cerorhinca monocerata,nan
Fratercula cirrhata,nan
Fratercula arctica,nan
Fratercula corniculata,nan
Ptychoramphus aleuticus,nan
Aethia pusilla,nan
Aethia pygmaea,nan
Aethia cristatella,nan
Aethia psittacula,nan
Brachyramphus perdix,nan
Brachyramphus brevirostris,nan
Brachyramphus marmoratus,nan
Cepphus grylle,nan
Cepphus carbo,nan
Cepphus columba,nan
Alca torda,nan
Pinguinus impennis,nan
Alle alle,nan
Uria lomvia,nan
Uria aalge,nan
Synthliboramphus antiquus,nan
Synthliboramphus wumizusume,nan
Synthliboramphus scrippsi,nan
Synthliboramphus hypoleucus,nan
Synthliboramphus craveri,nan
Creagrus furcatus,nan
Hydrocoloeus minutus,nan
Rhodostethia rosea,nan
Rissa tridactyla,kitty-waaak
Rissa brevirostris,nan
Pagophila eburnea,nan
Xema sabini,nan
Saundersilarus saundersi,nan
Chroicocephalus genei,nan
Chroicocephalus philadelphia,chrrr-chrrr-chrrr (rapid; buzzy)
Chroicocephalus novaehollandiae,nan
Chroicocephalus bulleri,nan
Chroicocephalus serranus,nan
Chroicocephalus maculipennis,nan
Chroicocephalus ridibundus,nan
Chroicocephalus brunnicephalus,nan
Chroicocephalus cirrocephalus,nan
Chroicocephalus hartlaubii,nan
Leucophaeus modestus,nan
Leucophaeus scoresbii,nan
Leucophaeus atricilla,haa-haa-haa-haa (loud; laugh-like)<br/>laughter (raucous; clear-noted)
Leucophaeus pipixcan,nan
Leucophaeus fuliginosus,nan
Ichthyaetus ichthyaetus,nan
Ichthyaetus relictus,nan
Ichthyaetus audouinii,nan
Ichthyaetus melanocephalus,nan
Ichthyaetus hemprichii,nan
Ichthyaetus leucophthalmus,nan
Larus pacificus,nan
Larus belcheri,nan
Larus crassirostris,nan
Larus atlanticus,nan
Larus heermanni,nan
Larus canus,nan
Larus brachyrhynchus,nan
Larus delawarensis,nan
Larus livens,nan
Larus occidentalis,nan
Larus cachinnans,nan
Larus dominicanus,nan
Larus smithsonianus,nan
Larus vegae,nan
Larus mongolicus,nan
Larus argentatus,nan
Larus michahellis,nan
Larus armenicus,nan
Larus marinus,nan
Larus hyperboreus,nan
Larus fuscus,nan
Larus californicus,nan
Larus glaucescens,nan
Larus schistisagus,nan
Larus glaucoides,nan
Rynchops flavirostris,nan
Rynchops albicollis,nan
Rynchops niger,kaup; kaup; kaup (clear-noted)
Gygis alba,nan
Gygis candida,nan
Gygis microrhyncha,nan
Anous stolidus,nan
Anous tenuirostris,nan
Anous minutus,nan
Anous albivitta,nan
Anous ceruleus,nan
Onychoprion aleuticus,nan
Onychoprion fuscatus,nan
Onychoprion anaethetus,nan
Onychoprion lunatus,nan
Sternula albifrons,nan
Sternula saundersi,nan
Sternula balaenarum,nan
Sternula nereis,nan
Sternula antillarum,zreeeeek
Sternula superciliaris,nan
Sternula lorata,nan
Phaetusa simplex,nan
Gelochelidon nilotica,kay-week and za-za-za
Gelochelidon macrotarsa,nan
Hydroprogne caspia,raaaah (raspy; hoarse)
Larosterna inca,nan
Chlidonias hybrida,nan
Chlidonias albostriatus,nan
Chlidonias niger,nan
Chlidonias leucopterus,nan
Sterna aurantia,nan
Sterna forsteri,keeeeeeeeer<br/>zaaaah (raspy; nasal)
Sterna trudeaui,nan
Sterna paradisaea,nan
Sterna hirundinacea,nan
Sterna vittata,nan
Sterna virgata,nan
Sterna hirundo,kee-arr (trilly)
Sterna repressa,nan
Sterna sumatrana,nan
Sterna dougallii,nan
Sterna striata,nan
Sterna acuticauda,nan
Thalasseus sandvicensis,nan
Thalasseus elegans,nan
Thalasseus bengalensis,nan
Thalasseus albididorsalis,nan
Thalasseus maximus,keeer (trilled)
Thalasseus bergii,nan
Thalasseus bernsteini,nan
Phoenicopterus chilensis,nan
Phoenicopterus ruber,nan
Phoenicopterus roseus,nan
Phoeniconaias minor,nan
Phoenicoparrus andinus,nan
Phoenicoparrus jamesi,nan
Rollandia rolland,nan
Rollandia microptera,nan
Tachybaptus rufolavatus,nan
Tachybaptus ruficollis,nan
Tachybaptus novaehollandiae,nan
Tachybaptus pelzelnii,nan
Tachybaptus dominicus,nan
Podilymbus podiceps,nan
Podilymbus gigas,nan
Poliocephalus poliocephalus,nan
Poliocephalus rufopectus,nan
Podiceps major,nan
Podiceps auritus,nan
Podiceps grisegena,nan
Podiceps cristatus,nan
Podiceps nigricollis,nan
Podiceps andinus,nan
Podiceps occipitalis,nan
Podiceps taczanowskii,nan
Podiceps gallardoi,nan
Aechmophorus occidentalis,krik-krik
Aechmophorus clarkii,kreeet (burry)<br/>kriiik (burry)
Opisthocomus hoazin,nan
Rhynochetos jubatus,nan
Eurypyga helias,nan
Phaethon lepturus,nan
Phaethon aethereus,nan
Phaethon rubricauda,nan
Gavia stellata,kwuk
Gavia arctica,nan
Gavia pacifica,kwa-wee!
Gavia immer,cooo-leee; cooo-leee (slow; plaintive)<br/>whinny
Gavia adamsii,nan
Aptenodytes patagonicus,nan
Aptenodytes forsteri,nan
Pygoscelis adeliae,nan
Pygoscelis papua,nan
Pygoscelis antarcticus,nan
Megadyptes antipodes,nan
Eudyptula minor,nan
Spheniscus demersus,nan
Spheniscus humboldti,nan
Spheniscus mendiculus,nan
Spheniscus magellanicus,nan
Eudyptes pachyrhynchus,nan
Eudyptes sclateri,nan
Eudyptes chrysolophus,nan
Eudyptes schlegeli,nan
Eudyptes chrysocome,nan
Eudyptes filholi,nan
Eudyptes moseleyi,nan
Eudyptes robustus,nan
Diomedea sanfordi,nan
Diomedea epomophora,nan
Diomedea exulans,nan
Diomedea dabbenena,nan
Diomedea antipodensis,nan
Diomedea amsterdamensis,nan
Phoebastria irrorata,nan
Phoebastria immutabilis,nan
Phoebastria nigripes,nan
Phoebastria albatrus,nan
Phoebetria fusca,nan
Phoebetria palpebrata,nan
Thalassarche chlororhynchos,nan
Thalassarche carteri,nan
Thalassarche chrysostoma,nan
Thalassarche bulleri,nan
Thalassarche cauta,nan
Thalassarche salvini,nan
Thalassarche eremita,nan
Thalassarche melanophris,nan
Oceanites oceanicus,nan
Oceanites pincoyae,nan
Oceanites gracilis,nan
Garrodia nereis,nan
Pelagodroma marina,nan
Fregetta grallaria,nan
Fregetta maoriana,nan
Fregetta lineata,nan
Fregetta tropica,nan
Nesofregetta fuliginosa,nan
Hydrobates pelagicus,nan
Hydrobates furcatus,nan
Hydrobates hornbyi,nan
Hydrobates leucorhous,nan
Hydrobates socorroensis,nan
Hydrobates cheimomnestes,nan
Hydrobates monorhis,nan
Hydrobates homochroa,nan
Hydrobates castro,nan
Hydrobates monteiroi,nan
Hydrobates jabejabe,nan
Hydrobates tethys,nan
Hydrobates melania,nan
Hydrobates macrodactylus,nan
Hydrobates markhami,nan
Hydrobates matsudairae,nan
Hydrobates tristrami,nan
Hydrobates microsoma,nan
Macronectes giganteus,nan
Macronectes halli,nan
Fulmarus glacialis,nan
Fulmarus glacialoides,nan
Thalassoica antarctica,nan
Daption capense,nan
Pagodroma nivea,nan
Aphrodroma brevirostris,nan
Pterodroma rupinarum,nan
Pterodroma macroptera,nan
Pterodroma gouldi,nan
Pterodroma neglecta,nan
Pterodroma magentae,nan
Pterodroma arminjoniana,nan
Pterodroma heraldica,nan
Pterodroma ultima,nan
Pterodroma solandri,nan
Pterodroma atrata,nan
Pterodroma madeira,nan
Pterodroma feae,nan
Pterodroma deserta,nan
Pterodroma mollis,nan
Pterodroma baraui,nan
Pterodroma lessonii,nan
Pterodroma inexpectata,nan
Pterodroma cahow,nan
Pterodroma hasitata,nan
Pterodroma caribbaea,nan
Pterodroma externa,nan
Pterodroma incerta,nan
Pterodroma phaeopygia,nan
Pterodroma sandwichensis,nan
Pterodroma cervicalis,nan
Pterodroma hypoleuca,nan
Pterodroma nigripennis,nan
Pterodroma axillaris,nan
Pterodroma cookii,nan
Pterodroma defilippiana,nan
Pterodroma leucoptera,nan
Pterodroma brevipes,nan
Pterodroma longirostris,nan
Pterodroma pycrofti,nan
Pterodroma alba,nan
Pterodroma occulta,nan
Halobaena caerulea,nan
Pachyptila turtur,nan
Pachyptila vittata,nan
Pachyptila salvini,nan
Pachyptila macgillivrayi,nan
Pachyptila desolata,nan
Pachyptila belcheri,nan
Pachyptila crassirostris,nan
Bulweria bulwerii,nan
Bulweria fallax,nan
Bulweria bifax,nan
Pseudobulweria macgillivrayi,nan
Pseudobulweria aterrima,nan
Pseudobulweria rostrata,nan
Pseudobulweria becki,nan
Procellaria cinerea,nan
Procellaria aequinoctialis,nan
Procellaria conspicillata,nan
Procellaria parkinsoni,nan
Procellaria westlandica,nan
Calonectris leucomelas,nan
Calonectris borealis,nan
Calonectris diomedea,nan
Calonectris edwardsii,nan
Ardenna creatopus,nan
Ardenna carneipes,nan
Ardenna gravis,nan
Ardenna pacifica,nan
Ardenna bulleri,nan
Ardenna grisea,nan
Ardenna tenuirostris,nan
Puffinus nativitatis,nan
Puffinus subalaris,nan
Puffinus puffinus,nan
Puffinus yelkouan,nan
Puffinus mauretanicus,nan
Puffinus huttoni,nan
Puffinus bannermani,nan
Puffinus auricularis,nan
Puffinus newelli,nan
Puffinus myrtae,nan
Puffinus bryani,nan
Puffinus opisthomelas,nan
Puffinus gavia,nan
Puffinus assimilis,nan
Puffinus elegans,nan
Puffinus baroli,nan
Puffinus boydi,nan
Puffinus lherminieri,nan
Puffinus bailloni,nan
Puffinus persicus,nan
Puffinus heinrothi,nan
Pelecanoides garnotii,nan
Pelecanoides urinatrix,nan
Pelecanoides georgicus,nan
Pelecanoides magellani,nan
Anastomus oscitans,nan
Anastomus lamelligerus,nan
Ciconia nigra,nan
Ciconia abdimii,nan
Ciconia microscelis,nan
Ciconia episcopus,nan
Ciconia stormi,nan
Ciconia maguari,nan
Ciconia ciconia,nan
Ciconia boyciana,nan
Ephippiorhynchus asiaticus,nan
Ephippiorhynchus senegalensis,nan
Jabiru mycteria,nan
Leptoptilos javanicus,nan
Leptoptilos crumenifer,nan
Leptoptilos dubius,nan
Mycteria americana,nan
Mycteria cinerea,nan
Mycteria ibis,nan
Mycteria leucocephala,nan
Fregata aquila,nan
Fregata magnificens,nan
Fregata ariel,nan
Fregata minor,nan
Fregata andrewsi,nan
Papasula abbotti,nan
Morus bassanus,nan
Morus capensis,nan
Morus serrator,nan
Sula sula,nan
Sula leucogaster,nan
Sula brewsteri,nan
Sula dactylatra,nan
Sula granti,nan
Sula nebouxii,nan
Sula variegata,nan
Anhinga anhinga,nan
Anhinga rufa,nan
Anhinga melanogaster,nan
Anhinga novaehollandiae,nan
Microcarbo melanoleucos,nan
Microcarbo africanus,nan
Microcarbo coronatus,nan
Microcarbo niger,nan
Microcarbo pygmaeus,nan
Poikilocarbo gaimardi,nan
Urile penicillatus,nan
Urile urile,nan
Urile pelagicus,nan
Urile perspicillatus,nan
Phalacrocorax neglectus,nan
Phalacrocorax capensis,nan
Phalacrocorax carbo,nan
Phalacrocorax capillatus,nan
Phalacrocorax nigrogularis,nan
Phalacrocorax punctatus,nan
Phalacrocorax featherstoni,nan
Phalacrocorax fuscicollis,nan
Phalacrocorax sulcirostris,nan
Phalacrocorax varius,nan
Phalacrocorax fuscescens,nan
Gulosus aristotelis,nan
Nannopterum harrisi,nan
Nannopterum auritum,nan
Nannopterum brasilianum,nan
Leucocarbo magellanicus,nan
Leucocarbo bougainvilliorum,nan
Leucocarbo ranfurlyi,nan
Leucocarbo carunculatus,nan
Leucocarbo chalconotus,nan
Leucocarbo onslowi,nan
Leucocarbo colensoi,nan
Leucocarbo campbelli,nan
Leucocarbo atriceps,nan
Eudocimus albus,nan
Eudocimus ruber,nan
Plegadis falcinellus,nan
Plegadis chihi,nan
Plegadis ridgwayi,nan
Lophotibis cristata,nan
Cercibis oxycerca,nan
Mesembrinibis cayennensis,nan
Phimosus infuscatus,nan
Theristicus caerulescens,nan
Theristicus caudatus,nan
Theristicus melanopis,nan
Theristicus branickii,nan
Threskiornis aethiopicus,nan
Threskiornis bernieri,nan
Threskiornis solitarius,nan
Threskiornis melanocephalus,nan
Threskiornis molucca,nan
Threskiornis spinicollis,nan
Pseudibis papillosa,nan
Pseudibis davisoni,nan
Pseudibis gigantea,nan
Geronticus eremita,nan
Geronticus calvus,nan
Nipponia nippon,nan
Bostrychia olivacea,nan
Bostrychia bocagei,nan
Bostrychia rara,nan
Bostrychia hagedash,nan
Bostrychia carunculata,nan
Platalea leucorodia,nan
Platalea regia,nan
Platalea alba,nan
Platalea minor,nan
Platalea flavipes,nan
Platalea ajaja,nan
Tigriornis leucolopha,nan
Tigrisoma lineatum,nan
Tigrisoma mexicanum,nan
Tigrisoma fasciatum,nan
Cochlearius cochlearius,nan
Agamia agami,nan
Zebrilus undulatus,nan
Botaurus stellaris,nan
Botaurus poiciloptilus,nan
Botaurus lentiginosus,gulp-a-pump<br/>woonk-a-chunk
Botaurus pinnatus,nan
Botaurus involucris,nan
Botaurus exilis,wuff; wuff; wuff; wuff; wuff<br/>ku-ku-ku (lower and throatier than B-B Cuckoo)
Botaurus flavicollis,nan
Botaurus cinnamomeus,nan
Botaurus eurhythmus,nan
Botaurus sturmii,nan
Botaurus minutus,nan
Botaurus sinensis,nan
Botaurus dubius,nan
Botaurus novaezelandiae,nan
Nyctanassa violacea,nan
Nyctanassa carcinocatactes,nan
Nycticorax nycticorax,quawlk
Nycticorax duboisi,nan
Nycticorax mauritianus,nan
Nycticorax megacephalus,nan
Nycticorax caledonicus,nan
Nycticorax olsoni,nan
Gorsachius melanolophus,nan
Gorsachius goisagi,nan
Pilherodius pileatus,nan
Syrigma sibilatrix,nan
Egretta caerulea,nan
Egretta tricolor,nan
Egretta rufescens,nan
Egretta vinaceigula,nan
Egretta ardesiaca,nan
Egretta sacra,nan
Egretta eulophotes,nan
Egretta thula,nan
Egretta garzetta,nan
Egretta gularis,nan
Egretta picata,nan
Egretta novaehollandiae,nan
Calherodius leuconotus,nan
Oroanassa magnifica,nan
Butorides striata,nan
Butorides sundevalli,nan
Butorides atricapilla,nan
Butorides virescens,skelp skelp skelp
Zonerodius heliosylus,nan
Ardeola rufiventris,nan
Ardeola ralloides,nan
Ardeola idae,nan
Ardeola grayii,nan
Ardeola bacchus,nan
Ardeola speciosa,nan
Ardea ibis,nan
Ardea coromanda,nan
Ardea pacifica,nan
Ardea alba,nan
Ardea brachyrhyncha,nan
Ardea intermedia,nan
Ardea plumifera,nan
Ardea cinerea,nan
Ardea herodias,squawking or croaking (very raucous)
Ardea cocoi,nan
Ardea purpurea,nan
Ardea humbloti,nan
Ardea insignis,nan
Ardea sumatrana,nan
Ardea melanocephala,nan
Ardea goliath,nan
Scopus umbretta,nan
Balaeniceps rex,nan
Pelecanus erythrorhynchos,nan
Pelecanus occidentalis,nan
Pelecanus thagus,nan
Pelecanus onocrotalus,nan
Pelecanus conspicillatus,nan
Pelecanus rufescens,nan
Pelecanus philippensis,nan
Pelecanus crispus,nan
Gymnogyps californianus,nan
Sarcoramphus papa,nan
Vultur gryphus,nan
Coragyps atratus,nan
Cathartes aura,nan
Cathartes burrovianus,nan
Cathartes melambrotus,nan
Sagittarius serpentarius,nan
Pandion haliaetus,kyew; kyew; kyew; kyew; kyew
Gampsonyx swainsonii,nan
Chelictinia riocourii,nan
Elanus leucurus,nan
Elanus caeruleus,nan
Elanus axillaris,nan
Elanus scriptus,nan
Polyboroides typus,nan
Polyboroides radiatus,nan
Gypohierax angolensis,nan
Gypaetus barbatus,nan
Neophron percnopterus,nan
Eutriorchis astur,nan
Chondrohierax uncinatus,nan
Chondrohierax wilsonii,nan
Leptodon cayanensis,nan
Leptodon forbesi,nan
Aviceda cuculoides,nan
Aviceda madagascariensis,nan
Aviceda jerdoni,nan
Aviceda subcristata,nan
Aviceda leuphotes,nan
Pernis apivorus,nan
Pernis ptilorhynchus,nan
Pernis celebensis,nan
Pernis steerei,nan
Elanoides forficatus,nan
Hamirostra melanosternon,nan
Lophoictinia isura,nan
Henicopernis longicauda,nan
Henicopernis infuscatus,nan
Sarcogyps calvus,nan
Trigonoceps occipitalis,nan
Aegypius monachus,nan
Torgos tracheliotos,nan
Necrosyrtes monachus,nan
Gyps himalayensis,nan
Gyps bengalensis,nan
Gyps africanus,nan
Gyps indicus,nan
Gyps tenuirostris,nan
Gyps coprotheres,nan
Gyps rueppelli,nan
Gyps fulvus,nan
Spilornis klossi,nan
Spilornis rufipectus,nan
Spilornis kinabaluensis,nan
Spilornis cheela,nan
Spilornis holospilus,nan
Spilornis elgini,nan
Pithecophaga jefferyi,nan
Terathopius ecaudatus,nan
Circaetus cinerascens,nan
Circaetus fasciolatus,nan
Circaetus spectabilis,nan
Circaetus beaudouini,nan
Circaetus pectoralis,nan
Circaetus gallicus,nan
Circaetus cinereus,nan
Stephanoaetus coronatus,nan
Nisaetus nanus,nan
Nisaetus kelaarti,nan
Nisaetus nipalensis,nan
Nisaetus alboniger,nan
Nisaetus bartelsi,nan
Nisaetus lanceolatus,nan
Nisaetus pinskeri,nan
Nisaetus philippensis,nan
Nisaetus cirrhatus,nan
Nisaetus floris,nan
Spizaetus tyrannus,nan
Spizaetus melanoleucus,nan
Spizaetus ornatus,nan
Spizaetus isidori,nan
Lophotriorchis kienerii,nan
Polemaetus bellicosus,nan
Lophaetus occipitalis,nan
Ictinaetus malaiensis,nan
Clanga hastata,nan
Clanga pomarina,nan
Clanga clanga,nan
Hieraaetus wahlbergi,nan
Hieraaetus ayresii,nan
Hieraaetus weiskei,nan
Hieraaetus pennatus,nan
Hieraaetus morphnoides,nan
Aquila nipalensis,nan
Aquila heliaca,nan
Aquila adalberti,nan
Aquila rapax,nan
Aquila africana,nan
Aquila gurneyi,nan
Aquila audax,nan
Aquila chrysaetos,nan
Aquila verreauxii,nan
Aquila fasciata,nan
Aquila spilogaster,nan
Harpyopsis novaeguineae,nan
Macheiramphus alcinus,nan
Morphnus guianensis,nan
Harpia harpyja,nan
Lophospiza trivirgata,nan
Lophospiza griseiceps,nan
Micronisus gabar,nan
Urotriorchis macrourus,nan
Melierax metabates,nan
Melierax poliopterus,nan
Melierax canorus,nan
Kaupifalco monogrammicus,nan
Aerospiza tachiro,nan
Aerospiza castanilius,nan
Tachyspiza erythropus,nan
Tachyspiza minulla,nan
Tachyspiza virgata,nan
Tachyspiza nanus,nan
Tachyspiza erythrauchen,nan
Tachyspiza cirrocephala,nan
Tachyspiza brachyura,nan
Tachyspiza rhodogaster,nan
Tachyspiza gularis,nan
Tachyspiza badia,nan
Tachyspiza butleri,nan
Tachyspiza brevipes,nan
Tachyspiza soloensis,nan
Tachyspiza imitator,nan
Tachyspiza francesiae,nan
Tachyspiza trinotata,nan
Tachyspiza poliocephala,nan
Tachyspiza princeps,nan
Tachyspiza novaehollandiae,nan
Tachyspiza hiogaster,nan
Tachyspiza melanochlamys,nan
Tachyspiza albogularis,nan
Tachyspiza rufitorques,nan
Tachyspiza henicogramma,nan
Tachyspiza luteoschistacea,nan
Tachyspiza haplochroa,nan
Tachyspiza fasciata,nan
Erythrotriorchis buergersi,nan
Erythrotriorchis radiatus,nan
Accipiter poliogaster,nan
Accipiter ovampensis,nan
Accipiter madagascariensis,nan
Accipiter nisus,nan
Accipiter rufiventris,nan
Accipiter striatus,nan
Astur bicolor,nan
Astur chilensis,nan
Astur cooperii,nan
Astur gundlachi,nan
Astur gentilis,nan
Astur atricapillus,nan
Astur meyerianus,nan
Astur melanoleucus,nan
Astur henstii,nan
Megatriorchis doriae,nan
Circus aeruginosus,nan
Circus ranivorus,nan
Circus spilonotus,nan
Circus spilothorax,nan
Circus approximans,nan
Circus maillardi,nan
Circus macrosceles,nan
Circus buffoni,nan
Circus assimilis,nan
Circus maurus,nan
Circus cinereus,nan
Circus cyaneus,nan
Circus hudsonius,nan
Circus macrourus,nan
Circus melanoleucos,nan
Circus pygargus,nan
Microspizias superciliosus,nan
Microspizias collaris,nan
Harpagus bidentatus,nan
Harpagus diodon,nan
Milvus milvus,nan
Milvus migrans,nan
Haliastur indus,nan
Haliastur sphenurus,nan
Haliaeetus albicilla,nan
Haliaeetus leucocephalus,nan
Haliaeetus leucoryphus,nan
Haliaeetus pelagicus,nan
Icthyophaga vocifer,nan
Icthyophaga vociferoides,nan
Icthyophaga leucogaster,nan
Icthyophaga sanfordi,nan
Icthyophaga humilis,nan
Icthyophaga ichthyaetus,nan
Butastur liventer,nan
Butastur rufipennis,nan
Butastur teesa,nan
Butastur indicus,nan
Ictinia mississippiensis,nan
Ictinia plumbea,nan
Geranospiza caerulescens,nan
Busarellus nigricollis,nan
Rostrhamus sociabilis,nan
Helicolestes hamatus,nan
Morphnarchus princeps,nan
Cryptoleucopteryx plumbea,nan
Buteogallus schistaceus,nan
Buteogallus anthracinus,nan
Buteogallus gundlachii,nan
Buteogallus aequinoctialis,nan
Buteogallus meridionalis,nan
Buteogallus lacernulatus,nan
Buteogallus urubitinga,nan
Buteogallus solitarius,nan
Buteogallus coronatus,nan
Rupornis magnirostris,nan
Parabuteo unicinctus,nan
Parabuteo leucorrhous,nan
Geranoaetus albicaudatus,nan
Geranoaetus polyosoma,nan
Geranoaetus melanoleucus,nan
Pseudastur occidentalis,nan
Pseudastur albicollis,nan
Pseudastur polionotus,nan
Leucopternis semiplumbeus,nan
Leucopternis melanops,nan
Leucopternis kuhli,nan
Bermuteo avivorus,nan
Buteo plagiatus,nan
Buteo nitidus,nan
Buteo platypterus,peet-seeeeep
Buteo lineatus,kee-yer; kee-yer; kee-yer.
Buteo ridgwayi,nan
Buteo albonotatus,nan
Buteo solitarius,nan
Buteo albigula,nan
Buteo brachyurus,nan
Buteo swainsoni,kreeeeeeeeeerr (drawn-out; shrill; plaintive)
Buteo galapagoensis,nan
Buteo jamaicensis,keeeeeeeeer
Buteo ventralis,nan
Buteo lagopus,nan
Buteo regalis,nan
Buteo auguralis,nan
Buteo augur,nan
Buteo rufofuscus,nan
Buteo oreophilus,nan
Buteo buteo,nan
Buteo trizonatus,nan
Buteo brachypterus,nan
Buteo socotraensis,nan
Buteo rufinus,nan
Buteo hemilasius,nan
Buteo refectus,nan
Buteo japonicus,nan
Tyto tenebricosa,nan
Tyto novaehollandiae,nan
Tyto aurantia,nan
Tyto almae,nan
Tyto sororcula,nan
Tyto manusi,nan
Tyto nigrobrunnea,nan
Tyto inexspectata,nan
Tyto rosenbergii,nan
Tyto prigoginei,nan
Tyto longimembris,nan
Tyto capensis,nan
Tyto alba,nan
Tyto javanica,nan
Tyto furcata,nan
Tyto deroepstorffi,nan
Tyto glaucops,nan
Tyto soumagnei,nan
Phodilus badius,nan
Phodilus assimilis,nan
Otus sagittatus,nan
Otus balli,nan
Otus rufescens,nan
Otus thilohoffmanni,nan
Otus icterorhynchus,nan
Otus ireneae,nan
Otus alfredi,nan
Otus spilocephalus,nan
Otus brookii,nan
Otus angelinae,nan
Otus mentawi,nan
Otus bakkamoena,nan
Otus lettia,nan
Otus gurneyi,nan
Otus lempiji,nan
Otus semitorques,nan
Otus silvicola,nan
Otus fuliginosus,nan
Otus megalotis,nan
Otus everetti,nan
Otus nigrorum,nan
Otus mindorensis,nan
Otus magicus,nan
Otus tempestatis,nan
Otus jolandae,nan
Otus podarginus,nan
Otus mantananensis,nan
Otus elegans,nan
Otus manadensis,nan
Otus mendeni,nan
Otus collari,nan
Otus siaoensis,nan
Otus sulaensis,nan
Otus beccarii,nan
Otus umbra,nan
Otus enganensis,nan
Otus alius,nan
Otus pamelae,nan
Otus scops,nan
Otus cyprius,nan
Otus bikegila,nan
Otus pembaensis,nan
Otus hartlaubi,nan
Otus senegalensis,nan
Otus brucei,nan
Otus mirus,nan
Otus longicornis,nan
Otus moheliensis,nan
Otus pauliani,nan
Otus insularis,nan
Otus sunia,nan
Otus socotranus,nan
Otus capnodes,nan
Otus mayottensis,nan
Otus grucheti,nan
Otus murivorus,nan
Otus sauzieri,nan
Otus rutilus,nan
Psiloscops flammeolus,nan
Gymnasio nudipes,nan
Megascops clarkii,nan
Megascops trichopsis,nan
Megascops albogularis,nan
Megascops choliba,nan
Megascops koepckeae,nan
Megascops ingens,nan
Megascops petersoni,nan
Megascops marshalli,nan
Megascops hoyi,nan
Megascops guatemalae,nan
Megascops centralis,nan
Megascops roraimae,nan
Megascops sanctaecatarinae,nan
Megascops barbarus,nan
Megascops seductus,nan
Megascops cooperi,nan
Megascops kennicottii,accelerating hollow whistles; constant pitch
Megascops asio,nan
Megascops gilesi,nan
Megascops roboratus,nan
Megascops watsonii,nan
Megascops atricapilla,nan
Margarobyas lawrencii,nan
Ptilopsis leucotis,nan
Ptilopsis granti,nan
Lophostrix cristata,nan
Jubula lettii,nan
Pulsatrix perspicillata,nan
Pulsatrix koeniswaldiana,nan
Pulsatrix melanota,nan
Bubo scandiacus,nan
Bubo virginianus,hoot-a-hoot; hoo-hoo<br/>who's awake? me too
Bubo magellanicus,nan
Bubo bengalensis,nan
Bubo cinerascens,nan
Bubo africanus,nan
Bubo milesi,nan
Bubo capensis,nan
Bubo ascalaphus,nan
Bubo bubo,nan
Ketupa poensis,nan
Ketupa leucosticta,nan
Ketupa lactea,nan
Ketupa shelleyi,nan
Ketupa blakistoni,nan
Ketupa ketupu,nan
Ketupa zeylonensis,nan
Ketupa flavipes,nan
Ketupa coromanda,nan
Ketupa nipalensis,nan
Ketupa sumatrana,nan
Ketupa philippensis,nan
Scotopelia peli,nan
Scotopelia ussheri,nan
Scotopelia bouvieri,nan
Surnia ulula,nan
Glaucidium passerinum,nan
Glaucidium perlatum,nan
Glaucidium gnoma,nan
Glaucidium costaricanum,nan
Glaucidium nubicola,nan
Glaucidium jardinii,nan
Glaucidium bolivianum,nan
Glaucidium parkeri,nan
Glaucidium griseiceps,nan
Glaucidium sanchezi,nan
Glaucidium palmarum,nan
Glaucidium hardyi,nan
Glaucidium mooreorum,nan
Glaucidium minutissimum,nan
Glaucidium brasilianum,nan
Glaucidium nana,nan
Glaucidium peruanum,nan
Glaucidium siju,nan
Glaucidium tephronotum,nan
Glaucidium sjostedti,nan
Glaucidium cuculoides,nan
Glaucidium castanopterum,nan
Glaucidium radiatum,nan
Glaucidium castanotum,nan
Glaucidium capense,nan
Glaucidium albertinum,nan
Taenioptynx brodiei,nan
Taenioptynx sylvaticus,nan
Micrathene whitneyi,nan
Xenoglaux loweryi,nan
Athene brama,nan
Athene noctua,nan
Athene blewitti,nan
Athene jacquinoti,nan
Athene granti,nan
Athene malaitae,nan
Athene roseoaxillaris,nan
Athene superciliaris,nan
Athene cunicularia,nan
Strix virgata,nan
Strix nigrolineata,nan
Strix huhula,nan
Strix albitarsis,nan
Strix seloputo,nan
Strix ocellata,nan
Strix leptogrammica,nan
Strix aluco,nan
Strix nivicolum,nan
Strix hadorami,nan
Strix butleri,nan
Strix occidentalis,nan
Strix varia,who-cooks-for-you; who-cooks-for-you-all
Strix sartorii,nan
Strix fulvescens,nan
Strix hylophila,nan
Strix rufipes,nan
Strix chacoensis,nan
Strix uralensis,nan
Strix nebulosa,whoo-whoo-whoooo
Strix woodfordii,nan
Asio grammicus,nan
Asio otus,nan
Asio abyssinicus,nan
Asio madagascariensis,nan
Asio clamator,nan
Asio stygius,nan
Asio flammeus,nan
Asio capensis,nan
Asio solomonensis,nan
Aegolius funereus,hooo-too-too-too-too...
Aegolius acadicus,too-too-too (clear notes)
Aegolius gradyi,nan
Aegolius ridgwayi,nan
Aegolius harrisii,nan
Ninox rufa,nan
Ninox strenua,nan
Ninox connivens,nan
Ninox rudolfi,nan
Ninox affinis,nan
Ninox boobook,nan
Ninox rotiensis,nan
Ninox fusca,nan
Ninox plesseni,nan
Ninox leucopsis,nan
Ninox novaeseelandiae,nan
Ninox albifacies,nan
Ninox sumbaensis,nan
Ninox scutulata,nan
Ninox obscura,nan
Ninox japonica,nan
Ninox randi,nan
Ninox philippensis,nan
Ninox spilocephala,nan
Ninox mindorensis,nan
Ninox spilonotus,nan
Ninox rumseyi,nan
Ninox leventisi,nan
Ninox reyi,nan
Ninox ochracea,nan
Ninox burhani,nan
Ninox ios,nan
Ninox hypogramma,nan
Ninox forbesi,nan
Ninox squamipila,nan
Ninox hantu,nan
Ninox natalis,nan
Ninox theomacha,nan
Ninox meeki,nan
Ninox punctulata,nan
Ninox variegata,nan
Ninox odiosa,nan
Uroglaux dimorpha,nan
Colius striatus,nan
Colius leucocephalus,nan
Colius castanotus,nan
Colius colius,nan
Urocolius macrourus,nan
Urocolius indicus,nan
Leptosomus discolor,nan
Apaloderma narina,nan
Apaloderma aequatoriale,nan
Apaloderma vittatum,nan
Apalharpactes reinwardtii,nan
Apalharpactes mackloti,nan
Harpactes oreskios,nan
Harpactes fasciatus,nan
Harpactes kasumba,nan
Harpactes diardii,nan
Harpactes ardens,nan
Harpactes whiteheadi,nan
Harpactes orrhophaeus,nan
Harpactes duvaucelii,nan
Harpactes erythrocephalus,nan
Harpactes wardi,nan
Euptilotis neoxenus,nan
Pharomachrus pavoninus,nan
Pharomachrus auriceps,nan
Pharomachrus mocinno,nan
Pharomachrus fulgidus,nan
Pharomachrus antisianus,nan
Priotelus temnurus,nan
Priotelus roseigaster,nan
Trogon clathratus,nan
Trogon massena,nan
Trogon comptus,nan
Trogon mesurus,nan
Trogon melanurus,nan
Trogon melanocephalus,nan
Trogon citreolus,nan
Trogon chionurus,nan
Trogon viridis,nan
Trogon bairdii,nan
Trogon caligatus,nan
Trogon violaceus,nan
Trogon ramonianus,nan
Trogon curucui,nan
Trogon surrucura,nan
Trogon tenellus,nan
Trogon cupreicauda,nan
Trogon rufus,nan
Trogon chrysochloros,nan
Trogon ambiguus,nan
Trogon elegans,nan
Trogon mexicanus,nan
Trogon collaris,nan
Trogon personatus,nan
Upupa epops,nan
Upupa marginata,nan
Upupa antaios,nan
Phoeniculus purpureus,nan
Phoeniculus damarensis,nan
Phoeniculus somaliensis,nan
Phoeniculus bollei,nan
Rhinopomastus castaneiceps,nan
Rhinopomastus aterrimus,nan
Rhinopomastus cyanomelas,nan
Rhinopomastus minor,nan
Bucorvus abyssinicus,nan
Bucorvus leadbeateri,nan
Lophoceros camurus,nan
Lophoceros alboterminatus,nan
Lophoceros bradfieldi,nan
Lophoceros semifasciatus,nan
Lophoceros fasciatus,nan
Lophoceros hemprichii,nan
Lophoceros nasutus,nan
Lophoceros pallidirostris,nan
Tockus flavirostris,nan
Tockus leucomelas,nan
Tockus jacksoni,nan
Tockus deckeni,nan
Tockus monteiri,nan
Tockus rufirostris,nan
Tockus damarensis,nan
Tockus ruahae,nan
Tockus kempi,nan
Tockus erythrorhynchus,nan
Berenicornis comatus,nan
Horizocerus albocristatus,nan
Horizocerus cassini,nan
Horizocerus hartlaubi,nan
Horizocerus granti,nan
Ceratogymna elata,nan
Ceratogymna atrata,nan
Bycanistes brevis,nan
Bycanistes subcylindricus,nan
Bycanistes cylindricus,nan
Bycanistes albotibialis,nan
Bycanistes bucinator,nan
Bycanistes fistulator,nan
Rhinoplax vigil,nan
Buceros hydrocorax,nan
Buceros rhinoceros,nan
Buceros bicornis,nan
Anorrhinus galeritus,nan
Anorrhinus austeni,nan
Anorrhinus tickelli,nan
Ocyceros birostris,nan
Ocyceros griseus,nan
Ocyceros gingalensis,nan
Anthracoceros malayanus,nan
Anthracoceros montani,nan
Anthracoceros coronatus,nan
Anthracoceros albirostris,nan
Anthracoceros marchei,nan
Aceros nipalensis,nan
Rhyticeros cassidix,nan
Rhyticeros everetti,nan
Rhyticeros undulatus,nan
Rhyticeros subruficollis,nan
Rhyticeros narcondami,nan
Rhyticeros plicatus,nan
Rhabdotorrhinus exarhatus,nan
Rhabdotorrhinus corrugatus,nan
Rhabdotorrhinus waldeni,nan
Rhabdotorrhinus leucocephalus,nan
Penelopides panini,nan
Penelopides manillae,nan
Penelopides mindorensis,nan
Penelopides samarensis,nan
Penelopides affinis,nan
Nyctyornis amictus,nan
Nyctyornis athertoni,nan
Meropogon forsteni,nan
Merops gularis,nan
Merops mentalis,nan
Merops muelleri,nan
Merops bulocki,nan
Merops bullockoides,nan
Merops pusillus,nan
Merops variegatus,nan
Merops lafresnayii,nan
Merops oreobates,nan
Merops hirundineus,nan
Merops breweri,nan
Merops revoilii,nan
Merops albicollis,nan
Merops viridissimus,nan
Merops cyanophrys,nan
Merops orientalis,nan
Merops boehmi,nan
Merops viridis,nan
Merops americanus,nan
Merops persicus,nan
Merops superciliosus,nan
Merops philippinus,nan
Merops ornatus,nan
Merops apiaster,nan
Merops leschenaulti,nan
Merops malimbicus,nan
Merops nubicus,nan
Merops nubicoides,nan
Todus multicolor,nan
Todus subulatus,nan
Todus angustirostris,nan
Todus todus,nan
Todus mexicanus,nan
Hylomanes momotula,nan
Aspatha gularis,nan
Momotus mexicanus,nan
Momotus coeruliceps,nan
Momotus lessonii,nan
Momotus subrufescens,nan
Momotus bahamensis,nan
Momotus momota,nan
Momotus aequatorialis,nan
Baryphthengus martii,nan
Baryphthengus ruficapillus,nan
Electron carinatum,nan
Electron platyrhynchum,nan
Eumomota superciliosa,nan
Alcedo hercules,nan
Alcedo atthis,nan
Alcedo semitorquata,nan
Alcedo quadribrachys,nan
Alcedo meninting,nan
Alcedo peninsulae,nan
Alcedo euryzona,nan
Alcedo coerulescens,nan
Ceyx azureus,nan
Ceyx websteri,nan
Ceyx cyanopectus,nan
Ceyx flumenicola,nan
Ceyx argentatus,nan
Ceyx pusillus,nan
Ceyx erithaca,nan
Ceyx rufidorsa,nan
Ceyx melanurus,nan
Ceyx sangirensis,nan
Ceyx fallax,nan
Ceyx margarethae,nan
Ceyx wallacii,nan
Ceyx lepidus,nan
Ceyx cajeli,nan
Ceyx solitarius,nan
Ceyx dispar,nan
Ceyx mulcatus,nan
Ceyx sacerdotis,nan
Ceyx collectoris,nan
Ceyx meeki,nan
Ceyx nigromaxilla,nan
Ceyx gentianus,nan
Corythornis cristatus,nan
Corythornis vintsioides,nan
Corythornis leucogaster,nan
Corythornis madagascariensis,nan
Ispidina picta,nan
Ispidina lecontei,nan
Lacedo pulchella,nan
Dacelo novaeguineae,nan
Dacelo leachii,nan
Dacelo tyro,nan
Dacelo gaudichaud,nan
Dacelo rex,nan
Cittura sanghirensis,nan
Cittura cyanotis,nan
Pelargopsis amauroptera,nan
Pelargopsis capensis,nan
Pelargopsis melanorhyncha,nan
Halcyon coromanda,nan
Halcyon badia,nan
Halcyon smyrnensis,nan
Halcyon gularis,nan
Halcyon leucocephala,nan
Halcyon pileata,nan
Halcyon cyanoventris,nan
Halcyon senegalensis,nan
Halcyon senegaloides,nan
Halcyon malimbica,nan
Halcyon albiventris,nan
Halcyon chelicuti,nan
Todiramphus nigrocyaneus,nan
Todiramphus winchelli,nan
Todiramphus diops,nan
Todiramphus lazuli,nan
Todiramphus pyrrhopygius,nan
Todiramphus macleayii,nan
Todiramphus albonotatus,nan
Todiramphus leucopygius,nan
Todiramphus farquhari,nan
Todiramphus godeffroyi,nan
Todiramphus ruficollaris,nan
Todiramphus veneratus,nan
Todiramphus gambieri,nan
Todiramphus tutus,nan
Todiramphus sacer,nan
Todiramphus pelewensis,nan
Todiramphus cinnamominus,nan
Todiramphus reichenbachii,nan
Todiramphus recurvirostris,nan
Todiramphus colonus,nan
Todiramphus sordidus,nan
Todiramphus sanctus,nan
Todiramphus chloris,nan
Todiramphus saurophagus,nan
Todiramphus albicilla,nan
Todiramphus tristrami,nan
Todiramphus funebris,nan
Todiramphus enigma,nan
Todiramphus australasia,nan
Caridonax fulgidus,nan
Melidora macrorrhina,nan
Actenoides bougainvillei,nan
Actenoides concretus,nan
Actenoides lindsayi,nan
Actenoides hombroni,nan
Actenoides monachus,nan
Actenoides princeps,nan
Syma torotoro,nan
Syma megarhyncha,nan
Tanysiptera hydrocharis,nan
Tanysiptera galatea,nan
Tanysiptera ellioti,nan
Tanysiptera riedelii,nan
Tanysiptera carolinae,nan
Tanysiptera nympha,nan
Tanysiptera danae,nan
Tanysiptera sylvia,nan
Tanysiptera nigriceps,nan
Megaceryle maxima,nan
Megaceryle lugubris,nan
Megaceryle torquata,nan
Megaceryle alcyon,stuttering; non-musical; dry rattle in-flight
Ceryle rudis,nan
Chloroceryle amazona,nan
Chloroceryle aenea,nan
Chloroceryle americana,nan
Chloroceryle inda,nan
Coracias garrulus,nan
Coracias abyssinicus,nan
Coracias caudatus,nan
Coracias spatulatus,nan
Coracias naevius,nan
Coracias benghalensis,nan
Coracias affinis,nan
Coracias temminckii,nan
Coracias cyanogaster,nan
Eurystomus glaucurus,nan
Eurystomus gularis,nan
Eurystomus orientalis,nan
Eurystomus azureus,nan
Geobiastes squamiger,nan
Brachypteracias leptosomus,nan
Uratelornis chimaera,nan
Atelornis pittoides,nan
Atelornis crossleyi,nan
Notharchus hyperrhynchus,nan
Notharchus macrorhynchos,nan
Notharchus swainsoni,nan
Notharchus pectoralis,nan
Notharchus ordii,nan
Notharchus tectus,nan
Bucco macrodactylus,nan
Bucco tamatia,nan
Bucco noanamae,nan
Bucco capensis,nan
Nystalus radiatus,nan
Nystalus obamai,nan
Nystalus striolatus,nan
Nystalus chacuru,nan
Nystalus maculatus,nan
Hypnelus ruficollis,nan
Hypnelus bicinctus,nan
Malacoptila fusca,nan
Malacoptila semicincta,nan
Malacoptila striata,nan
Malacoptila rufa,nan
Malacoptila panamensis,nan
Malacoptila fulvogularis,nan
Malacoptila mystacalis,nan
Micromonacha lanceolata,nan
Nonnula rubecula,nan
Nonnula sclateri,nan
Nonnula brunnea,nan
Nonnula frontalis,nan
Nonnula ruficapilla,nan
Nonnula amaurocephala,nan
Hapaloptila castanea,nan
Monasa atra,nan
Monasa nigrifrons,nan
Monasa morphoeus,nan
Monasa flavirostris,nan
Chelidoptera tenebrosa,nan
Galbalcyrhynchus leucotis,nan
Galbalcyrhynchus purusianus,nan
Brachygalba albogularis,nan
Brachygalba lugubris,nan
Brachygalba goeringi,nan
Brachygalba salmoni,nan
Jacamaralcyon tridactyla,nan
Galbula albirostris,nan
Galbula cyanicollis,nan
Galbula ruficauda,nan
Galbula galbula,nan
Galbula tombacea,nan
Galbula cyanescens,nan
Galbula pastazae,nan
Galbula chalcothorax,nan
Galbula leucogastra,nan
Galbula dea,nan
Jacamerops aureus,nan
Trachylaemus goffinii,nan
Trachylaemus purpuratus,nan
Trachyphonus vaillantii,nan
Trachyphonus erythrocephalus,nan
Trachyphonus margaritatus,nan
Trachyphonus darnaudii,nan
Cryptolybia olivacea,nan
Gymnobucco bonapartei,nan
Gymnobucco sladeni,nan
Gymnobucco peli,nan
Gymnobucco calvus,nan
Stactolaema leucotis,nan
Stactolaema whytii,nan
Stactolaema anchietae,nan
Pogoniulus scolopaceus,nan
Pogoniulus simplex,nan
Pogoniulus leucomystax,nan
Pogoniulus coryphaea,nan
Pogoniulus atroflavus,nan
Pogoniulus subsulphureus,nan
Pogoniulus bilineatus,nan
Pogoniulus uropygialis,nan
Pogoniulus pusillus,nan
Pogoniulus chrysoconus,nan
Buccanodon duchaillui,nan
Tricholaema hirsuta,nan
Tricholaema diademata,nan
Tricholaema frontata,nan
Tricholaema leucomelas,nan
Tricholaema lacrymosa,nan
Tricholaema melanocephala,nan
Lybius undatus,nan
Lybius vieilloti,nan
Lybius leucocephalus,nan
Lybius chaplini,nan
Lybius rubrifacies,nan
Lybius guifsobalito,nan
Lybius torquatus,nan
Pogonornis melanopterus,nan
Pogonornis minor,nan
Pogonornis bidentatus,nan
Pogonornis dubius,nan
Pogonornis rolleti,nan
Caloramphus hayii,nan
Caloramphus fuliginosus,nan
Psilopogon malabaricus,nan
Psilopogon rubricapillus,nan
Psilopogon haemacephalus,nan
Psilopogon cyanotis,nan
Psilopogon duvaucelii,nan
Psilopogon australis,nan
Psilopogon eximius,nan
Psilopogon pyrolophus,nan
Psilopogon virens,nan
Psilopogon lagrandieri,nan
Psilopogon rafflesii,nan
Psilopogon mystacophanos,nan
Psilopogon javensis,nan
Psilopogon pulcherrimus,nan
Psilopogon henricii,nan
Psilopogon armillaris,nan
Psilopogon faiostrictus,nan
Psilopogon lineatus,nan
Psilopogon zeylanicus,nan
Psilopogon viridis,nan
Psilopogon flavifrons,nan
Psilopogon franklinii,nan
Psilopogon auricularis,nan
Psilopogon monticola,nan
Psilopogon corvinus,nan
Psilopogon chrysopogon,nan
Psilopogon incognitus,nan
Psilopogon nuchalis,nan
Psilopogon faber,nan
Psilopogon asiaticus,nan
Psilopogon annamensis,nan
Psilopogon oorti,nan
Psilopogon chersonesus,nan
Capito aurovirens,nan
Capito dayi,nan
Capito maculicoronatus,nan
Capito squamatus,nan
Capito hypoleucus,nan
Capito wallacei,nan
Capito fitzpatricki,nan
Capito quinticolor,nan
Capito brunneipectus,nan
Capito niger,nan
Capito auratus,nan
Eubucco richardsoni,nan
Eubucco tucinkae,nan
Eubucco bourcierii,nan
Eubucco versicolor,nan
Semnornis frantzii,nan
Semnornis ramphastinus,nan
Aulacorhynchus prasinus,nan
Aulacorhynchus albivitta,nan
Aulacorhynchus sulcatus,nan
Aulacorhynchus derbianus,nan
Aulacorhynchus whitelianus,nan
Aulacorhynchus haematopygus,nan
Aulacorhynchus huallagae,nan
Aulacorhynchus coeruleicinctis,nan
Andigena hypoglauca,nan
Andigena laminirostris,nan
Andigena cucullata,nan
Andigena nigrirostris,nan
Pteroglossus bailloni,nan
Pteroglossus viridis,nan
Pteroglossus inscriptus,nan
Pteroglossus torquatus,nan
Pteroglossus erythropygius,nan
Pteroglossus frantzii,nan
Pteroglossus aracari,nan
Pteroglossus castanotis,nan
Pteroglossus pluricinctus,nan
Pteroglossus azara,nan
Pteroglossus beauharnaisii,nan
Pteroglossus bitorquatus,nan
Selenidera spectabilis,nan
Selenidera piperivora,nan
Selenidera reinwardtii,nan
Selenidera nattereri,nan
Selenidera gouldii,nan
Selenidera maculirostris,nan
Ramphastos toco,nan
Ramphastos ambiguus,nan
Ramphastos tucanus,nan
Ramphastos sulfuratus,nan
Ramphastos brevis,nan
Ramphastos vitellinus,nan
Ramphastos dicolorus,nan
Prodotiscus insignis,nan
Prodotiscus zambesiae,nan
Prodotiscus regulus,nan
Melignomon zenkeri,nan
Melignomon eisentrauti,nan
Indicator pumilio,nan
Indicator willcocksi,nan
Indicator meliphilus,nan
Indicator exilis,nan
Indicator minor,nan
Indicator maculatus,nan
Indicator variegatus,nan
Indicator xanthonotus,nan
Indicator archipelagicus,nan
Indicator indicator,nan
Melichneutes robustus,nan
Jynx torquilla,nan
Jynx ruficollis,nan
Picumnus innominatus,nan
Picumnus aurifrons,nan
Picumnus pumilus,nan
Picumnus lafresnayi,nan
Picumnus exilis,nan
Picumnus sclateri,nan
Picumnus squamulatus,nan
Picumnus spilogaster,nan
Picumnus minutissimus,nan
Picumnus pygmaeus,nan
Picumnus steindachneri,nan
Picumnus varzeae,nan
Picumnus cirratus,nan
Picumnus dorbignyanus,nan
Picumnus temminckii,nan
Picumnus albosquamatus,nan
Picumnus fuscus,nan
Picumnus rufiventris,nan
Picumnus limae,nan
Picumnus nebulosus,nan
Picumnus castelnau,nan
Picumnus subtilis,nan
Picumnus olivaceus,nan
Picumnus granadensis,nan
Picumnus cinnamomeus,nan
Verreauxia africana,nan
Sasia abnormis,nan
Sasia ochracea,nan
Nesoctites micromegas,nan
Hemicircus concretus,nan
Hemicircus canente,nan
Sphyrapicus thyroideus,nan
Sphyrapicus varius,meeew (whiny; nasal)
Sphyrapicus nuchalis,nan
Sphyrapicus ruber,nan
Xiphidiopicus percussus,nan
Melanerpes candidus,nan
Melanerpes lewis,nan
Melanerpes herminieri,nan
Melanerpes portoricensis,nan
Melanerpes erythrocephalus,squeer; squeer (raspy)
Melanerpes formicivorus,nan
Melanerpes chrysauchen,nan
Melanerpes cruentatus,nan
Melanerpes flavifrons,nan
Melanerpes pulcher,nan
Melanerpes pucherani,nan
Melanerpes cactorum,nan
Melanerpes striatus,nan
Melanerpes radiolatus,nan
Melanerpes chrysogenys,nan
Melanerpes hypopolius,nan
Melanerpes pygmaeus,nan
Melanerpes rubricapillus,nan
Melanerpes uropygialis,nan
Melanerpes hoffmannii,nan
Melanerpes aurifrons,nan
Melanerpes carolinus,churrr; churrr (throaty; deeply trilled)
Melanerpes superciliaris,nan
Picoides tridactylus,nan
Picoides dorsalis,nan
Picoides arcticus,nan
Yungipicus temminckii,nan
Yungipicus maculatus,nan
Yungipicus ramsayi,nan
Yungipicus nanus,nan
Yungipicus moluccensis,nan
Yungipicus canicapillus,nan
Yungipicus kizuki,nan
Leiopicus mahrattensis,nan
Dendrocoptes medius,nan
Dendrocoptes auriceps,nan
Dendrocoptes dorae,nan
Chloropicus pyrrhogaster,nan
Chloropicus xantholophus,nan
Chloropicus namaquus,nan
Dendropicos abyssinicus,nan
Dendropicos lugubris,nan
Dendropicos gabonensis,nan
Dendropicos elliotii,nan
Dendropicos elachus,nan
Dendropicos poecilolaemus,nan
Dendropicos fuscescens,nan
Dendropicos stierlingi,nan
Dendropicos obsoletus,nan
Dendropicos goertae,nan
Dendropicos spodocephalus,nan
Dendropicos griseocephalus,nan
Dendrocopos hyperythrus,nan
Dendrocopos macei,nan
Dendrocopos analis,nan
Dendrocopos atratus,nan
Dendrocopos noguchii,nan
Dendrocopos leucotos,nan
Dendrocopos darjellensis,nan
Dendrocopos major,nan
Dendrocopos leucopterus,nan
Dendrocopos himalayensis,nan
Dendrocopos syriacus,nan
Dendrocopos assimilis,nan
Dryobates minor,nan
Dryobates cathpharius,nan
Dryobates pernyii,nan
Dryobates pubescens,peeek (sharply) whinny
Dryobates nuttallii,nan
Dryobates scalaris,nan
Leuconotopicus borealis,nan
Leuconotopicus villosus,pik (flat) whinny
Leuconotopicus albolarvatus,nan
Leuconotopicus fumigatus,nan
Leuconotopicus stricklandi,nan
Leuconotopicus arizonae,nan
Veniliornis kirkii,nan
Veniliornis cassini,nan
Veniliornis spilogaster,nan
Veniliornis mixtus,nan
Veniliornis lignarius,nan
Veniliornis sanguineus,nan
Veniliornis passerinus,nan
Veniliornis frontalis,nan
Veniliornis callonotus,nan
Veniliornis dignus,nan
Veniliornis nigriceps,nan
Veniliornis affinis,nan
Veniliornis chocoensis,nan
Veniliornis maculifrons,nan
Blythipicus rubiginosus,nan
Blythipicus pyrrhotis,nan
Chrysocolaptes validus,nan
Chrysocolaptes guttacristatus,nan
Chrysocolaptes socialis,nan
Chrysocolaptes strictus,nan
Chrysocolaptes haematribon,nan
Chrysocolaptes xanthocephalus,nan
Chrysocolaptes lucidus,nan
Chrysocolaptes erythrocephalus,nan
Chrysocolaptes stricklandi,nan
Chrysocolaptes festivus,nan
Campephilus pollens,nan
Campephilus haematogaster,nan
Campephilus rubricollis,nan
Campephilus robustus,nan
Campephilus melanoleucos,nan
Campephilus guatemalensis,nan
Campephilus gayaquilensis,nan
Campephilus leucopogon,nan
Campephilus magellanicus,nan
Campephilus principalis,nan
Campephilus imperialis,nan
Micropternus brachyurus,nan
Meiglyptes tukki,nan
Meiglyptes grammithorax,nan
Meiglyptes tristis,nan
Meiglyptes jugularis,nan
Gecinulus grantia,nan
Gecinulus viridis,nan
Gecinulus rafflesii,nan
Dinopium shorii,nan
Dinopium javanense,nan
Dinopium everetti,nan
Dinopium benghalense,nan
Dinopium psarodes,nan
Picus chlorolophus,nan
Picus puniceus,nan
Picus xanthopygaeus,nan
Picus squamatus,nan
Picus rabieri,nan
Picus viridanus,nan
Picus vittatus,nan
Picus awokera,nan
Picus canus,nan
Picus erythropygius,nan
Picus vaillantii,nan
Picus viridis,nan
Picus sharpei,nan
Chrysophlegma miniaceum,nan
Chrysophlegma flavinucha,nan
Chrysophlegma mentale,nan
Geocolaptes olivaceus,nan
Pardipicus caroli,nan
Pardipicus nivosus,nan
Campethera tullbergi,nan
Campethera taeniolaema,nan
Campethera maculosa,nan
Campethera nubica,nan
Campethera punctuligera,nan
Campethera bennettii,nan
Campethera scriptoricauda,nan
Campethera notata,nan
Campethera abingoni,nan
Campethera mombassica,nan
Mulleripicus fulvus,nan
Mulleripicus funebris,nan
Mulleripicus fuliginosus,nan
Mulleripicus pulverulentus,nan
Dryocopus lineatus,nan
Dryocopus pileatus,kik-kik-kik-kik-kik (rate & pitch rise then fall)
Dryocopus schulzii,nan
Dryocopus javensis,nan
Dryocopus hodgei,nan
Dryocopus martius,nan
Celeus loricatus,nan
Celeus torquatus,nan
Celeus galeatus,nan
Celeus castaneus,nan
Celeus undatus,nan
Celeus flavus,nan
Celeus spectabilis,nan
Celeus obrieni,nan
Celeus ochraceus,nan
Celeus elegans,nan
Celeus lugubris,nan
Celeus flavescens,nan
Piculus simplex,nan
Piculus callopterus,nan
Piculus leucolaemus,nan
Piculus litae,nan
Piculus flavigula,nan
Piculus chrysochloros,nan
Piculus aurulentus,nan
Colaptes rubiginosus,nan
Colaptes auricularis,nan
Colaptes rivolii,nan
Colaptes atricollis,nan
Colaptes punctigula,nan
Colaptes melanochloros,nan
Colaptes auratus,kleeeyer<br/>wik-wik-wik<br/>Northern Flicker (courting)<br/>squeechu-squeechu-squeechu
Colaptes mexicanoides,nan
Colaptes chrysoides,nan
Colaptes oceanicus,nan
Colaptes fernandinae,nan
Colaptes pitius,nan
Colaptes rupicola,nan
Colaptes campestris,nan
Cariama cristata,nan
Chunga burmeisteri,nan
Herpetotheres cachinnans,nan
Micrastur buckleyi,nan
Micrastur semitorquatus,nan
Micrastur mirandollei,nan
Micrastur ruficollis,nan
Micrastur mintoni,nan
Micrastur plumbeus,nan
Micrastur gilvicollis,nan
Spiziapteryx circumcincta,nan
Caracara lutosa,nan
Caracara plancus,nan
Ibycter americanus,nan
Daptrius chimachima,nan
Daptrius ater,nan
Daptrius chimango,nan
Daptrius carunculatus,nan
Daptrius megalopterus,nan
Daptrius albogularis,nan
Daptrius australis,nan
Polihierax semitorquatus,nan
Microhierax erythrogenys,nan
Microhierax melanoleucos,nan
Microhierax caerulescens,nan
Microhierax fringillarius,nan
Microhierax latifrons,nan
Neohierax insignis,nan
Falco naumanni,nan
Falco tinnunculus,nan
Falco rupicolus,nan
Falco newtoni,nan
Falco punctatus,nan
Falco araeus,nan
Falco duboisi,nan
Falco moluccensis,nan
Falco cenchroides,nan
Falco rupicoloides,nan
Falco sparverius,klee; klee; klee
Falco alopex,nan
Falco ardosiaceus,nan
Falco dickinsoni,nan
Falco zoniventris,nan
Falco chicquera,nan
Falco vespertinus,nan
Falco amurensis,nan
Falco eleonorae,nan
Falco concolor,nan
Falco columbarius,nan
Falco subbuteo,nan
Falco cuvierii,nan
Falco severus,nan
Falco longipennis,nan
Falco novaeseelandiae,nan
Falco berigora,nan
Falco hypoleucos,nan
Falco subniger,nan
Falco femoralis,nan
Falco rufigularis,nan
Falco deiroleucus,nan
Falco biarmicus,nan
Falco jugger,nan
Falco cherrug,nan
Falco rusticolus,nan
Falco peregrinus,nan
Falco mexicanus,nan
Falco fasciinucha,nan
Nestor notabilis,nan
Nestor productus,nan
Nestor meridionalis,nan
Strigops habroptilus,nan
Zanda funerea,nan
Zanda latirostris,nan
Zanda baudinii,nan
Calyptorhynchus banksii,nan
Calyptorhynchus lathami,nan
Nymphicus hollandicus,nan
Probosciger aterrimus,nan
Callocephalon fimbriatum,nan
Eolophus roseicapilla,nan
Cacatua leadbeateri,nan
Cacatua haematuropygia,nan
Cacatua goffiniana,nan
Cacatua ducorpsii,nan
Cacatua pastinator,nan
Cacatua sanguinea,nan
Cacatua tenuirostris,nan
Cacatua alba,nan
Cacatua ophthalmica,nan
Cacatua moluccensis,nan
Cacatua sulphurea,nan
Cacatua citrinocristata,nan
Cacatua galerita,nan
Psittrichas fulgidus,nan
Coracopsis vasa,nan
Coracopsis nigra,nan
Coracopsis sibilans,nan
Coracopsis barklyi,nan
Micropsitta keiensis,nan
Micropsitta geelvinkiana,nan
Micropsitta pusio,nan
Micropsitta bruijnii,nan
Micropsitta meeki,nan
Micropsitta finschii,nan
Polytelis swainsonii,nan
Polytelis anthopeplus,nan
Polytelis alexandrae,nan
Alisterus scapularis,nan
Alisterus amboinensis,nan
Alisterus chloropterus,nan
Aprosmictus jonquillaceus,nan
Aprosmictus erythropterus,nan
Prioniturus mada,nan
Prioniturus platurus,nan
Prioniturus waterstradti,nan
Prioniturus montanus,nan
Prioniturus platenae,nan
Prioniturus mindorensis,nan
Prioniturus verticalis,nan
Prioniturus flavicans,nan
Prioniturus luconensis,nan
Prioniturus discurus,nan
Eclectus roratus,nan
Eclectus cornelia,nan
Eclectus riedeli,nan
Eclectus polychloros,nan
Eclectus infectus,nan
Geoffroyus geoffroyi,nan
Geoffroyus simplex,nan
Geoffroyus heteroclitus,nan
Psittinus cyanurus,nan
Psittinus abbotti,nan
Mascarinus mascarinus,nan
Psittacula eupatria,nan
Psittacula wardi,nan
Psittacula krameri,nan
Psittacula eques,nan
Psittacula himalayana,nan
Psittacula finschii,nan
Psittacula cyanocephala,nan
Psittacula roseata,nan
Psittacula columboides,nan
Psittacula calthrapae,nan
Psittacula derbiana,nan
Psittacula alexandri,nan
Psittacula caniceps,nan
Psittacula exsul,nan
Psittacula longicauda,nan
Psittacula bensoni,nan
Lophopsittacus mauritianus,nan
Necropsittacus rodricanus,nan
Psittacella picta,nan
Psittacella brehmii,nan
Psittacella modesta,nan
Psittacella madaraszi,nan
Tanygnathus gramineus,nan
Tanygnathus megalorynchos,nan
Tanygnathus lucionensis,nan
Tanygnathus everetti,nan
Tanygnathus sumatranus,nan
Pezoporus wallicus,nan
Pezoporus occidentalis,nan
Neopsephotus bourkii,nan
Neophema chrysostoma,nan
Neophema elegans,nan
Neophema petrophila,nan
Neophema chrysogaster,nan
Neophema pulchella,nan
Neophema splendida,nan
Lathamus discolor,nan
Prosopeia splendens,nan
Prosopeia tabuensis,nan
Prosopeia personata,nan
Eunymphicus cornutus,nan
Eunymphicus uvaeensis,nan
Cyanoramphus ulietanus,nan
Cyanoramphus zealandicus,nan
Cyanoramphus unicolor,nan
Cyanoramphus novaezelandiae,nan
Cyanoramphus hochstetteri,nan
Cyanoramphus saisseti,nan
Cyanoramphus cookii,nan
Cyanoramphus auriceps,nan
Cyanoramphus forbesi,nan
Cyanoramphus malherbi,nan
Barnardius zonarius,nan
Platycercus caledonicus,nan
Platycercus elegans,nan
Platycercus venustus,nan
Platycercus eximius,nan
Platycercus adscitus,nan
Platycercus icterotis,nan
Northiella haematogaster,nan
Northiella narethae,nan
Psephotus haematonotus,nan
Psephotellus varius,nan
Psephotellus dissimilis,nan
Psephotellus chrysopterygius,nan
Psephotellus pulcherrimus,nan
Purpureicephalus spurius,nan
Nannopsittacus melanogenia,nan
Nannopsittacus gulielmitertii,nan
Nannopsittacus nigrifrons,nan
Cyclopsitta diophthalma,nan
Cyclopsitta desmarestii,nan
Cyclopsitta edwardsii,nan
Cyclopsitta salvadorii,nan
Bolbopsittacus lunulatus,nan
Melopsittacus undulatus,nan
Oreopsittacus arfaki,nan
Charminetta wilhelminae,nan
Hypocharmosyna rubronotata,nan
Hypocharmosyna placentis,nan
Charmosynopsis toxopei,nan
Charmosynopsis pulchella,nan
Charmosyna multistriata,nan
Charmosyna josefinae,nan
Charmosyna papou,nan
Charmosyna stellae,nan
Vini margarethae,nan
Vini meeki,nan
Vini diadema,nan
Vini rubrigularis,nan
Vini palmarum,nan
Vini amabilis,nan
Vini solitaria,nan
Vini australis,nan
Vini ultramarina,nan
Vini stepheni,nan
Vini kuhlii,nan
Vini peruviana,nan
Neopsittacus musschenbroekii,nan
Neopsittacus pullicauda,nan
Lorius albidinucha,nan
Lorius chlorocercus,nan
Lorius garrulus,nan
Lorius domicella,nan
Lorius hypoinochrous,nan
Lorius lory,nan
Psitteuteles versicolor,nan
Psitteuteles pusillus,nan
Psitteuteles porphyrocephalus,nan
Chalcopsitta fuscata,nan
Chalcopsitta cardinalis,nan
Chalcopsitta duivenbodei,nan
Chalcopsitta atra,nan
Chalcopsitta scintillata,nan
Glossoptilus goldiei,nan
Trichoglossus concinnus,nan
Trichoglossus johnstoniae,nan
Trichoglossus iris,nan
Trichoglossus ornatus,nan
Trichoglossus meyeri,nan
Trichoglossus flavoviridis,nan
Trichoglossus reticulatus,nan
Trichoglossus semilarvatus,nan
Trichoglossus borneus,nan
Trichoglossus cyanogenius,nan
Trichoglossus histrio,nan
Trichoglossus squamatus,nan
Trichoglossus rubiginosus,nan
Trichoglossus chlorolepidotus,nan
Trichoglossus haematodus,nan
Trichoglossus rosenbergii,nan
Trichoglossus moluccanus,nan
Trichoglossus rubritorquis,nan
Trichoglossus euteles,nan
Trichoglossus capistratus,nan
Trichoglossus weberi,nan
Trichoglossus forsteni,nan
Loriculus vernalis,nan
Loriculus beryllinus,nan
Loriculus philippensis,nan
Loriculus camiguinensis,nan
Loriculus bonapartei,nan
Loriculus galgulus,nan
Loriculus stigmatus,nan
Loriculus sclateri,nan
Loriculus amabilis,nan
Loriculus catamene,nan
Loriculus aurantiifrons,nan
Loriculus tener,nan
Loriculus exilis,nan
Loriculus pusillus,nan
Loriculus flosculus,nan
Agapornis swindernianus,nan
Agapornis canus,nan
Agapornis pullarius,nan
Agapornis taranta,nan
Agapornis roseicollis,nan
Agapornis fischeri,nan
Agapornis personatus,nan
Agapornis lilianae,nan
Agapornis nigrigenis,nan
Psittacus timneh,nan
Psittacus erithacus,nan
Poicephalus fuscicollis,nan
Poicephalus robustus,nan
Poicephalus gulielmi,nan
Poicephalus meyeri,nan
Poicephalus rueppellii,nan
Poicephalus cryptoxanthus,nan
Poicephalus crassus,nan
Poicephalus rufiventris,nan
Poicephalus senegalus,nan
Poicephalus flavifrons,nan
Touit batavicus,nan
Touit huetii,nan
Touit costaricensis,nan
Touit dilectissimus,nan
Touit purpuratus,nan
Touit melanonotus,nan
Touit surdus,nan
Touit stictopterus,nan
Psilopsiagon aymara,nan
Psilopsiagon aurifrons,nan
Bolborhynchus lineola,nan
Bolborhynchus ferrugineifrons,nan
Bolborhynchus orbygnesius,nan
Nannopsittaca panychlora,nan
Nannopsittaca dachilleae,nan
Myiopsitta monachus,nan
Myiopsitta luchsi,nan
Brotogeris sanctithomae,nan
Brotogeris tirica,nan
Brotogeris versicolurus,nan
Brotogeris chiriri,nan
Brotogeris pyrrhoptera,nan
Brotogeris jugularis,nan
Brotogeris cyanoptera,nan
Brotogeris chrysoptera,nan
Pionopsitta pileata,nan
Triclaria malachitacea,nan
Hapalopsittaca amazonina,nan
Hapalopsittaca fuertesi,nan
Hapalopsittaca pyrrhops,nan
Hapalopsittaca melanotis,nan
Pyrilia haematotis,nan
Pyrilia pulchra,nan
Pyrilia pyrilia,nan
Pyrilia barrabandi,nan
Pyrilia caica,nan
Pyrilia aurantiocephala,nan
Pyrilia vulturina,nan
Pionus fuscus,nan
Pionus sordidus,nan
Pionus maximiliani,nan
Pionus tumultuosus,nan
Pionus menstruus,nan
Pionus senilis,nan
Pionus chalcopterus,nan
Graydidascalus brachyurus,nan
Alipiopsitta xanthops,nan
Amazona festiva,nan
Amazona vinacea,nan
Amazona tucumana,nan
Amazona pretrei,nan
Amazona viridigenalis,nan
Amazona finschi,nan
Amazona autumnalis,nan
Amazona lilacina,nan
Amazona diadema,nan
Amazona dufresniana,nan
Amazona rhodocorytha,nan
Amazona arausiaca,nan
Amazona martinicana,nan
Amazona versicolor,nan
Amazona auropalliata,nan
Amazona oratrix,nan
Amazona ochrocephala,nan
Amazona barbadensis,nan
Amazona aestiva,nan
Amazona agilis,nan
Amazona albifrons,nan
Amazona xantholora,nan
Amazona collaria,nan
Amazona leucocephala,nan
Amazona ventralis,nan
Amazona vittata,nan
Amazona farinosa,nan
Amazona kawalli,nan
Amazona imperialis,nan
Amazona violacea,nan
Amazona brasiliensis,nan
Amazona guildingii,nan
Amazona amazonica,nan
Amazona mercenarius,nan
Forpus modestus,nan
Forpus cyanopygius,nan
Forpus spengeli,nan
Forpus crassirostris,nan
Forpus xanthopterygius,nan
Forpus passerinus,nan
Forpus conspicillatus,nan
Forpus coelestis,nan
Forpus xanthops,nan
Pionites melanocephalus,nan
Pionites leucogaster,nan
Deroptyus accipitrinus,nan
Pyrrhura cruentata,nan
Pyrrhura devillei,nan
Pyrrhura frontalis,nan
Pyrrhura lepida,nan
Pyrrhura perlata,nan
Pyrrhura molinae,nan
Pyrrhura pfrimeri,nan
Pyrrhura griseipectus,nan
Pyrrhura leucotis,nan
Pyrrhura subandina,nan
Pyrrhura caeruleiceps,nan
Pyrrhura emma,nan
Pyrrhura picta,nan
Pyrrhura amazonum,nan
Pyrrhura lucianii,nan
Pyrrhura roseifrons,nan
Pyrrhura viridicata,nan
Pyrrhura egregia,nan
Pyrrhura melanura,nan
Pyrrhura orcesi,nan
Pyrrhura rupicola,nan
Pyrrhura albipectus,nan
Pyrrhura calliptera,nan
Pyrrhura hoematotis,nan
Pyrrhura rhodocephala,nan
Pyrrhura hoffmanni,nan
Enicognathus ferrugineus,nan
Enicognathus leptorhynchus,nan
Cyanoliseus patagonus,nan
Anodorhynchus hyacinthinus,nan
Anodorhynchus glaucus,nan
Anodorhynchus leari,nan
Rhynchopsitta pachyrhyncha,nan
Rhynchopsitta terrisi,nan
Eupsittula nana,nan
Eupsittula canicularis,nan
Eupsittula aurea,nan
Eupsittula pertinax,nan
Eupsittula cactorum,nan
Conuropsis carolinensis,nan
Aratinga weddellii,nan
Aratinga nenday,nan
Aratinga solstitialis,nan
Aratinga maculata,nan
Aratinga jandaya,nan
Aratinga auricapillus,nan
Cyanopsitta spixii,nan
Orthopsittaca manilatus,nan
Primolius maracana,nan
Primolius couloni,nan
Primolius auricollis,nan
Ara ararauna,nan
Ara glaucogularis,nan
Ara severus,nan
Ara tricolor,nan
Ara rubrogenys,nan
Ara militaris,nan
Ara ambiguus,nan
Ara macao,nan
Ara chloropterus,nan
Leptosittaca branickii,nan
Ognorhynchus icterotis,nan
Guaruba guarouba,nan
Thectocercus acuticaudatus,nan
Diopsittaca nobilis,nan
Psittacara holochlorus,nan
Psittacara brevipes,nan
Psittacara strenuus,nan
Psittacara finschi,nan
Psittacara wagleri,nan
Psittacara frontatus,nan
Psittacara mitratus,nan
Psittacara erythrogenys,nan
Psittacara leucophthalmus,nan
Psittacara euops,nan
Psittacara chloropterus,nan
Psittacara maugei,nan
Psittacara labati,nan
Traversia lyalli,nan
Acanthisitta chloris,nan
Xenicus longipes,nan
Xenicus gilviventris,nan
Smithornis capensis,nan
Smithornis sharpei,nan
Smithornis rufolateralis,nan
Calyptomena viridis,nan
Calyptomena hosii,nan
Calyptomena whiteheadi,nan
Pseudocalyptomena graueri,nan
Psarisomus dalhousiae,nan
Corydon sumatranus,nan
Sarcophanops samarensis,nan
Sarcophanops steerii,nan
Serilophus lunatus,nan
Serilophus rubropygius,nan
Cymbirhynchus macrorhynchos,nan
Eurylaimus javanicus,nan
Eurylaimus ochromalus,nan
Sapayoa aenigma,nan
Philepitta castanea,nan
Philepitta schlegeli,nan
Neodrepanis coruscans,nan
Neodrepanis hypoxantha,nan
Erythropitta kochi,nan
Erythropitta erythrogaster,nan
Erythropitta dohertyi,nan
Erythropitta celebensis,nan
Erythropitta rufiventris,nan
Erythropitta rubrinucha,nan
Erythropitta macklotii,nan
Erythropitta novaehibernicae,nan
Erythropitta meeki,nan
Erythropitta venusta,nan
Erythropitta ussheri,nan
Erythropitta arquata,nan
Erythropitta granatina,nan
Hydrornis phayrei,nan
Hydrornis oatesi,nan
Hydrornis nipalensis,nan
Hydrornis soror,nan
Hydrornis caeruleus,nan
Hydrornis schneideri,nan
Hydrornis irena,nan
Hydrornis guajanus,nan
Hydrornis schwaneri,nan
Hydrornis baudii,nan
Hydrornis cyaneus,nan
Hydrornis elliotii,nan
Hydrornis gurneyi,nan
Pitta angolensis,nan
Pitta reichenowi,nan
Pitta brachyura,nan
Pitta moluccensis,nan
Pitta nympha,nan
Pitta abbotti,nan
Pitta sordida,nan
Pitta forsteni,nan
Pitta novaeguineae,nan
Pitta rosenbergii,nan
Pitta steerii,nan
Pitta versicolor,nan
Pitta maxima,nan
Pitta concinna,nan
Pitta elegans,nan
Pitta vigorsii,nan
Pitta anerythra,nan
Pitta megarhyncha,nan
Pitta superba,nan
Pitta iris,nan
Euchrepomis callinota,nan
Euchrepomis humeralis,nan
Euchrepomis sharpei,nan
Euchrepomis spodioptila,nan
Cymbilaimus lineatus,nan
Cymbilaimus sanctaemariae,nan
Hypoedaleus guttatus,nan
Batara cinerea,nan
Mackenziaena leachii,nan
Mackenziaena severa,nan
Frederickena viridis,nan
Frederickena unduliger,nan
Frederickena fulva,nan
Taraba major,nan
Sakesphorus canadensis,nan
Sakesphorus luctuosus,nan
Sakesphoroides cristatus,nan
Radinopsyche sellowi,nan
Biatas nigropectus,nan
Thamnophilus doliatus,nan
Thamnophilus ruficapillus,nan
Thamnophilus torquatus,nan
Thamnophilus zarumae,nan
Thamnophilus multistriatus,nan
Thamnophilus tenuepunctatus,nan
Thamnophilus palliatus,nan
Thamnophilus bernardi,nan
Thamnophilus shumbae,nan
Thamnophilus atrinucha,nan
Thamnophilus bridgesi,nan
Thamnophilus schistaceus,nan
Thamnophilus murinus,nan
Thamnophilus nigriceps,nan
Thamnophilus praecox,nan
Thamnophilus cryptoleucus,nan
Thamnophilus nigrocinereus,nan
Thamnophilus punctatus,nan
Thamnophilus stictocephalus,nan
Thamnophilus sticturus,nan
Thamnophilus pelzelni,nan
Thamnophilus ambiguus,nan
Thamnophilus caerulescens,nan
Thamnophilus unicolor,nan
Thamnophilus aethiops,nan
Thamnophilus aroyae,nan
Thamnophilus melanonotus,nan
Thamnophilus melanothorax,nan
Thamnophilus amazonicus,nan
Thamnophilus insignis,nan
Thamnophilus divisorius,nan
Rhopias gularis,nan
Megastictus margaritatus,nan
Neoctantes niger,nan
Clytoctantes alixii,nan
Clytoctantes atrogularis,nan
Thamnistes anabatinus,nan
Thamnistes rufescens,nan
Dysithamnus stictothorax,nan
Dysithamnus mentalis,nan
Dysithamnus striaticeps,nan
Dysithamnus puncticeps,nan
Dysithamnus xanthopterus,nan
Dysithamnus occidentalis,nan
Dysithamnus plumbeus,nan
Dysithamnus leucostictus,nan
Thamnomanes ardesiacus,nan
Thamnomanes saturninus,nan
Thamnomanes caesius,nan
Thamnomanes schistogynus,nan
Xenornis setifrons,nan
Isleria hauxwelli,nan
Isleria guttata,nan
Pygiptila stellaris,nan
Epinecrophylla fulviventris,nan
Epinecrophylla gutturalis,nan
Epinecrophylla leucophthalma,nan
Epinecrophylla haematonota,nan
Epinecrophylla amazonica,nan
Epinecrophylla spodionota,nan
Epinecrophylla ornata,nan
Epinecrophylla erythrura,nan
Myrmotherula brachyura,nan
Myrmotherula ignota,nan
Myrmotherula ambigua,nan
Myrmotherula sclateri,nan
Myrmotherula surinamensis,nan
Myrmotherula multostriata,nan
Myrmotherula pacifica,nan
Myrmotherula cherriei,nan
Myrmotherula klagesi,nan
Myrmotherula longicauda,nan
Myrmotherula axillaris,nan
Myrmotherula schisticolor,nan
Myrmotherula sunensis,nan
Myrmotherula minor,nan
Myrmotherula longipennis,nan
Myrmotherula urosticta,nan
Myrmotherula iheringi,nan
Myrmotherula fluminensis,nan
Myrmotherula grisea,nan
Myrmotherula unicolor,nan
Myrmotherula snowi,nan
Myrmotherula behni,nan
Myrmotherula menetriesii,nan
Myrmotherula assimilis,nan
Dichrozona cincta,nan
Myrmorchilus strigilatus,nan
Herpsilochmus pileatus,nan
Herpsilochmus atricapillus,nan
Herpsilochmus praedictus,nan
Herpsilochmus stotzi,nan
Herpsilochmus motacilloides,nan
Herpsilochmus parkeri,nan
Herpsilochmus sticturus,nan
Herpsilochmus dugandi,nan
Herpsilochmus stictocephalus,nan
Herpsilochmus gentryi,nan
Herpsilochmus dorsimaculatus,nan
Herpsilochmus roraimae,nan
Herpsilochmus pectoralis,nan
Herpsilochmus longirostris,nan
Herpsilochmus axillaris,nan
Herpsilochmus frater,nan
Herpsilochmus rufimarginatus,nan
Microrhopias quixensis,nan
Formicivora iheringi,nan
Formicivora erythronotos,nan
Formicivora intermedia,nan
Formicivora grisea,nan
Formicivora serrana,nan
Formicivora melanogaster,nan
Formicivora rufa,nan
Formicivora grantsaui,nan
Formicivora acutirostris,nan
Drymophila ferruginea,nan
Drymophila rubricollis,nan
Drymophila genei,nan
Drymophila ochropyga,nan
Drymophila malura,nan
Drymophila squamata,nan
Drymophila devillei,nan
Drymophila caudata,nan
Drymophila klagesi,nan
Drymophila hellmayri,nan
Drymophila striaticeps,nan
Hypocnemis cantator,nan
Hypocnemis flavescens,nan
Hypocnemis peruviana,nan
Hypocnemis subflava,nan
Hypocnemis ochrogyna,nan
Hypocnemis striata,nan
Hypocnemis rondoni,nan
Hypocnemis hypoxantha,nan
Terenura sicki,nan
Terenura maculata,nan
Cercomacroides laeta,nan
Cercomacroides parkeri,nan
Cercomacroides tyrannina,nan
Cercomacroides serva,nan
Cercomacroides nigrescens,nan
Cercomacroides fuscicauda,nan
Cercomacra manu,nan
Cercomacra cinerascens,nan
Cercomacra brasiliana,nan
Cercomacra melanaria,nan
Cercomacra ferdinandi,nan
Cercomacra nigricans,nan
Cercomacra carbonaria,nan
Pyriglena maura,nan
Pyriglena similis,nan
Pyriglena leuconota,nan
Pyriglena atra,nan
Pyriglena leucoptera,nan
Rhopornis ardesiacus,nan
Myrmoborus leucophrys,nan
Myrmoborus lugubris,nan
Myrmoborus myotherinus,nan
Myrmoborus melanurus,nan
Myrmoborus lophotes,nan
Hypocnemoides melanopogon,nan
Hypocnemoides maculicauda,nan
Myrmochanes hemileucus,nan
Gymnocichla nudiceps,nan
Sclateria naevia,nan
Percnostola rufifrons,nan
Percnostola arenarum,nan
Myrmelastes schistaceus,nan
Myrmelastes saturatus,nan
Myrmelastes hyperythrus,nan
Myrmelastes leucostigma,nan
Myrmelastes humaythae,nan
Myrmelastes brunneiceps,nan
Myrmelastes rufifacies,nan
Myrmelastes caurensis,nan
Myrmeciza longipes,nan
Poliocrania exsul,nan
Ampelornis griseiceps,nan
Sipia laemosticta,nan
Sipia palliata,nan
Sipia nigricauda,nan
Sipia berlepschi,nan
Sciaphylax hemimelaena,nan
Sciaphylax castanea,nan
Myrmoderus ferrugineus,nan
Myrmoderus eowilsoni,nan
Myrmoderus ruficauda,nan
Myrmoderus loricatus,nan
Myrmoderus squamosus,nan
Akletos melanoceps,nan
Akletos goeldii,nan
Hafferia fortis,nan
Hafferia zeledoni,nan
Hafferia immaculata,nan
Aprositornis disjuncta,nan
Myrmophylax atrothorax,nan
Ammonastes pelzelni,nan
Myrmornis torquata,nan
Pithys albifrons,nan
Pithys castaneus,nan
Gymnopithys bicolor,nan
Gymnopithys leucaspis,nan
Gymnopithys rufigula,nan
Oneillornis salvini,nan
Oneillornis lunulatus,nan
Rhegmatorhina gymnops,nan
Rhegmatorhina berlepschi,nan
Rhegmatorhina hoffmannsi,nan
Rhegmatorhina cristata,nan
Rhegmatorhina melanosticta,nan
Hylophylax naevioides,nan
Hylophylax naevius,nan
Hylophylax punctulatus,nan
Willisornis poecilinotus,nan
Willisornis vidua,nan
Phlegopsis nigromaculata,nan
Phlegopsis erythroptera,nan
Phlegopsis borbae,nan
Phaenostictus mcleannani,nan
Melanopareia torquata,nan
Melanopareia maximiliani,nan
Melanopareia maranonica,nan
Melanopareia elegans,nan
Pittasoma michleri,nan
Pittasoma rufopileatum,nan
Conopophaga melanogaster,nan
Conopophaga melanops,nan
Conopophaga aurita,nan
Conopophaga snethlageae,nan
Conopophaga peruviana,nan
Conopophaga cearae,nan
Conopophaga roberti,nan
Conopophaga lineata,nan
Conopophaga castaneiceps,nan
Conopophaga ardesiaca,nan
Grallaria squamigera,nan
Grallaria gigantea,nan
Grallaria excelsa,nan
Grallaria varia,nan
Grallaria alleni,nan
Grallaria guatimalensis,nan
Grallaria chthonia,nan
Grallaria haplonota,nan
Grallaria dignissima,nan
Grallaria eludens,nan
Grallaria ruficapilla,nan
Grallaria watkinsi,nan
Grallaria bangsi,nan
Grallaria kaestneri,nan
Grallaria andicolus,nan
Grallaria griseonucha,nan
Grallaria ridgelyi,nan
Grallaria nuchalis,nan
Grallaria carrikeri,nan
Grallaria albigula,nan
Grallaria flavotincta,nan
Grallaria hypoleuca,nan
Grallaria przewalskii,nan
Grallaria capitalis,nan
Grallaria erythroleuca,nan
Grallaria spatiator,nan
Grallaria saltuensis,nan
Grallaria rufocinerea,nan
Grallaria rufula,nan
Grallaria centralis,nan
Grallaria ayacuchensis,nan
Grallaria occabambae,nan
Grallaria sinaensis,nan
Grallaria cochabambae,nan
Grallaria alvarezi,nan
Grallaria saturata,nan
Grallaria cajamarcae,nan
Grallaria blakei,nan
Grallaria gravesi,nan
Grallaria oneilli,nan
Grallaria obscura,nan
Grallaria alticola,nan
Grallaria quitensis,nan
Grallaria atuensis,nan
Grallaria urraoensis,nan
Grallaria milleri,nan
Grallaria erythrotis,nan
Cryptopezus nattereri,nan
Hylopezus perspicillatus,nan
Hylopezus macularius,nan
Hylopezus paraensis,nan
Hylopezus whittakeri,nan
Hylopezus auricularis,nan
Hylopezus ochroleucus,nan
Myrmothera fulviventris,nan
Myrmothera berlepschi,nan
Myrmothera dives,nan
Myrmothera campanisona,nan
Myrmothera subcanescens,nan
Myrmothera simplex,nan
Grallaricula flavirostris,nan
Grallaricula loricata,nan
Grallaricula cucullata,nan
Grallaricula peruviana,nan
Grallaricula ochraceifrons,nan
Grallaricula ferrugineipectus,nan
Grallaricula leymebambae,nan
Grallaricula nana,nan
Grallaricula cumanensis,nan
Grallaricula lineifrons,nan
Pteroptochos castaneus,nan
Pteroptochos tarnii,nan
Pteroptochos megapodius,nan
Scelorchilus albicollis,nan
Scelorchilus rubecula,nan
Liosceles thoracicus,nan
Acropternis orthonyx,nan
Rhinocrypta lanceolata,nan
Teledromas fuscus,nan
Psilorhamphus guttatus,nan
Merulaxis ater,nan
Merulaxis stresemanni,nan
Eugralla paradoxa,nan
Myornis senilis,nan
Eleoscytalopus indigoticus,nan
Eleoscytalopus psychopompus,nan
Scytalopus iraiensis,nan
Scytalopus diamantinensis,nan
Scytalopus novacapitalis,nan
Scytalopus petrophilus,nan
Scytalopus pachecoi,nan
Scytalopus gonzagai,nan
Scytalopus speluncae,nan
Scytalopus fuscus,nan
Scytalopus magellanicus,nan
Scytalopus affinis,nan
Scytalopus krabbei,nan
Scytalopus androstictus,nan
Scytalopus opacus,nan
Scytalopus canus,nan
Scytalopus superciliaris,nan
Scytalopus zimmeri,nan
Scytalopus simonsi,nan
Scytalopus schulenbergi,nan
Scytalopus urubambae,nan
Scytalopus whitneyi,nan
Scytalopus frankeae,nan
Scytalopus altirostris,nan
Scytalopus parvirostris,nan
Scytalopus bolivianus,nan
Scytalopus atratus,nan
Scytalopus sanctaemartae,nan
Scytalopus micropterus,nan
Scytalopus femoralis,nan
Scytalopus intermedius,nan
Scytalopus macropus,nan
Scytalopus gettyae,nan
Scytalopus unicolor,nan
Scytalopus acutirostris,nan
Scytalopus latrans,nan
Scytalopus argentifrons,nan
Scytalopus vicinior,nan
Scytalopus panamensis,nan
Scytalopus chocoensis,nan
Scytalopus rodriguezi,nan
Scytalopus stilesi,nan
Scytalopus alvarezlopezi,nan
Scytalopus robbinsi,nan
Scytalopus caracae,nan
Scytalopus griseicollis,nan
Scytalopus latebricola,nan
Scytalopus perijanus,nan
Scytalopus meridanus,nan
Scytalopus parkeri,nan
Scytalopus spillmanni,nan
Formicarius colma,nan
Formicarius moniliger,nan
Formicarius analis,nan
Formicarius rufifrons,nan
Formicarius nigricapillus,nan
Formicarius destructus,nan
Formicarius rufipectus,nan
Chamaeza campanisona,nan
Chamaeza nobilis,nan
Chamaeza meruloides,nan
Chamaeza turdina,nan
Chamaeza ruficauda,nan
Chamaeza mollissima,nan
Sclerurus mexicanus,nan
Sclerurus obscurior,nan
Sclerurus rufigularis,nan
Sclerurus guatemalensis,nan
Sclerurus caudacutus,nan
Sclerurus albigularis,nan
Sclerurus scansor,nan
Geositta peruviana,nan
Geositta tenuirostris,nan
Geositta cunicularia,nan
Geositta punensis,nan
Geositta poeciloptera,nan
Geositta crassirostris,nan
Geositta rufipennis,nan
Geositta maritima,nan
Geositta antarctica,nan
Geositta saxicolina,nan
Geositta isabellina,nan
Certhiasomus stictolaemus,nan
Sittasomus griseicapillus,nan
Deconychura typica,nan
Deconychura longicauda,nan
Deconychura pallida,nan
Dendrocincla tyrannina,nan
Dendrocincla merula,nan
Dendrocincla homochroa,nan
Dendrocincla anabatina,nan
Dendrocincla fuliginosa,nan
Dendrocincla turdina,nan
Glyphorynchus spirurus,nan
Dendrexetastes rufigula,nan
Nasica longirostris,nan
Dendrocolaptes sanctithomae,nan
Dendrocolaptes certhia,nan
Dendrocolaptes picumnus,nan
Dendrocolaptes hoffmannsi,nan
Dendrocolaptes platyrostris,nan
Hylexetastes stresemanni,nan
Hylexetastes perrotii,nan
Hylexetastes uniformis,nan
Xiphocolaptes promeropirhynchus,nan
Xiphocolaptes falcirostris,nan
Xiphocolaptes albicollis,nan
Xiphocolaptes major,nan
Xiphorhynchus obsoletus,nan
Xiphorhynchus atlanticus,nan
Xiphorhynchus fuscus,nan
Xiphorhynchus pardalotus,nan
Xiphorhynchus ocellatus,nan
Xiphorhynchus elegans,nan
Xiphorhynchus spixii,nan
Xiphorhynchus susurrans,nan
Xiphorhynchus guttatus,nan
Xiphorhynchus flavigaster,nan
Xiphorhynchus lachrymosus,nan
Xiphorhynchus erythropygius,nan
Xiphorhynchus triangularis,nan
Dendroplex picus,nan
Dendroplex kienerii,nan
Campylorhamphus trochilirostris,nan
Campylorhamphus falcularius,nan
Campylorhamphus procurvoides,nan
Campylorhamphus probatus,nan
Campylorhamphus multostriatus,nan
Campylorhamphus pusillus,nan
Drymotoxeres pucheranii,nan
Drymornis bridgesii,nan
Lepidocolaptes souleyetii,nan
Lepidocolaptes angustirostris,nan
Lepidocolaptes leucogaster,nan
Lepidocolaptes affinis,nan
Lepidocolaptes lacrymiger,nan
Lepidocolaptes squamatus,nan
Lepidocolaptes falcinellus,nan
Lepidocolaptes duidae,nan
Lepidocolaptes albolineatus,nan
Lepidocolaptes fatimalimae,nan
Lepidocolaptes fuscicapillus,nan
Xenops tenuirostris,nan
Xenops mexicanus,nan
Xenops genibarbis,nan
Xenops minutus,nan
Xenops rutilans,nan
Berlepschia rikeri,nan
Microxenops milleri,nan
Pygarrhichas albogularis,nan
Ochetorhynchus andaecola,nan
Ochetorhynchus ruficaudus,nan
Ochetorhynchus phoenicurus,nan
Ochetorhynchus melanurus,nan
Pseudocolaptes lawrencii,nan
Pseudocolaptes johnsoni,nan
Pseudocolaptes boissonneautii,nan
Premnornis guttuliger,nan
Tarphonomus harterti,nan
Tarphonomus certhioides,nan
Furnarius figulus,nan
Furnarius cinnamomeus,nan
Furnarius longirostris,nan
Furnarius leucopus,nan
Furnarius torridus,nan
Furnarius minor,nan
Furnarius rufus,nan
Furnarius cristatus,nan
Lochmias nematura,nan
Phleocryptes melanops,nan
Limnornis curvirostris,nan
Geocerthia serrana,nan
Upucerthia saturatior,nan
Upucerthia dumetaria,nan
Upucerthia albigula,nan
Upucerthia validirostris,nan
Cinclodes pabsti,nan
Cinclodes fuscus,nan
Cinclodes antarcticus,nan
Cinclodes comechingonus,nan
Cinclodes albidiventris,nan
Cinclodes olrogi,nan
Cinclodes albiventris,nan
Cinclodes oustaleti,nan
Cinclodes excelsior,nan
Cinclodes aricomae,nan
Cinclodes palliatus,nan
Cinclodes atacamensis,nan
Cinclodes patagonicus,nan
Cinclodes taczanowskii,nan
Cinclodes nigrofumosus,nan
Anabazenops dorsalis,nan
Anabazenops fuscus,nan
Megaxenops parnaguae,nan
Cichlocolaptes leucophrus,nan
Cichlocolaptes mazarbarnetti,nan
Heliobletus contaminatus,nan
Neophilydor fuscipenne,nan
Neophilydor erythrocercum,nan
Philydor novaesi,nan
Philydor atricapillus,nan
Philydor pyrrhodes,nan
Anabacerthia variegaticeps,nan
Anabacerthia striaticollis,nan
Anabacerthia ruficaudata,nan
Anabacerthia amaurotis,nan
Anabacerthia lichtensteini,nan
Syndactyla guttulata,nan
Syndactyla subalaris,nan
Syndactyla rufosuperciliata,nan
Syndactyla ruficollis,nan
Syndactyla dimidiata,nan
Syndactyla roraimae,nan
Syndactyla ucayalae,nan
Syndactyla striata,nan
Ancistrops strigilatus,nan
Dendroma rufa,nan
Dendroma erythroptera,nan
Clibanornis rectirostris,nan
Clibanornis dendrocolaptoides,nan
Clibanornis erythrocephalus,nan
Clibanornis rubiginosus,nan
Clibanornis rufipectus,nan
Thripadectes ignobilis,nan
Thripadectes flammulatus,nan
Thripadectes scrutator,nan
Thripadectes holostictus,nan
Thripadectes virgaticeps,nan
Thripadectes rufobrunneus,nan
Thripadectes melanorhynchus,nan
Automolus rufipileatus,nan
Automolus melanopezus,nan
Automolus cervinigularis,nan
Automolus exsertus,nan
Automolus ochrolaemus,nan
Automolus virgatus,nan
Automolus subulatus,nan
Automolus infuscatus,nan
Automolus paraensis,nan
Automolus lammi,nan
Automolus leucophthalmus,nan
Premnoplex brunnescens,nan
Premnoplex tatei,nan
Margarornis bellulus,nan
Margarornis rubiginosus,nan
Margarornis stellatus,nan
Margarornis squamiger,nan
Aphrastura spinicauda,nan
Aphrastura masafuerae,nan
Sylviorthorhynchus desmursii,nan
Sylviorthorhynchus yanacensis,nan
Leptasthenura fuliginiceps,nan
Leptasthenura platensis,nan
Leptasthenura aegithaloides,nan
Leptasthenura striolata,nan
Leptasthenura pileata,nan
Leptasthenura xenothorax,nan
Leptasthenura striata,nan
Leptasthenura andicola,nan
Leptasthenura setaria,nan
Phacellodomus inornatus,nan
Phacellodomus rufifrons,nan
Phacellodomus striaticeps,nan
Phacellodomus sibilatrix,nan
Phacellodomus dorsalis,nan
Phacellodomus maculipectus,nan
Phacellodomus striaticollis,nan
Phacellodomus ruber,nan
Phacellodomus erythrophthalmus,nan
Phacellodomus ferrugineigula,nan
Hellmayrea gularis,nan
Anumbius annumbi,nan
Coryphistera alaudina,nan
Asthenes huancavelicae,nan
Asthenes arequipae,nan
Asthenes dorbignyi,nan
Asthenes berlepschi,nan
Asthenes baeri,nan
Asthenes luizae,nan
Asthenes hudsoni,nan
Asthenes anthoides,nan
Asthenes urubambensis,nan
Asthenes flammulata,nan
Asthenes virgata,nan
Asthenes maculicauda,nan
Asthenes wyatti,nan
Asthenes humilis,nan
Asthenes modesta,nan
Asthenes moreirae,nan
Asthenes pyrrholeuca,nan
Asthenes harterti,nan
Asthenes helleri,nan
Asthenes ayacuchensis,nan
Asthenes vilcabambae,nan
Asthenes pudibunda,nan
Asthenes ottonis,nan
Asthenes heterura,nan
Asthenes palpebralis,nan
Asthenes coryi,nan
Asthenes perijana,nan
Asthenes fuliginosa,nan
Asthenes griseomurina,nan
Acrobatornis fonsecai,nan
Metopothrix aurantiaca,nan
Xenerpestes minlosi,nan
Xenerpestes singularis,nan
Siptornis striaticollis,nan
Roraimia adusta,nan
Thripophaga gutturata,nan
Thripophaga macroura,nan
Thripophaga cherriei,nan
Thripophaga amacurensis,nan
Thripophaga fusciceps,nan
Limnoctites rectirostris,nan
Limnoctites sulphuriferus,nan
Cranioleuca berlepschi,nan
Cranioleuca weskei,nan
Cranioleuca marcapatae,nan
Cranioleuca albiceps,nan
Cranioleuca vulpina,nan
Cranioleuca dissita,nan
Cranioleuca vulpecula,nan
Cranioleuca subcristata,nan
Cranioleuca pyrrhophia,nan
Cranioleuca henricae,nan
Cranioleuca obsoleta,nan
Cranioleuca pallida,nan
Cranioleuca semicinerea,nan
Cranioleuca albicapilla,nan
Cranioleuca erythrops,nan
Cranioleuca demissa,nan
Cranioleuca hellmayri,nan
Cranioleuca curtata,nan
Cranioleuca antisiensis,nan
Cranioleuca muelleri,nan
Pseudasthenes humicola,nan
Pseudasthenes patagonica,nan
Pseudasthenes steinbachi,nan
Pseudasthenes cactorum,nan
Spartonoica maluroides,nan
Pseudoseisura cristata,nan
Pseudoseisura unirufa,nan
Pseudoseisura lophotes,nan
Pseudoseisura gutturalis,nan
Certhiaxis cinnamomeus,nan
Certhiaxis mustelinus,nan
Mazaria propinqua,nan
Schoeniophylax phryganophilus,nan
Synallaxis scutata,nan
Synallaxis cinerascens,nan
Synallaxis gujanensis,nan
Synallaxis albilora,nan
Synallaxis simoni,nan
Synallaxis maranonica,nan
Synallaxis hypochondriaca,nan
Synallaxis stictothorax,nan
Synallaxis chinchipensis,nan
Synallaxis zimmeri,nan
Synallaxis brachyura,nan
Synallaxis subpudica,nan
Synallaxis hellmayri,nan
Synallaxis ruficapilla,nan
Synallaxis cinerea,nan
Synallaxis infuscata,nan
Synallaxis moesta,nan
Synallaxis macconnelli,nan
Synallaxis cabanisi,nan
Synallaxis hypospodia,nan
Synallaxis spixi,nan
Synallaxis albigularis,nan
Synallaxis beverlyae,nan
Synallaxis albescens,nan
Synallaxis frontalis,nan
Synallaxis azarae,nan
Synallaxis courseni,nan
Synallaxis kollari,nan
Synallaxis erythrothorax,nan
Synallaxis candei,nan
Synallaxis tithys,nan
Synallaxis fuscorufa,nan
Synallaxis unirufa,nan
Synallaxis castanea,nan
Synallaxis cinnamomea,nan
Synallaxis rutilans,nan
Synallaxis cherriei,nan
Tyranneutes stolzmanni,nan
Tyranneutes virescens,nan
Neopelma pallescens,nan
Neopelma chrysocephalum,nan
Neopelma aurifrons,nan
Neopelma sulphureiventer,nan
Protopelma chrysolophum,nan
Chloropipo flavicapilla,nan
Chloropipo unicolor,nan
Chiroxiphia bokermanni,nan
Chiroxiphia galeata,nan
Chiroxiphia lanceolata,nan
Chiroxiphia linearis,nan
Chiroxiphia pareola,nan
Chiroxiphia boliviana,nan
Chiroxiphia caudata,nan
Ilicura militaris,nan
Masius chrysopterus,nan
Corapipo altera,nan
Corapipo leucorrhoa,nan
Corapipo gutturalis,nan
Xenopipo uniformis,nan
Xenopipo atronitens,nan
Cryptopipo litae,nan
Cryptopipo holochlora,nan
Lepidothrix velutina,nan
Lepidothrix coronata,nan
Lepidothrix nattereri,nan
Lepidothrix vilasboasi,nan
Lepidothrix iris,nan
Lepidothrix suavissima,nan
Lepidothrix serena,nan
Lepidothrix isidorei,nan
Lepidothrix coeruleocapilla,nan
Heterocercus aurantiivertex,nan
Heterocercus flavivertex,nan
Heterocercus linteatus,nan
Manacus candei,nan
Manacus aurantiacus,nan
Manacus vitellinus,nan
Manacus manacus,nan
Pipra aureola,nan
Pipra filicauda,nan
Pipra fasciicauda,nan
Machaeropterus deliciosus,nan
Machaeropterus striolatus,nan
Machaeropterus eckelberryi,nan
Machaeropterus regulus,nan
Machaeropterus pyrocephalus,nan
Pseudopipra pipra,nan
Ceratopipra cornuta,nan
Ceratopipra mentalis,nan
Ceratopipra erythrocephala,nan
Ceratopipra rubrocapilla,nan
Ceratopipra chloromeros,nan
Carpornis cucullata,nan
Carpornis melanocephala,nan
Pipreola riefferii,nan
Pipreola intermedia,nan
Pipreola arcuata,nan
Pipreola aureopectus,nan
Pipreola jucunda,nan
Pipreola lubomirskii,nan
Pipreola pulchra,nan
Pipreola frontalis,nan
Pipreola chlorolepidota,nan
Pipreola formosa,nan
Pipreola whitelyi,nan
Ampelioides tschudii,nan
Zaratornis stresemanni,nan
Phytotoma raimondii,nan
Phytotoma rutila,nan
Phytotoma rara,nan
Phibalura flavirostris,nan
Doliornis remseni,nan
Doliornis sclateri,nan
Ampelion rubrocristatus,nan
Ampelion rufaxilla,nan
Phoenicircus carnifex,nan
Phoenicircus nigricollis,nan
Rupicola rupicola,nan
Rupicola peruvianus,nan
Snowornis subalaris,nan
Snowornis cryptolophus,nan
Haematoderus militaris,nan
Querula purpurata,nan
Pyroderus scutatus,nan
Cephalopterus glabricollis,nan
Cephalopterus ornatus,nan
Cephalopterus penduliger,nan
Perissocephalus tricolor,nan
Cotinga amabilis,nan
Cotinga ridgwayi,nan
Cotinga nattererii,nan
Cotinga maynana,nan
Cotinga cotinga,nan
Cotinga maculata,nan
Cotinga cayana,nan
Lipaugus unirufus,nan
Lipaugus streptophorus,nan
Lipaugus vociferans,nan
Lipaugus lanioides,nan
Lipaugus ater,nan
Lipaugus conditus,nan
Lipaugus weberi,nan
Lipaugus fuscocinereus,nan
Lipaugus uropygialis,nan
Procnias tricarunculatus,nan
Procnias albus,nan
Procnias averano,nan
Procnias nudicollis,nan
Porphyrolaema porphyrolaema,nan
Carpodectes hopkei,nan
Carpodectes antoniae,nan
Carpodectes nitidus,nan
Xipholena punicea,nan
Xipholena lamellipennis,nan
Xipholena atropurpurea,nan
Gymnoderus foetidus,nan
Conioptilon mcilhennyi,nan
Tityra cayana,nan
Tityra inquisitor,nan
Tityra leucura,nan
Tityra semifasciata,nan
Schiffornis major,nan
Schiffornis olivacea,nan
Schiffornis veraepacis,nan
Schiffornis aenea,nan
Schiffornis stenorhyncha,nan
Schiffornis turdina,nan
Schiffornis virescens,nan
Laniocera hypopyrra,nan
Laniocera rufescens,nan
Iodopleura isabellae,nan
Iodopleura fusca,nan
Iodopleura pipra,nan
Laniisoma buckleyi,nan
Laniisoma elegans,nan
Xenopsaris albinucha,nan
Pachyramphus viridis,nan
Pachyramphus versicolor,nan
Pachyramphus spodiurus,nan
Pachyramphus rufus,nan
Pachyramphus cinnamomeus,nan
Pachyramphus castaneus,nan
Pachyramphus polychopterus,nan
Pachyramphus albogriseus,nan
Pachyramphus salvini,nan
Pachyramphus major,nan
Pachyramphus marginatus,nan
Pachyramphus surinamus,nan
Pachyramphus aglaiae,nan
Pachyramphus niger,nan
Pachyramphus homochrous,nan
Pachyramphus minor,nan
Pachyramphus validus,nan
Oxyruncus cristatus,nan
Onychorhynchus coronatus,nan
Onychorhynchus swainsoni,nan
Terenotriccus erythrurus,nan
Myiobius villosus,nan
Myiobius sulphureipygius,nan
Myiobius barbatus,nan
Myiobius atricaudus,nan
Piprites chloris,nan
Piprites griseiceps,nan
Piprites pileata,nan
Neopipo cinnamomea,nan
Calyptura cristata,nan
Platyrinchus saturatus,nan
Platyrinchus cancrominus,nan
Platyrinchus mystaceus,nan
Platyrinchus coronatus,nan
Platyrinchus flavigularis,nan
Platyrinchus platyrhynchos,nan
Platyrinchus leucoryphus,nan
Tachuris rubrigastra,nan
Mionectes striaticollis,nan
Mionectes olivaceus,nan
Mionectes galbinus,nan
Mionectes oleagineus,nan
Mionectes macconnelli,nan
Mionectes roraimae,nan
Mionectes rufiventris,nan
Leptopogon amaurocephalus,nan
Leptopogon superciliaris,nan
Leptopogon rufipectus,nan
Leptopogon taczanowskii,nan
Pogonotriccus difficilis,nan
Pogonotriccus eximius,nan
Pogonotriccus ophthalmicus,nan
Pogonotriccus lanyoni,nan
Pogonotriccus paulista,nan
Pogonotriccus poecilotis,nan
Pogonotriccus venezuelanus,nan
Pogonotriccus orbitalis,nan
Pogonotriccus chapmani,nan
Phylloscartes oustaleti,nan
Phylloscartes flavovirens,nan
Phylloscartes virescens,nan
Phylloscartes ventralis,nan
Phylloscartes beckeri,nan
Phylloscartes kronei,nan
Phylloscartes sylviolus,nan
Phylloscartes ceciliae,nan
Phylloscartes roquettei,nan
Phylloscartes superciliaris,nan
Phylloscartes nigrifrons,nan
Phylloscartes flaviventris,nan
Phylloscartes gualaquizae,nan
Phylloscartes parkeri,nan
Pseudotriccus pelzelni,nan
Pseudotriccus simplex,nan
Pseudotriccus ruficeps,nan
Corythopis torquatus,nan
Corythopis delalandi,nan
Myiornis auricularis,nan
Myiornis albiventris,nan
Myiornis atricapillus,nan
Myiornis ecaudatus,nan
Lophotriccus pileatus,nan
Lophotriccus vitiosus,nan
Lophotriccus eulophotes,nan
Lophotriccus galeatus,nan
Atalotriccus pilaris,nan
Oncostoma cinereigulare,nan
Oncostoma olivaceum,nan
Hemitriccus minor,nan
Hemitriccus spodiops,nan
Hemitriccus cohnhafti,nan
Hemitriccus flammulatus,nan
Hemitriccus diops,nan
Hemitriccus obsoletus,nan
Hemitriccus josephinae,nan
Hemitriccus zosterops,nan
Hemitriccus griseipectus,nan
Hemitriccus orbitatus,nan
Hemitriccus iohannis,nan
Hemitriccus striaticollis,nan
Hemitriccus nidipendulus,nan
Hemitriccus margaritaceiventer,nan
Hemitriccus inornatus,nan
Hemitriccus minimus,nan
Hemitriccus granadensis,nan
Hemitriccus cinnamomeipectus,nan
Hemitriccus mirandae,nan
Hemitriccus kaempferi,nan
Hemitriccus rufigularis,nan
Hemitriccus furcatus,nan
Poecilotriccus ruficeps,nan
Poecilotriccus luluae,nan
Poecilotriccus albifacies,nan
Poecilotriccus capitalis,nan
Poecilotriccus senex,nan
Poecilotriccus russatus,nan
Poecilotriccus plumbeiceps,nan
Poecilotriccus fumifrons,nan
Poecilotriccus latirostris,nan
Poecilotriccus sylvia,nan
Poecilotriccus calopterus,nan
Poecilotriccus pulchellus,nan
Taeniotriccus andrei,nan
Todirostrum maculatum,nan
Todirostrum poliocephalum,nan
Todirostrum cinereum,nan
Todirostrum viridanum,nan
Todirostrum nigriceps,nan
Todirostrum pictum,nan
Todirostrum chrysocrotaphum,nan
Cnipodectes subbrunneus,nan
Cnipodectes superrufus,nan
Rhynchocyclus brevirostris,nan
Rhynchocyclus aequinoctialis,nan
Rhynchocyclus olivaceus,nan
Rhynchocyclus pacificus,nan
Rhynchocyclus fulvipectus,nan
Tolmomyias sulphurescens,nan
Tolmomyias traylori,nan
Tolmomyias flavotectus,nan
Tolmomyias assimilis,nan
Tolmomyias poliocephalus,nan
Tolmomyias viridiceps,nan
Tolmomyias flaviventris,nan
Pyrrhomyias cinnamomeus,nan
Hirundinea ferruginea,nan
Myiotriccus ornatus,nan
Nephelomyias pulcher,nan
Nephelomyias lintoni,nan
Nephelomyias ochraceiventris,nan
Ornithion semiflavum,nan
Ornithion brunneicapillus,nan
Ornithion inerme,nan
Camptostoma imberbe,nan
Camptostoma obsoletum,nan
Suiriri suiriri,nan
Mecocerculus poecilocercus,nan
Mecocerculus hellmayri,nan
Mecocerculus stictopterus,nan
Mecocerculus leucophrys,nan
Mecocerculus calopterus,nan
Mecocerculus minor,nan
Anairetes nigrocristatus,nan
Anairetes reguloides,nan
Anairetes alpinus,nan
Anairetes flavirostris,nan
Anairetes parulus,nan
Anairetes fernandezianus,nan
Uromyias agilis,nan
Uromyias agraphia,nan
Nesotriccus tumbezanus,nan
Nesotriccus maranonicus,nan
Nesotriccus ridgwayi,nan
Nesotriccus murinus,nan
Capsiempis flaveola,nan
Polystictus pectoralis,nan
Polystictus superciliaris,nan
Culicivora caudacuta,nan
Pseudocolopteryx sclateri,nan
Pseudocolopteryx acutipennis,nan
Pseudocolopteryx dinelliana,nan
Pseudocolopteryx flaviventris,nan
Pseudocolopteryx citreola,nan
Tyrannulus elatus,nan
Myiopagis gaimardii,nan
Myiopagis parambae,nan
Myiopagis cinerea,nan
Myiopagis olallai,nan
Myiopagis caniceps,nan
Myiopagis subplacens,nan
Myiopagis flavivertex,nan
Myiopagis cotta,nan
Myiopagis viridicata,nan
Elaenia cristata,nan
Elaenia ruficeps,nan
Elaenia strepera,nan
Elaenia gigas,nan
Elaenia sordida,nan
Elaenia dayi,nan
Elaenia obscura,nan
Elaenia flavogaster,nan
Elaenia parvirostris,nan
Elaenia pelzelni,nan
Elaenia spectabilis,nan
Elaenia ridleyana,nan
Elaenia mesoleuca,nan
Elaenia chiriquensis,nan
Elaenia brachyptera,nan
Elaenia albiceps,nan
Elaenia pallatangae,nan
Elaenia frantzii,nan
Elaenia olivina,nan
Elaenia martinica,nan
Elaenia fallax,nan
Elaenia cherriei,nan
Serpophaga cinerea,nan
Serpophaga hypoleuca,nan
Serpophaga nigricans,nan
Serpophaga subcristata,nan
Serpophaga griseicapilla,nan
Phyllomyias virescens,nan
Phyllomyias reiseri,nan
Phyllomyias urichi,nan
Phyllomyias sclateri,nan
Phyllomyias fasciatus,nan
Phyllomyias weedeni,nan
Phyllomyias griseiceps,nan
Phyllomyias plumbeiceps,nan
Phyllomyias griseocapilla,nan
Acrochordopus zeledoni,nan
Acrochordopus burmeisteri,nan
Tyranniscus nigrocapillus,nan
Tyranniscus cinereiceps,nan
Tyranniscus uropygialis,nan
Zimmerius cinereicapilla,nan
Zimmerius villarejoi,nan
Zimmerius chicomendesi,nan
Zimmerius acer,nan
Zimmerius vilissimus,nan
Zimmerius parvus,nan
Zimmerius albigularis,nan
Zimmerius improbus,nan
Zimmerius chrysops,nan
Zimmerius viridiflavus,nan
Zimmerius bolivianus,nan
Zimmerius petersi,nan
Zimmerius gracilipes,nan
Euscarthmus fulviceps,nan
Euscarthmus meloryphus,nan
Euscarthmus rufomarginatus,nan
Pseudelaenia leucospodia,nan
Stigmatura napensis,nan
Stigmatura bahiae,nan
Stigmatura budytoides,nan
Inezia tenuirostris,nan
Inezia inornata,nan
Inezia subflava,nan
Inezia caudata,nan
Myiophobus flavicans,nan
Myiophobus phoenicomitra,nan
Myiophobus inornatus,nan
Myiophobus roraimae,nan
Myiophobus cryptoxanthus,nan
Myiophobus fasciatus,nan
Myiophobus crypterythrus,nan
Myiophobus rufescens,nan
Lathrotriccus euleri,nan
Lathrotriccus griseipectus,nan
Aphanotriccus capitalis,nan
Aphanotriccus audax,nan
Xenotriccus callizonus,nan
Xenotriccus mexicanus,nan
Mitrephanes phaeocercus,nan
Mitrephanes olivaceus,nan
Contopus cooperi,pip-pip or pip-pip-pip<br/>quick; three-beers
Contopus ochraceus,nan
Contopus pertinax,nan
Contopus lugubris,nan
Contopus fumigatus,nan
Contopus pallidus,nan
Contopus punensis,nan
Contopus albogularis,nan
Contopus nigrescens,nan
Contopus cinereus,nan
Contopus sordidulus,nan
Contopus bogotensis,nan
Contopus virens,nan
Contopus caribaeus,nan
Contopus hispaniolensis,nan
Contopus latirostris,nan
Cnemotriccus fuscatus,nan
Empidonax flaviventris,chu-wee; chu-wee<br/>killik
Empidonax virescens,peet-seet or peet-suh or peet
Empidonax alnorum,fitz-bee-
Empidonax traillii,fitz-bew (burry)
Empidonax albigularis,nan
Empidonax minimus,che-bek
Empidonax hammondii,chip-chewy or chip-chewy-chew (hp and a bit burry)
Empidonax wrightii,nan
Empidonax oberholseri,nan
Empidonax affinis,nan
Empidonax difficilis,nan
Empidonax flavescens,nan
Empidonax fulvifrons,nan
Empidonax atriceps,nan
Sayornis nigricans,nan
Sayornis phoebe,fee-beee (last syllable raspy)
Sayornis saya,pi-weer or pee-eee!
Guyramemua affine,nan
Sublegatus arenarum,nan
Sublegatus obscurior,nan
Sublegatus modestus,nan
Pyrocephalus rubinus,nan
Pyrocephalus nanus,nan
Lessonia rufa,nan
Lessonia oreas,nan
Knipolegus orenocensis,nan
Knipolegus poecilurus,nan
Knipolegus poecilocercus,nan
Knipolegus franciscanus,nan
Knipolegus lophotes,nan
Knipolegus nigerrimus,nan
Knipolegus signatus,nan
Knipolegus cabanisi,nan
Knipolegus cyanirostris,nan
Knipolegus striaticeps,nan
Knipolegus aterrimus,nan
Knipolegus hudsoni,nan
Hymenops perspicillatus,nan
Ochthornis littoralis,nan
Satrapa icterophrys,nan
Syrtidicola fluviatilis,nan
Muscisaxicola maculirostris,nan
Muscisaxicola griseus,nan
Muscisaxicola juninensis,nan
Muscisaxicola cinereus,nan
Muscisaxicola albifrons,nan
Muscisaxicola flavinucha,nan
Muscisaxicola rufivertex,nan
Muscisaxicola maclovianus,nan
Muscisaxicola albilora,nan
Muscisaxicola alpinus,nan
Muscisaxicola capistratus,nan
Muscisaxicola frontalis,nan
Cnemarchus erythropygius,nan
Cnemarchus rufipennis,nan
Pyrope pyrope,nan
Xolmis velatus,nan
Xolmis irupero,nan
Nengetus cinereus,nan
Neoxolmis coronatus,nan
Neoxolmis salinarum,nan
Neoxolmis rubetra,nan
Neoxolmis rufiventris,nan
Agriornis montanus,nan
Agriornis albicauda,nan
Agriornis lividus,nan
Agriornis micropterus,nan
Agriornis murinus,nan
Myiotheretes striaticollis,nan
Myiotheretes pernix,nan
Myiotheretes fumigatus,nan
Myiotheretes fuscorufus,nan
Arundinicola leucocephala,nan
Fluvicola pica,nan
Fluvicola albiventer,nan
Fluvicola nengeta,nan
Muscipipra vetula,nan
Gubernetes yetapa,nan
Heteroxolmis dominicana,nan
Alectrurus tricolor,nan
Alectrurus risora,nan
Silvicultrix frontalis,nan
Silvicultrix jelskii,nan
Silvicultrix pulchella,nan
Silvicultrix diadema,nan
Colorhamphus parvirostris,nan
Ochthoeca salvini,nan
Ochthoeca cinnamomeiventris,nan
Ochthoeca nigrita,nan
Ochthoeca thoracica,nan
Ochthoeca rufipectoralis,nan
Ochthoeca fumicolor,nan
Ochthoeca superciliosa,nan
Ochthoeca oenanthoides,nan
Ochthoeca piurae,nan
Ochthoeca leucophrys,nan
Colonia colonus,nan
Muscigralla brevicauda,nan
Ramphotrigon megacephalum,nan
Ramphotrigon ruficauda,nan
Ramphotrigon flammulatum,nan
Ramphotrigon fuscicauda,nan
Attila phoenicurus,nan
Attila cinnamomeus,nan
Attila torridus,nan
Attila citriniventris,nan
Attila bolivianus,nan
Attila rufus,nan
Attila spadiceus,nan
Sirystes albogriseus,nan
Sirystes albocinereus,nan
Sirystes subcanescens,nan
Sirystes sibilator,nan
Casiornis rufus,nan
Casiornis fuscus,nan
Rhytipterna holerythra,nan
Rhytipterna simplex,nan
Rhytipterna immunda,nan
Myiarchus semirufus,nan
Myiarchus yucatanensis,nan
Myiarchus barbirostris,nan
Myiarchus tuberculifer,nan
Myiarchus swainsoni,nan
Myiarchus venezuelensis,nan
Myiarchus panamensis,nan
Myiarchus ferox,nan
Myiarchus apicalis,nan
Myiarchus phaeocephalus,nan
Myiarchus cephalotes,nan
Myiarchus cinerascens,ka-brick ka-wheer prrrrrt (buzzy)
Myiarchus nuttingi,nan
Myiarchus flavidior,nan
Myiarchus crinitus,nan
Myiarchus tyrannulus,nan
Myiarchus magnirostris,nan
Myiarchus nugator,nan
Myiarchus validus,nan
Myiarchus sagrae,nan
Myiarchus stolidus,nan
Myiarchus antillarum,nan
Myiarchus oberi,nan
Machetornis rixosa,nan
Philohydor lictor,nan
Pitangus sulphuratus,"Qu'est-ce qu'il dit? Qu'est-ce qu'il dit? (""What's he saying?"")"
Megarynchus pitangua,nan
Myiozetetes cayanensis,nan
Myiozetetes similis,nan
Myiozetetes granadensis,nan
Myiozetetes luteiventris,nan
Phelpsia inornata,nan
Conopias albovittatus,nan
Conopias parvus,nan
Conopias trivirgatus,nan
Conopias cinchoneti,nan
Myiodynastes hemichrysus,nan
Myiodynastes chrysocephalus,nan
Myiodynastes bairdii,nan
Myiodynastes maculatus,nan
Myiodynastes luteiventris,nan
Legatus leucophaius,nan
Empidonomus varius,nan
Empidonomus aurantioatrocristatus,nan
Tyrannopsis sulphurea,nan
Tyrannus niveigularis,nan
Tyrannus albogularis,nan
Tyrannus melancholicus,nan
Tyrannus couchii,nan
Tyrannus vociferans,nan
Tyrannus crassirostris,nan
Tyrannus verticalis,whit; whit; whit
Tyrannus tyrannus,t-t-tseeep (electrical sputtering)
Tyrannus dominicensis,nan
Tyrannus caudifasciatus,nan
Tyrannus cubensis,nan
Tyrannus forficatus,nan
Tyrannus savana,nan
Menura alberti,nan
Menura novaehollandiae,nan
Atrichornis rufescens,nan
Atrichornis clamosus,nan
Ailuroedus buccoides,nan
Ailuroedus stonii,nan
Ailuroedus geislerorum,nan
Ailuroedus maculosus,nan
Ailuroedus melanotis,nan
Ailuroedus crassirostris,nan
Scenopoeetes dentirostris,nan
Archboldia papuensis,nan
Amblyornis inornata,nan
Amblyornis macgregoriae,nan
Amblyornis subalaris,nan
Amblyornis flavifrons,nan
Prionodura newtoniana,nan
Sericulus aureus,nan
Sericulus ardens,nan
Sericulus bakeri,nan
Sericulus chrysocephalus,nan
Ptilonorhynchus violaceus,nan
Chlamydera guttata,nan
Chlamydera maculata,nan
Chlamydera nuchalis,nan
Chlamydera lauterbachi,nan
Chlamydera cerviniventris,nan
Cormobates placens,nan
Cormobates leucophaea,nan
Climacteris affinis,nan
Climacteris erythrops,nan
Climacteris picumnus,nan
Climacteris melanurus,nan
Climacteris rufus,nan
Amytornis barbatus,nan
Amytornis whitei,nan
Amytornis oweni,nan
Amytornis rowleyi,nan
Amytornis striatus,nan
Amytornis woodwardi,nan
Amytornis dorotheae,nan
Amytornis merrotsyi,nan
Amytornis textilis,nan
Amytornis modestus,nan
Amytornis housei,nan
Amytornis goyderi,nan
Amytornis purnelli,nan
Amytornis ballarae,nan
Stipiturus malachurus,nan
Stipiturus ruficeps,nan
Stipiturus mallee,nan
Sipodotus wallacii,nan
Clytomyias insignis,nan
Chenorhamphus grayi,nan
Chenorhamphus campbelli,nan
Malurus cyanocephalus,nan
Malurus coronatus,nan
Malurus elegans,nan
Malurus pulcherrimus,nan
Malurus assimilis,nan
Malurus lamberti,nan
Malurus amabilis,nan
Malurus splendens,nan
Malurus cyaneus,nan
Malurus leucopterus,nan
Malurus melanocephalus,nan
Malurus alboscapulatus,nan
Myza celebensis,nan
Myza sarasinorum,nan
Acanthorhynchus tenuirostris,nan
Acanthorhynchus superciliosus,nan
Certhionyx variegatus,nan
Pycnopygius ixoides,nan
Pycnopygius cinereus,nan
Pycnopygius stictocephalus,nan
Prosthemadera novaeseelandiae,nan
Anthornis melanura,nan
Anthornis melanocephala,nan
Meliphaga aruensis,nan
Meliphaga notata,nan
Meliphaga lewinii,nan
Meliphaga reticulata,nan
Meliphaga fordiana,nan
Meliphaga albilineata,nan
Meliphaga chrysogenys,nan
Meliphaga montana,nan
Meliphaga mimikae,nan
Meliphaga flavirictus,nan
Meliphaga orientalis,nan
Meliphaga albonotata,nan
Meliphaga analoga,nan
Meliphaga vicina,nan
Meliphaga gracilis,nan
Meliphaga imitatrix,nan
Meliphaga cinereifrons,nan
Stomiopera flava,nan
Stomiopera unicolor,nan
Purnella albifrons,nan
Caligavis chrysops,nan
Caligavis subfrenata,nan
Caligavis obscura,nan
Lichenostomus melanops,nan
Lichenostomus cratitius,nan
Manorina melanophrys,nan
Manorina melanocephala,nan
Manorina flavigula,nan
Manorina melanotis,nan
Melionyx fuscus,nan
Melionyx nouhuysi,nan
Melionyx princeps,nan
Melidectes torquatus,nan
Melidectes ochromelas,nan
Melidectes leucostephes,nan
Melidectes foersteri,nan
Melidectes belfordi,nan
Melidectes rufocrissalis,nan
Bolemoreus frenatus,nan
Bolemoreus hindwoodi,nan
Acanthagenys rufogularis,nan
Anthochaera chrysoptera,nan
Anthochaera lunulata,nan
Anthochaera phrygia,nan
Anthochaera carunculata,nan
Anthochaera paradoxa,nan
Gavicalis versicolor,nan
Gavicalis fasciogularis,nan
Gavicalis virescens,nan
Ptilotula ornata,nan
Ptilotula penicillata,nan
Ptilotula flavescens,nan
Ptilotula fusca,nan
Ptilotula keartlandi,nan
Ptilotula plumula,nan
Stresemannia bougainvillei,nan
Ramsayornis modestus,nan
Ramsayornis fasciatus,nan
Conopophila albogularis,nan
Conopophila rufogularis,nan
Conopophila whitei,nan
Ashbyia lovensis,nan
Epthianura crocea,nan
Epthianura tricolor,nan
Epthianura aurifrons,nan
Epthianura albifrons,nan
Melipotes gymnops,nan
Melipotes fumigatus,nan
Melipotes carolae,nan
Melipotes ater,nan
Macgregoria pulchra,nan
Melilestes megarhynchus,nan
Timeliopsis fulvigula,nan
Timeliopsis griseigula,nan
Sugomel nigrum,nan
Vosea whitemanensis,nan
Myzomela blasii,nan
Myzomela albigula,nan
Myzomela eques,nan
Myzomela cineracea,nan
Myzomela simplex,nan
Myzomela rubrotincta,nan
Myzomela rubrobrunnea,nan
Myzomela obscura,nan
Myzomela cruentata,nan
Myzomela erythrina,nan
Myzomela nigrita,nan
Myzomela pulchella,nan
Myzomela prawiradilagae,nan
Myzomela kuehni,nan
Myzomela erythrocephala,nan
Myzomela dammermani,nan
Myzomela irianawidodoae,nan
Myzomela adolphinae,nan
Myzomela chloroptera,nan
Myzomela batjanensis,nan
Myzomela wahe,nan
Myzomela wakoloensis,nan
Myzomela boiei,nan
Myzomela caledonica,nan
Myzomela sanguinolenta,nan
Myzomela rubratra,nan
Myzomela cardinalis,nan
Myzomela nigriventris,nan
Myzomela chermesina,nan
Myzomela sclateri,nan
Myzomela pammelaena,nan
Myzomela lafargei,nan
Myzomela eichhorni,nan
Myzomela malaitae,nan
Myzomela melanocephala,nan
Myzomela tristrami,nan
Myzomela jugularis,nan
Myzomela erythromelas,nan
Myzomela vulnerata,nan
Myzomela rosenbergii,nan
Myzomela longirostris,nan
Gliciphila undulata,nan
Gliciphila melanops,nan
Gliciphila notabilis,nan
Glycichaera fallax,nan
Ptiloprora plumbea,nan
Ptiloprora meekiana,nan
Ptiloprora erythropleura,nan
Ptiloprora mayri,nan
Ptiloprora guisei,nan
Ptiloprora perstriata,nan
Cissomela pectoralis,nan
Lichmera lombokia,nan
Lichmera argentauris,nan
Lichmera indistincta,nan
Lichmera incana,nan
Lichmera squamata,nan
Lichmera alboauricularis,nan
Lichmera deningeri,nan
Lichmera monticola,nan
Lichmera flavicans,nan
Lichmera notabilis,nan
Phylidonyris pyrrhopterus,nan
Phylidonyris novaehollandiae,nan
Phylidonyris niger,nan
Trichodere cockerelli,nan
Nesoptilotis leucotis,nan
Nesoptilotis flavicollis,nan
Entomyzon cyanotis,nan
Melithreptus albogularis,nan
Melithreptus chloropsis,nan
Melithreptus lunatus,nan
Melithreptus affinis,nan
Melithreptus brevirostris,nan
Melithreptus gularis,nan
Melithreptus validirostris,nan
Meliarchus sclateri,nan
Guadalcanaria inexpectata,nan
Meliphacator provocator,nan
Gymnomyza viridis,nan
Gymnomyza brunneirostris,nan
Gymnomyza samoensis,nan
Gymnomyza aubryana,nan
Foulehaio procerior,nan
Foulehaio carunculatus,nan
Foulehaio taviunensis,nan
Xanthotis flaviventer,nan
Xanthotis polygrammus,nan
Xanthotis macleayanus,nan
Plectorhyncha lanceolata,nan
Grantiella picta,nan
Melitograis gilolensis,nan
Philemon citreogularis,nan
Philemon meyeri,nan
Philemon inornatus,nan
Philemon kisserensis,nan
Philemon brassi,nan
Philemon fuscicapillus,nan
Philemon moluccensis,nan
Philemon plumigenis,nan
Philemon subcorniculatus,nan
Philemon eichhorni,nan
Philemon buceroides,nan
Philemon albitorques,nan
Philemon cockerelli,nan
Philemon argenticeps,nan
Philemon corniculatus,nan
Philemon diemenensis,nan
Dasyornis longirostris,nan
Dasyornis brachypterus,nan
Dasyornis broadbenti,nan
Pardalotus punctatus,nan
Pardalotus quadragintus,nan
Pardalotus rubricatus,nan
Pardalotus striatus,nan
Pachycare flavogriseum,nan
Oreoscopus gutturalis,nan
Pycnoptilus floccosus,nan
Pyrrholaemus brunneus,nan
Pyrrholaemus sagittatus,nan
Hylacola cauta,nan
Hylacola pyrrhopygia,nan
Calamanthus fuliginosus,nan
Calamanthus campestris,nan
Calamanthus montanellus,nan
Smicrornis brevirostris,nan
Neosericornis citreogularis,nan
Origma robusta,nan
Origma murina,nan
Origma solitaria,nan
Sericornis humilis,nan
Sericornis frontalis,nan
Sericornis maculatus,nan
Sericornis keri,nan
Sericornis beccarii,nan
Sericornis magnirostra,nan
Sericornis nouhuysi,nan
Aethomyias spilodera,nan
Aethomyias nigrorufus,nan
Aethomyias rufescens,nan
Aethomyias perspicillatus,nan
Aethomyias arfakianus,nan
Aethomyias papuensis,nan
Acanthornis magna,nan
Aphelocephala leucopsis,nan
Aphelocephala nigricincta,nan
Aphelocephala pectoralis,nan
Acanthiza chrysorrhoa,nan
Acanthiza cinerea,nan
Acanthiza murina,nan
Acanthiza nana,nan
Acanthiza lineata,nan
Acanthiza apicalis,nan
Acanthiza ewingii,nan
Acanthiza katherina,nan
Acanthiza pusilla,nan
Acanthiza robustirostris,nan
Acanthiza iredalei,nan
Acanthiza uropygialis,nan
Acanthiza inornata,nan
Acanthiza reguloides,nan
Gerygone chrysogaster,nan
Gerygone mouki,nan
Gerygone chloronota,nan
Gerygone palpebrosa,nan
Gerygone magnirostris,nan
Gerygone hypoxantha,nan
Gerygone inornata,nan
Gerygone dorsalis,nan
Gerygone olivacea,nan
Gerygone sulphurea,nan
Gerygone tenebrosa,nan
Gerygone flavolateralis,nan
Gerygone citrina,nan
Gerygone levigaster,nan
Gerygone fusca,nan
Gerygone ruficollis,nan
Gerygone insularis,nan
Gerygone modesta,nan
Gerygone igata,nan
Gerygone albofrontata,nan
Garritornis isidorei,nan
Pomatostomus temporalis,nan
Pomatostomus superciliosus,nan
Pomatostomus halli,nan
Pomatostomus ruficeps,nan
Orthonyx novaeguineae,nan
Orthonyx temminckii,nan
Orthonyx spaldingii,nan
Cinclosoma punctatum,nan
Cinclosoma castanotum,nan
Cinclosoma clarum,nan
Cinclosoma castaneothorax,nan
Cinclosoma marginatum,nan
Cinclosoma cinnamomeum,nan
Cinclosoma alisteri,nan
Cinclosoma ajax,nan
Ptilorrhoa leucosticta,nan
Ptilorrhoa caerulescens,nan
Ptilorrhoa geislerorum,nan
Ptilorrhoa castanonota,nan
Pericrocotus erythropygius,nan
Pericrocotus albifrons,nan
Pericrocotus igneus,nan
Pericrocotus cinnamomeus,nan
Pericrocotus solaris,nan
Pericrocotus miniatus,nan
Pericrocotus brevirostris,nan
Pericrocotus lansbergei,nan
Pericrocotus ethologus,nan
Pericrocotus flammeus,nan
Pericrocotus speciosus,nan
Pericrocotus tegimae,nan
Pericrocotus divaricatus,nan
Pericrocotus cantonensis,nan
Pericrocotus roseus,nan
Ceblepyris cucullatus,nan
Ceblepyris cinereus,nan
Ceblepyris graueri,nan
Ceblepyris caesius,nan
Ceblepyris pectoralis,nan
Coracina caeruleogrisea,nan
Coracina longicauda,nan
Coracina bicolor,nan
Coracina temminckii,nan
Coracina maxima,nan
Coracina lineata,nan
Coracina boyeri,nan
Coracina novaehollandiae,nan
Coracina welchmani,nan
Coracina papuensis,nan
Coracina atriceps,nan
Coracina caledonica,nan
Coracina macei,nan
Coracina javensis,nan
Coracina larutensis,nan
Coracina striata,nan
Coracina mindorensis,nan
Coracina panayensis,nan
Coracina kochii,nan
Coracina guillemardi,nan
Coracina dobsoni,nan
Coracina larvata,nan
Coracina personata,nan
Coracina parvula,nan
Coracina fortis,nan
Coracina leucopygia,nan
Coracina schistacea,nan
Lobotos lobatus,nan
Lobotos oriolinus,nan
Campephaga flava,nan
Campephaga petiti,nan
Campephaga phoenicea,nan
Campephaga quiscalina,nan
Campochaera sloetii,nan
Malindangia mcgregori,nan
Lalage maculosa,nan
Lalage sharpei,nan
Lalage leucopyga,nan
Lalage sueurii,nan
Lalage tricolor,nan
Lalage atrovirens,nan
Lalage leucoptera,nan
Lalage moesta,nan
Lalage leucomela,nan
Lalage conjuncta,nan
Lalage melanoleuca,nan
Lalage leucopygialis,nan
Lalage nigra,nan
Lalage aurea,nan
Lalage newtoni,nan
Lalage typica,nan
Lalage melaschistos,nan
Lalage melanoptera,nan
Lalage fimbriata,nan
Lalage polioptera,nan
Celebesica abbotti,nan
Cyanograucalus azureus,nan
Edolisoma anale,nan
Edolisoma coerulescens,nan
Edolisoma ostentum,nan
Edolisoma montanum,nan
Edolisoma dohertyi,nan
Edolisoma dispar,nan
Edolisoma timoriense,nan
Edolisoma ceramense,nan
Edolisoma insperatum,nan
Edolisoma mindanense,nan
Edolisoma schisticeps,nan
Edolisoma melas,nan
Edolisoma holopolium,nan
Edolisoma tricolor,nan
Edolisoma salomonis,nan
Edolisoma admiralitatis,nan
Edolisoma salvadorii,nan
Edolisoma monacha,nan
Edolisoma nesiotis,nan
Edolisoma erythropygium,nan
Edolisoma morio,nan
Edolisoma meyerii,nan
Edolisoma pelingi,nan
Edolisoma obiense,nan
Edolisoma sula,nan
Edolisoma grayi,nan
Edolisoma incertum,nan
Edolisoma remotum,nan
Edolisoma rostratum,nan
Edolisoma amboinense,nan
Edolisoma tenuirostre,nan
Mohoua albicilla,nan
Mohoua ochrocephala,nan
Mohoua novaeseelandiae,nan
Daphoenositta miranda,nan
Daphoenositta papuensis,nan
Daphoenositta chrysoptera,nan
Androphobus viridis,nan
Psophodes olivaceus,nan
Psophodes nigrogularis,nan
Psophodes occidentalis,nan
Psophodes cristatus,nan
Eulacestoma nigropectus,nan
Oreoica gutturalis,nan
Aleadryas rufinucha,nan
Ornorectes cristatus,nan
Falcunculus frontatus,nan
Falcunculus leucogaster,nan
Falcunculus whitei,nan
Oreocharis arfaki,nan
Paramythia olivacea,nan
Paramythia montium,nan
Pteruthius rufiventer,nan
Pteruthius flaviscapis,nan
Pteruthius aeralatus,nan
Pteruthius xanthochlorus,nan
Pteruthius melanotis,nan
Pteruthius aenobarbus,nan
Pteruthius intermedius,nan
Erpornis zantholeuca,nan
Cyclarhis gujanensis,nan
Cyclarhis nigrirostris,nan
Hylophilus amaurocephalus,nan
Hylophilus poicilotis,nan
Hylophilus olivaceus,nan
Hylophilus pectoralis,nan
Hylophilus flavipes,nan
Hylophilus semicinereus,nan
Hylophilus brunneiceps,nan
Hylophilus thoracicus,nan
Vireolanius melitophrys,nan
Vireolanius pulchellus,nan
Vireolanius eximius,nan
Vireolanius leucotis,nan
Tunchiornis ochraceiceps,nan
Tunchiornis ferrugineifrons,nan
Tunchiornis luteifrons,nan
Tunchiornis rubrifrons,nan
Pachysylvia decurtata,nan
Pachysylvia hypoxantha,nan
Pachysylvia muscicapina,nan
Pachysylvia aurantiifrons,nan
Pachysylvia semibrunnea,nan
Vireo hypochryseus,nan
Vireo osburni,nan
Vireo brevipennis,nan
Vireo atricapilla,nan
Vireo nelsoni,nan
Vireo griseus,chick; per-wee-tee-o; chick or chick-per-wee-o<br/>Quick give me a rain check<br/>Spit and see if I care; spit!
Vireo crassirostris,nan
Vireo pallens,nan
Vireo bairdi,nan
Vireo caribaeus,nan
Vireo modestus,nan
Vireo gundlachii,nan
Vireo latimeri,nan
Vireo nanus,nan
Vireo bellii,nan
Vireo vicinior,nan
Vireo huttoni,nan
Vireo flavifrons,three-Ay; three-Ay
Vireo carmioli,nan
Vireo masteri,nan
Vireo cassinii,nan
Vireo solitarius,nan
Vireo plumbeus,nan
Vireo sclateri,nan
Vireo philadelphicus,nan
Vireo gilvus,nan
Vireo swainsoni,nan
Vireo leucophrys,nan
Vireo olivaceus,where are you? and here I am
Vireo chivi,nan
Vireo gracilirostris,nan
Vireo flavoviridis,nan
Vireo altiloquus,Tim Kelly or Whip Tim Kelly
Vireo magister,nan
Pseudorectes ferrugineus,nan
Pseudorectes incertus,nan
Colluricincla woodwardi,nan
Colluricincla boweri,nan
Colluricincla harmonica,nan
Colluricincla tenebrosa,nan
Colluricincla megarhyncha,nan
Melanorectes nigrescens,nan
Coracornis sanghirensis,nan
Coracornis raveni,nan
Pachycephala olivacea,nan
Pachycephala rufogularis,nan
Pachycephala inornata,nan
Pachycephala nudigula,nan
Pachycephala orpheus,nan
Pachycephala schlegelii,nan
Pachycephala chlorura,nan
Pachycephala meyeri,nan
Pachycephala soror,nan
Pachycephala vitiensis,nan
Pachycephala graeffii,nan
Pachycephala flavifrons,nan
Pachycephala jacquinoti,nan
Pachycephala caledonica,nan
Pachycephala implicata,nan
Pachycephala richardsi,nan
Pachycephala citreogaster,nan
Pachycephala collaris,nan
Pachycephala ornata,nan
Pachycephala utupuae,nan
Pachycephala vanikorensis,nan
Pachycephala orioloides,nan
Pachycephala feminina,nan
Pachycephala calliope,nan
Pachycephala teysmanni,nan
Pachycephala macrorhyncha,nan
Pachycephala sharpei,nan
Pachycephala mentalis,nan
Pachycephala balim,nan
Pachycephala pectoralis,nan
Pachycephala melanura,nan
Pachycephala tenebrosa,nan
Pachycephala modesta,nan
Pachycephala lorentzi,nan
Pachycephala aurea,nan
Pachycephala philippinensis,nan
Pachycephala hypoxantha,nan
Pachycephala sulfuriventer,nan
Pachycephala cinerea,nan
Pachycephala albiventris,nan
Pachycephala homeyeri,nan
Pachycephala phaionota,nan
Pachycephala melanorhyncha,nan
Pachycephala hyperythra,nan
Pachycephala simplex,nan
Pachycephala arctitorquis,nan
Pachycephala griseonota,nan
Pachycephala leucogastra,nan
Pachycephala monacha,nan
Pachycephala rufiventris,nan
Pachycephala lanioides,nan
Pitohui dichrous,nan
Pitohui cerviniventris,nan
Pitohui kirhocephalus,nan
Pitohui uropygialis,nan
Oriolus melanotis,nan
Oriolus finschi,nan
Oriolus bouroensis,nan
Oriolus decipiens,nan
Oriolus forsteni,nan
Oriolus phaeochromus,nan
Oriolus szalayi,nan
Oriolus sagittatus,nan
Oriolus flavocinctus,nan
Oriolus xanthonotus,nan
Oriolus consobrinus,nan
Oriolus albiloris,nan
Oriolus steerii,nan
Oriolus isabellae,nan
Oriolus oriolus,nan
Oriolus kundoo,nan
Oriolus auratus,nan
Oriolus chinensis,nan
Oriolus tenuirostris,nan
Oriolus chlorocephalus,nan
Oriolus crassirostris,nan
Oriolus brachyrynchus,nan
Oriolus monacha,nan
Oriolus larvatus,nan
Oriolus percivali,nan
Oriolus nigripennis,nan
Oriolus xanthornus,nan
Oriolus hosii,nan
Oriolus consanguineus,nan
Oriolus cruentus,nan
Oriolus traillii,nan
Oriolus mellianus,nan
Sphecotheres hypoleucus,nan
Sphecotheres viridis,nan
Sphecotheres vieilloti,nan
Turnagra tanagra,nan
Turnagra capensis,nan
Machaerirhynchus nigripectus,nan
Machaerirhynchus flaviventer,nan
Artamus fuscus,nan
Artamus mentalis,nan
Artamus monachus,nan
Artamus maximus,nan
Artamus leucorynchus,nan
Artamus insignis,nan
Artamus personatus,nan
Artamus superciliosus,nan
Artamus cinereus,nan
Artamus cyanopterus,nan
Artamus minor,nan
Peltops montanus,nan
Peltops blainvillii,nan
Cracticus mentalis,nan
Cracticus torquatus,nan
Cracticus argenteus,nan
Cracticus cassicus,nan
Cracticus louisiadensis,nan
Cracticus nigrogularis,nan
Melloria quoyi,nan
Gymnorhina tibicen,nan
Strepera graculina,nan
Strepera fuliginosa,nan
Strepera versicolor,nan
Rhagologus leucostigma,nan
Lanioturdus torquatus,nan
Dyaphorophyia castanea,nan
Dyaphorophyia hormophora,nan
Dyaphorophyia tonsa,nan
Platysteira cyanea,nan
Platysteira albifrons,nan
Platysteira peltata,nan
Platysteira laticincta,nan
Platysteira blissetti,nan
Platysteira chalybea,nan
Platysteira jamesoni,nan
Platysteira concreta,nan
Batis margaritae,nan
Batis mixta,nan
Batis crypta,nan
Batis diops,nan
Batis capensis,nan
Batis dimorpha,nan
Batis fratrum,nan
Batis molitor,nan
Batis soror,nan
Batis pririt,nan
Batis senegalensis,nan
Batis orientalis,nan
Batis erlangeri,nan
Batis minor,nan
Batis perkeo,nan
Batis minima,nan
Batis ituriensis,nan
Batis poensis,nan
Batis occulta,nan
Batis minulla,nan
Prionops plumatus,nan
Prionops poliolophus,nan
Prionops alberti,nan
Prionops caniceps,nan
Prionops rufiventris,nan
Prionops retzii,nan
Prionops gabela,nan
Prionops scopifrons,nan
Megabyas flammulatus,nan
Bias musicus,nan
Tephrodornis sylvicola,nan
Tephrodornis virgatus,nan
Tephrodornis pondicerianus,nan
Tephrodornis affinis,nan
Hemipus picatus,nan
Hemipus hirundinaceus,nan
Philentoma pyrhoptera,nan
Philentoma velata,nan
Newtonia archboldi,nan
Newtonia brunneicauda,nan
Newtonia amphichroa,nan
Newtonia fanovanae,nan
Tylas eduardi,nan
Calicalicus madagascariensis,nan
Calicalicus rufocarpalis,nan
Hypositta corallirostris,nan
Leptopterus chabert,nan
Mystacornis crossleyi,nan
Cyanolanius comorensis,nan
Cyanolanius madagascarinus,nan
Vanga curvirostris,nan
Pseudobias wardi,nan
Schetba rufa,nan
Euryceros prevostii,nan
Oriolia bernieri,nan
Falculea palliata,nan
Artamella viridis,nan
Xenopirostris polleni,nan
Xenopirostris xenopirostris,nan
Xenopirostris damii,nan
Pityriasis gymnocephala,nan
Aegithina tiphia,nan
Aegithina nigrolutea,nan
Aegithina viridissima,nan
Aegithina lafresnayei,nan
Nilaus afer,nan
Dryoscopus gambensis,nan
Dryoscopus pringlii,nan
Dryoscopus cubla,nan
Dryoscopus senegalensis,nan
Dryoscopus angolensis,nan
Dryoscopus sabini,nan
Bocagia minuta,nan
Tchagra senegalus,nan
Tchagra australis,nan
Tchagra jamesi,nan
Tchagra tchagra,nan
Laniarius ruficeps,nan
Laniarius nigerrimus,nan
Laniarius luehderi,nan
Laniarius brauni,nan
Laniarius amboimensis,nan
Laniarius turatii,nan
Laniarius aethiopicus,nan
Laniarius major,nan
Laniarius sublacteus,nan
Laniarius bicolor,nan
Laniarius ferrugineus,nan
Laniarius barbarus,nan
Laniarius erythrogaster,nan
Laniarius atrococcineus,nan
Laniarius mufumbiri,nan
Laniarius atroflavus,nan
Laniarius funebris,nan
Laniarius leucorhynchus,nan
Laniarius willardi,nan
Laniarius poensis,nan
Laniarius holomelas,nan
Laniarius fuelleborni,nan
Rhodophoneus cruentus,nan
Telophorus zeylonus,nan
Telophorus viridis,nan
Telophorus dohertyi,nan
Chlorophoneus bocagei,nan
Chlorophoneus sulfureopectus,nan
Chlorophoneus olivaceus,nan
Chlorophoneus multicolor,nan
Chlorophoneus nigrifrons,nan
Chlorophoneus kupeensis,nan
Malaconotus cruentus,nan
Malaconotus lagdeni,nan
Malaconotus gladiator,nan
Malaconotus blanchoti,nan
Malaconotus monteiri,nan
Malaconotus alius,nan
Chaetorhynchus papuensis,nan
Eutrichomyias rowleyi,nan
Lamprolia victoriae,nan
Lamprolia klinesmithi,nan
Rhipidura atra,nan
Rhipidura nigrocinnamomea,nan
Rhipidura superciliaris,nan
Rhipidura samarensis,nan
Rhipidura sauli,nan
Rhipidura albiventris,nan
Rhipidura cyaniceps,nan
Rhipidura perlata,nan
Rhipidura fuscorufa,nan
Rhipidura cockerelli,nan
Rhipidura coultasi,nan
Rhipidura rufiventris,nan
Rhipidura diluta,nan
Rhipidura threnothorax,nan
Rhipidura maculipectus,nan
Rhipidura leucothorax,nan
Rhipidura leucophrys,nan
Rhipidura javanica,nan
Rhipidura nigritorquis,nan
Rhipidura albicollis,nan
Rhipidura albogularis,nan
Rhipidura phoenicura,nan
Rhipidura euryura,nan
Rhipidura aureola,nan
Rhipidura rufidorsa,nan
Rhipidura brachyrhyncha,nan
Rhipidura dahli,nan
Rhipidura matthiae,nan
Rhipidura malaitae,nan
Rhipidura teysmanni,nan
Rhipidura habibiei,nan
Rhipidura sulaensis,nan
Rhipidura superflua,nan
Rhipidura dedemi,nan
Rhipidura opistherythra,nan
Rhipidura lepida,nan
Rhipidura semirubra,nan
Rhipidura semicollaris,nan
Rhipidura dryas,nan
Rhipidura torrida,nan
Rhipidura rufifrons,nan
Rhipidura louisiadensis,nan
Rhipidura melanolaema,nan
Rhipidura versicolor,nan
Rhipidura rufofronta,nan
Rhipidura kubaryi,nan
Rhipidura albolimbata,nan
Rhipidura hyperythra,nan
Rhipidura drownei,nan
Rhipidura ocularis,nan
Rhipidura spilodera,nan
Rhipidura layardi,nan
Rhipidura verreauxi,nan
Rhipidura tenebrosa,nan
Rhipidura rennelliana,nan
Rhipidura personata,nan
Rhipidura nebulosa,nan
Rhipidura albiscapa,nan
Rhipidura phasiana,nan
Rhipidura fuliginosa,nan
Dicrurus sharpei,nan
Dicrurus ludwigii,nan
Dicrurus atripennis,nan
Dicrurus adsimilis,nan
Dicrurus modestus,nan
Dicrurus aldabranus,nan
Dicrurus fuscipennis,nan
Dicrurus forficatus,nan
Dicrurus waldenii,nan
Dicrurus macrocercus,nan
Dicrurus leucophaeus,nan
Dicrurus caerulescens,nan
Dicrurus annectens,nan
Dicrurus aeneus,nan
Dicrurus remifer,nan
Dicrurus hottentottus,nan
Dicrurus striatus,nan
Dicrurus palawanensis,nan
Dicrurus balicassius,nan
Dicrurus montanus,nan
Dicrurus sumatranus,nan
Dicrurus densus,nan
Dicrurus megarhynchus,nan
Dicrurus bracteatus,nan
Dicrurus menagei,nan
Dicrurus andamanensis,nan
Dicrurus paradiseus,nan
Dicrurus lophorinus,nan
Lycocorax pyrrhopterus,nan
Lycocorax obiensis,nan
Phonygammus keraudrenii,nan
Manucodia comrii,nan
Manucodia chalybatus,nan
Manucodia jobiensis,nan
Manucodia ater,nan
Pteridophora alberti,nan
Parotia carolae,nan
Parotia berlepschi,nan
Parotia sefilata,nan
Parotia wahnesi,nan
Parotia lawesii,nan
Parotia helenae,nan
Seleucidis melanoleucus,nan
Drepanornis albertisi,nan
Drepanornis bruijnii,nan
Semioptera wallacii,nan
Lophorina superba,nan
Lophorina latipennis,nan
Lophorina minor,nan
Ptiloris paradiseus,nan
Ptiloris victoriae,nan
Ptiloris magnificus,nan
Ptiloris intercedens,nan
Epimachus fastosus,nan
Epimachus meyeri,nan
Paradigalla carunculata,nan
Paradigalla brevicauda,nan
Astrapia splendidissima,nan
Astrapia nigra,nan
Astrapia rothschildi,nan
Astrapia stephaniae,nan
Astrapia mayeri,nan
Cicinnurus regius,nan
Diphyllodes respublica,nan
Diphyllodes magnificus,nan
Paradisornis rudolphi,nan
Paradisaea guilielmi,nan
Paradisaea rubra,nan
Paradisaea decora,nan
Paradisaea minor,nan
Paradisaea raggiana,nan
Paradisaea apoda,nan
Ifrita kowaldi,nan
Trochocercus nitens,nan
Trochocercus cyanomelas,nan
Hypothymis helenae,nan
Hypothymis azurea,nan
Hypothymis puella,nan
Hypothymis coelestis,nan
Terpsiphone cyanescens,nan
Terpsiphone cinnamomea,nan
Terpsiphone atrocaudata,nan
Terpsiphone incei,nan
Terpsiphone affinis,nan
Terpsiphone floris,nan
Terpsiphone bourbonnensis,nan
Terpsiphone paradisi,nan
Terpsiphone atrochalybeia,nan
Terpsiphone corvina,nan
Terpsiphone mutata,nan
Terpsiphone rufiventer,nan
Terpsiphone bedfordi,nan
Terpsiphone rufocinerea,nan
Terpsiphone batesi,nan
Terpsiphone viridis,nan
Chasiempis sandwichensis,nan
Chasiempis sclateri,nan
Chasiempis ibidis,nan
Pomarea nigra,nan
Pomarea maupitiensis,nan
Pomarea dimidiata,nan
Pomarea fluxa,nan
Pomarea nukuhivae,nan
Pomarea iphis,nan
Pomarea mira,nan
Pomarea mendozae,nan
Pomarea whitneyi,nan
Mayrornis versicolor,nan
Mayrornis lessoni,nan
Mayrornis schistaceus,nan
Neolalage banksiana,nan
Clytorhynchus pachycephaloides,nan
Clytorhynchus hamlini,nan
Clytorhynchus vitiensis,nan
Clytorhynchus nigrogularis,nan
Clytorhynchus sanctaecrucis,nan
Carterornis pileatus,nan
Carterornis castus,nan
Carterornis leucotis,nan
Carterornis chrysomela,nan
Metabolus rugensis,nan
Monarcha godeffroyi,nan
Monarcha takatsukasae,nan
Monarcha cinerascens,nan
Monarcha richardsii,nan
Monarcha castaneiventris,nan
Monarcha melanopsis,nan
Monarcha frater,nan
Symposiachrus axillaris,nan
Symposiachrus rubiensis,nan
Symposiachrus sacerdotum,nan
Symposiachrus boanensis,nan
Symposiachrus bimaculatus,nan
Symposiachrus trivirgatus,nan
Symposiachrus melanopterus,nan
Symposiachrus leucurus,nan
Symposiachrus everetti,nan
Symposiachrus loricatus,nan
Symposiachrus julianae,nan
Symposiachrus brehmii,nan
Symposiachrus manadensis,nan
Symposiachrus infelix,nan
Symposiachrus menckei,nan
Symposiachrus verticalis,nan
Symposiachrus barbatus,nan
Symposiachrus malaitae,nan
Symposiachrus browni,nan
Symposiachrus nigrotectus,nan
Symposiachrus mundus,nan
Symposiachrus vidua,nan
Symposiachrus guttula,nan
Arses telescopthalmus,nan
Arses lorealis,nan
Arses insularis,nan
Arses kaupi,nan
Grallina cyanoleuca,nan
Grallina bruijnii,nan
Myiagra erythrops,nan
Myiagra freycineti,nan
Myiagra pluto,nan
Myiagra oceanica,nan
Myiagra atra,nan
Myiagra galeata,nan
Myiagra rubecula,nan
Myiagra ferrocyanea,nan
Myiagra cervinicauda,nan
Myiagra caledonica,nan
Myiagra vanikorensis,nan
Myiagra albiventris,nan
Myiagra azureocapilla,nan
Myiagra castaneigularis,nan
Myiagra ruficollis,nan
Myiagra cyanoleuca,nan
Myiagra inquieta,nan
Myiagra nana,nan
Myiagra alecto,nan
Myiagra hebetior,nan
Myiagra eichhorni,nan
Corcorax melanorhamphos,nan
Struthidea cinerea,nan
Melampitta lugubris,nan
Megalampitta gigantea,nan
Platylophus galericulatus,nan
Corvinella corvina,nan
Urolestes melanoleucus,nan
Lanius tigrinus,nan
Lanius bucephalus,nan
Lanius collurio,nan
Lanius phoenicuroides,nan
Lanius isabellinus,nan
Lanius cristatus,nan
Lanius collurioides,nan
Lanius gubernator,nan
Lanius vittatus,nan
Lanius schach,nan
Lanius tephronotus,nan
Lanius validirostris,nan
Lanius ludovicianus,nan
Lanius borealis,nan
Lanius meridionalis,nan
Lanius excubitor,nan
Lanius minor,nan
Lanius sphenocercus,nan
Lanius giganteus,nan
Lanius excubitoroides,nan
Lanius cabanisi,nan
Lanius dorsalis,nan
Lanius somalicus,nan
Lanius mackinnoni,nan
Lanius humeralis,nan
Lanius collaris,nan
Lanius souzae,nan
Lanius newtoni,nan
Lanius nubicus,nan
Lanius senator,nan
Eurocephalus ruppelli,nan
Eurocephalus anguitimens,nan
Platysmurus leucopterus,nan
Platysmurus aterrimus,nan
Perisoreus infaustus,nan
Perisoreus internigrans,nan
Perisoreus canadensis,nan
Cyanolyca mirabilis,nan
Cyanolyca nanus,nan
Cyanolyca pumilo,nan
Cyanolyca argentigula,nan
Cyanolyca cucullata,nan
Cyanolyca pulchra,nan
Cyanolyca armillata,nan
Cyanolyca turcosa,nan
Cyanolyca viridicyanus,nan
Cyanocorax colliei,nan
Cyanocorax formosus,nan
Cyanocorax morio,nan
Cyanocorax caeruleus,nan
Cyanocorax violaceus,nan
Cyanocorax cyanomelas,nan
Cyanocorax cristatellus,nan
Cyanocorax yncas,nan
Cyanocorax mystacalis,nan
Cyanocorax melanocyaneus,nan
Cyanocorax yucatanicus,nan
Cyanocorax beecheii,nan
Cyanocorax sanblasianus,nan
Cyanocorax dickeyi,nan
Cyanocorax affinis,nan
Cyanocorax heilprini,nan
Cyanocorax cayanus,nan
Cyanocorax chrysops,nan
Cyanocorax cyanopogon,nan
Gymnorhinus cyanocephalus,nan
Cyanocitta stelleri,shaaaaack (drawn-out; grating)<br/>shook-shook-shook-shook-shook 
Cyanocitta cristata,fee-der-de-lurp<br/>jay-jay-jay<br/>queedle-queedle-queedle-
Aphelocoma coerulescens,nan
Aphelocoma insularis,nan
Aphelocoma californica,nan
Aphelocoma woodhouseii,nan
Aphelocoma wollweberi,nan
Aphelocoma ultramarina,nan
Aphelocoma unicolor,nan
Garrulus glandarius,nan
Garrulus lanceolatus,nan
Garrulus lidthi,nan
Cyanopica cooki,nan
Cyanopica cyanus,nan
Urocissa ornata,nan
Urocissa caerulea,nan
Urocissa flavirostris,nan
Urocissa erythroryncha,nan
Urocissa whiteheadi,nan
Cissa chinensis,nan
Cissa hypoleuca,nan
Cissa thalassina,nan
Cissa jefferyi,nan
Dendrocitta vagabunda,nan
Dendrocitta formosae,nan
Dendrocitta occipitalis,nan
Dendrocitta cinerascens,nan
Dendrocitta leucogastra,nan
Dendrocitta frontalis,nan
Dendrocitta bayleii,nan
Crypsirina temia,nan
Crypsirina cucullata,nan
Temnurus temnurus,nan
Pica mauritanica,nan
Pica asirensis,nan
Pica bottanensis,nan
Pica serica,nan
Pica pica,nan
Pica hudsonia,maaagh?!<br/>wenk-wenk or wenk-wenk-wenk
Pica nuttalli,nan
Zavattariornis stresemanni,nan
Podoces hendersoni,nan
Podoces biddulphi,nan
Podoces panderi,nan
Podoces pleskei,nan
Nucifraga columbiana,kraa-a-a-a (long; drawn-out); <br/>or kra-kra-kra-kra
Nucifraga caryocatactes,nan
Nucifraga hemispila,nan
Nucifraga multipunctata,nan
Pyrrhocorax pyrrhocorax,nan
Pyrrhocorax graculus,nan
Ptilostomus afer,nan
Coloeus monedula,nan
Coloeus dauuricus,nan
Corvus splendens,nan
Corvus moneduloides,nan
Corvus unicolor,nan
Corvus enca,nan
Corvus sierramadrensis,nan
Corvus samarensis,nan
Corvus celebensis,nan
Corvus pusillus,nan
Corvus violaceus,nan
Corvus typicus,nan
Corvus florensis,nan
Corvus kubaryi,nan
Corvus validus,nan
Corvus woodfordi,nan
Corvus meeki,nan
Corvus fuscicapillus,nan
Corvus tristis,nan
Corvus capensis,nan
Corvus frugilegus,nan
Corvus brachyrhynchos,caw-caw-caw-caw-koodle-yah; koodle-yah (trilly voice)
Corvus minutus,nan
Corvus palmarum,nan
Corvus nasicus,nan
Corvus leucognaphalus,nan
Corvus jamaicensis,nan
Corvus imparatus,nan
Corvus sinaloae,nan
Corvus ossifragus,eh-eh; eh-eh (two-noted phrases)
Corvus hawaiiensis,nan
Corvus cryptoleucus,nan
Corvus corone,nan
Corvus cornix,nan
Corvus macrorhynchos,nan
Corvus philippinus,nan
Corvus orru,nan
Corvus insularis,nan
Corvus bennetti,nan
Corvus coronoides,nan
Corvus mellori,nan
Corvus tasmanicus,nan
Corvus torquatus,nan
Corvus albus,nan
Corvus ruficollis,nan
Corvus edithae,nan
Corvus rhipidurus,nan
Corvus albicollis,nan
Corvus crassirostris,nan
Corvus corax,cruck (harsh; raspy)<br/>tawk (metallic)
Cnemophilus loriae,nan
Cnemophilus macgregorii,nan
Loboparadisea sericea,nan
Melanocharis arfakiana,nan
Melanocharis nigra,nan
Melanocharis longicauda,nan
Melanocharis versteri,nan
Melanocharis citreola,nan
Melanocharis striativentris,nan
Melanocharis crassirostris,nan
Melanocharis piperata,nan
Toxorhamphus novaeguineae,nan
Toxorhamphus poliopterus,nan
Oedistoma iliolophus,nan
Oedistoma pygmaeum,nan
Callaeas wilsoni,nan
Callaeas cinereus,nan
Philesturnus rufusater,nan
Philesturnus carunculatus,nan
Heteralocha acutirostris,nan
Notiomystis cincta,nan
Amalocichla sclateriana,nan
Amalocichla incerta,nan
Pachycephalopsis poliosoma,nan
Pachycephalopsis hattamensis,nan
Eugerygone rubra,nan
Petroica macrocephala,nan
Petroica traversi,nan
Petroica longipes,nan
Petroica australis,nan
Petroica bivittata,nan
Petroica archboldi,nan
Petroica multicolor,nan
Petroica goodenovii,nan
Petroica polymorpha,nan
Petroica pusilla,nan
Petroica rosea,nan
Petroica rodinogaster,nan
Petroica phoenicea,nan
Petroica boodang,nan
Devioeca papuana,nan
Kempiella flavovirescens,nan
Kempiella griseoceps,nan
Cryptomicroeca flaviventris,nan
Monachella muelleriana,nan
Microeca hemixantha,nan
Microeca flavigaster,nan
Microeca fascinans,nan
Drymodes brunneopygia,nan
Drymodes superciliaris,nan
Drymodes beccarii,nan
Heteromyias cinereifrons,nan
Heteromyias armiti,nan
Heteromyias albispecularis,nan
Leucophantes brachyurus,nan
Plesiodryas albonotata,nan
Poecilodryas hypoleuca,nan
Poecilodryas superciliosa,nan
Poecilodryas cerviniventris,nan
Melanodryas vittata,nan
Melanodryas cucullata,nan
Melanodryas bimaculata,nan
Melanodryas pulverulenta,nan
Melanodryas sigillata,nan
Melanodryas cyanus,nan
Melanodryas cryptoleuca,nan
Eopsaltria placens,nan
Eopsaltria australis,nan
Eopsaltria griseogularis,nan
Eopsaltria georgiana,nan
Eopsaltria capito,nan
Eopsaltria leucops,nan
Picathartes gymnocephalus,nan
Picathartes oreas,nan
Chaetops frenatus,nan
Chaetops aurantius,nan
Eupetes macrocerus,nan
Hyliota flavigaster,nan
Hyliota australis,nan
Hyliota usambara,nan
Hyliota violacea,nan
Stenostira scita,nan
Chelidorhynx hypoxanthus,nan
Elminia longicauda,nan
Elminia albicauda,nan
Elminia nigromitrata,nan
Elminia albiventris,nan
Elminia albonotata,nan
Culicicapa ceylonensis,nan
Culicicapa helianthea,nan
Cephalopyrus flammiceps,nan
Sylviparus modestus,nan
Melanochlora sultanea,nan
Periparus ater,nan
Periparus rufonuchalis,nan
Periparus rubidiventris,nan
Periparus venustulus,nan
Periparus elegans,nan
Periparus amabilis,nan
Lophophanes cristatus,nan
Lophophanes dichrous,nan
Sittiparus castaneoventris,nan
Sittiparus olivaceus,nan
Sittiparus varius,nan
Sittiparus owstoni,nan
Sittiparus semilarvatus,nan
Poecile superciliosus,nan
Poecile lugubris,nan
Poecile davidi,nan
Poecile palustris,nan
Poecile hyrcanus,nan
Poecile hypermelaenus,nan
Poecile montanus,nan
Poecile weigoldicus,nan
Poecile carolinensis,car-o-li-na (four notes)<br/>chk-a-dee-dee-dee<br/>fee-bee-fee-bay<br/>see-dee-dee-dee
Poecile atricapillus,fee-bee
Poecile gambeli,tsik-a-zee-zee-zee (raspier than Carolina)
Poecile sclateri,nan
Poecile rufescens,nan
Poecile hudsonicus,chick-che-day-day
Poecile cinctus,nan
Cyanistes caeruleus,nan
Cyanistes teneriffae,nan
Cyanistes cyanus,nan
Baeolophus wollweberi,nan
Baeolophus inornatus,nan
Baeolophus ridgwayi,nan
Baeolophus bicolor,cheeva; cheeva; cheeva fer-da; fer-da; fer-da <br/>here; here; here peter-peter-peter- 
Baeolophus atricristatus,nan
Pseudopodoces humilis,nan
Parus monticolus,nan
Parus major,nan
Parus cinereus,nan
Machlolophus nuchalis,nan
Machlolophus holsti,nan
Machlolophus xanthogenys,nan
Machlolophus aplonotus,nan
Machlolophus spilonotus,nan
Melaniparus guineensis,nan
Melaniparus leucomelas,nan
Melaniparus rufiventris,nan
Melaniparus albiventris,nan
Melaniparus niger,nan
Melaniparus carpi,nan
Melaniparus funereus,nan
Melaniparus griseiventris,nan
Melaniparus fasciiventer,nan
Melaniparus thruppi,nan
Melaniparus fringillinus,nan
Melaniparus leuconotus,nan
Melaniparus cinerascens,nan
Melaniparus afer,nan
Auriparus flaviceps,nan
Remiz pendulinus,nan
Remiz macronyx,nan
Remiz coronatus,nan
Remiz consobrinus,nan
Anthoscopus punctifrons,nan
Anthoscopus musculus,nan
Anthoscopus parvulus,nan
Anthoscopus flavifrons,nan
Anthoscopus caroli,nan
Anthoscopus minutus,nan
Chersomanes albofasciata,nan
Chersomanes beesleyi,nan
Alaemon alaudipes,nan
Alaemon hamertoni,nan
Ammomanopsis grayi,nan
Certhilauda chuana,nan
Certhilauda subcoronata,nan
Certhilauda semitorquata,nan
Certhilauda curvirostris,nan
Pinarocorys erythropygia,nan
Pinarocorys nigricans,nan
Ramphocoris clotbey,nan
Ammomanes cinctura,nan
Ammomanes phoenicura,nan
Ammomanes deserti,nan
Eremopterix australis,nan
Eremopterix hova,nan
Eremopterix leucotis,nan
Eremopterix nigriceps,nan
Eremopterix griseus,nan
Eremopterix signatus,nan
Eremopterix verticalis,nan
Eremopterix leucopareia,nan
Calendulauda rufa,nan
Calendulauda sabota,nan
Calendulauda gilletti,nan
Calendulauda poecilosterna,nan
Calendulauda africanoides,nan
Calendulauda albescens,nan
Calendulauda burra,nan
Calendulauda erythrochlamys,nan
Heteromirafra archeri,nan
Heteromirafra ruddi,nan
Plocealauda microptera,nan
Plocealauda erythrocephala,nan
Plocealauda affinis,nan
Plocealauda erythroptera,nan
Plocealauda assamica,nan
Mirafra passerina,nan
Mirafra cordofanica,nan
Mirafra williamsi,nan
Mirafra pulpa,nan
Mirafra albicauda,nan
Mirafra cheniana,nan
Mirafra javanica,nan
Amirafra collaris,nan
Amirafra rufocinnamomea,nan
Amirafra angolensis,nan
Corypha kurrae,nan
Corypha apiata,nan
Corypha fasciolata,nan
Corypha kabalii,nan
Corypha nigrescens,nan
Corypha africana,nan
Corypha athi,nan
Corypha somalica,nan
Corypha hypermetra,nan
Corypha sharpii,nan
Corypha kidepoensis,nan
Lullula arborea,nan
Spizocorys starki,nan
Spizocorys personata,nan
Spizocorys conirostris,nan
Spizocorys fringillaris,nan
Spizocorys fremantlii,nan
Spizocorys obbiensis,nan
Spizocorys sclateri,nan
Alauda leucoptera,nan
Alauda razae,nan
Alauda arvensis,nan
Alauda gulgula,nan
Galerida modesta,nan
Galerida magnirostris,nan
Galerida deva,nan
Galerida theklae,nan
Galerida cristata,nan
Galerida malabarica,nan
Eremophila alpestris,pit-sit (hp)<br/>tee-seep (hp)
Eremophila bilopha,nan
Calandrella eremica,nan
Calandrella blanfordi,nan
Calandrella brachydactyla,nan
Calandrella cinerea,nan
Calandrella acutirostris,nan
Calandrella dukhunensis,nan
Melanocorypha bimaculata,nan
Melanocorypha maxima,nan
Melanocorypha mongolica,nan
Melanocorypha calandra,nan
Melanocorypha yeltoniensis,nan
Chersophilus duponti,nan
Eremalauda dunni,nan
Eremalauda eremodites,nan
Alaudala somalica,nan
Alaudala cheleensis,nan
Alaudala rufescens,nan
Alaudala heinei,nan
Alaudala raytal,nan
Panurus biarmicus,nan
Nicator chloris,nan
Nicator gularis,nan
Nicator vireo,nan
Sylvietta virens,nan
Sylvietta denti,nan
Sylvietta leucophrys,nan
Sylvietta brachyura,nan
Sylvietta philippae,nan
Sylvietta ruficapilla,nan
Sylvietta whytii,nan
Sylvietta isabellina,nan
Sylvietta rufescens,nan
Achaetops pycnopygius,nan
Melocichla mentalis,nan
Sphenoeacus afer,nan
Cryptillas victorini,nan
Macrosphenus kempi,nan
Macrosphenus flavicans,nan
Macrosphenus concolor,nan
Macrosphenus pulitzeri,nan
Macrosphenus kretschmeri,nan
Neomixis tenella,nan
Neomixis viridis,nan
Neomixis striatigula,nan
Micromacronus leytensis,nan
Micromacronus sordidus,nan
Eremomela flavicrissalis,nan
Eremomela icteropygialis,nan
Eremomela pusilla,nan
Eremomela canescens,nan
Eremomela scotops,nan
Eremomela gregalis,nan
Eremomela badiceps,nan
Eremomela turneri,nan
Eremomela atricollis,nan
Eremomela usticollis,nan
Drymocichla incana,nan
Schistolais leontica,nan
Schistolais leucopogon,nan
Oreophilais robertsi,nan
Phragmacia substriata,nan
Urolais epichlorus,nan
Oreolais pulcher,nan
Oreolais ruwenzorii,nan
Artisornis metopias,nan
Artisornis moreaui,nan
Poliolais lopezi,nan
Calamonastes undosus,nan
Calamonastes stierlingi,nan
Calamonastes simplex,nan
Calamonastes fasciolatus,nan
Camaroptera brachyura,nan
Camaroptera harterti,nan
Camaroptera superciliaris,nan
Camaroptera chloronota,nan
Spiloptila clamans,nan
Phyllolais pulchella,nan
Apalis thoracica,nan
Apalis fuscigularis,nan
Apalis flavigularis,nan
Apalis lynesi,nan
Apalis nigriceps,nan
Apalis jacksoni,nan
Apalis chariessa,nan
Apalis binotata,nan
Apalis personata,nan
Apalis flavida,nan
Apalis ruddi,nan
Apalis sharpii,nan
Apalis rufogularis,nan
Apalis argentea,nan
Apalis bamendae,nan
Apalis goslingi,nan
Apalis kaboboensis,nan
Apalis porphyrolaema,nan
Apalis chapini,nan
Apalis melanocephala,nan
Apalis chirindensis,nan
Apalis cinerea,nan
Apalis alticola,nan
Apalis karamojae,nan
Apalis stronachi,nan
Orthotomus sutorius,nan
Orthotomus frontalis,nan
Orthotomus atrogularis,nan
Orthotomus chaktomuk,nan
Orthotomus ruficeps,nan
Orthotomus sepium,nan
Orthotomus sericeus,nan
Orthotomus castaneiceps,nan
Orthotomus derbianus,nan
Orthotomus chloronotus,nan
Orthotomus samarensis,nan
Orthotomus nigriceps,nan
Orthotomus cinereiceps,nan
Prinia crinigera,nan
Prinia striata,nan
Prinia cooki,nan
Prinia rocki,nan
Prinia polychroa,nan
Prinia atrogularis,nan
Prinia khasiana,nan
Prinia superciliaris,nan
Prinia cinereocapilla,nan
Prinia buchanani,nan
Prinia rufescens,nan
Prinia hodgsonii,nan
Prinia familiaris,nan
Prinia gracilis,nan
Prinia lepida,nan
Prinia sylvatica,nan
Prinia flaviventris,nan
Prinia socialis,nan
Prinia subflava,nan
Prinia inornata,nan
Prinia somalica,nan
Prinia fluviatilis,nan
Prinia flavicans,nan
Prinia maculosa,nan
Prinia hypoxantha,nan
Prinia molleri,nan
Prinia bairdii,nan
Prinia erythroptera,nan
Prinia rufifrons,nan
Euryptila subcinnamomea,nan
Scepomycter winifredae,nan
Incana incana,nan
Malcorus pectoralis,nan
Bathmocercus cerviniventris,nan
Bathmocercus rufus,nan
Hypergerus atriceps,nan
Eminia lepida,nan
Cisticola erythrops,nan
Cisticola cantans,nan
Cisticola lateralis,nan
Cisticola anonymus,nan
Cisticola woosnami,nan
Cisticola bulliens,nan
Cisticola chubbi,nan
Cisticola hunteri,nan
Cisticola nigriloris,nan
Cisticola bakerorum,nan
Cisticola aberrans,nan
Cisticola bailunduensis,nan
Cisticola bodessa,nan
Cisticola chiniana,nan
Cisticola cinereolus,nan
Cisticola ruficeps,nan
Cisticola guinea,nan
Cisticola rufilatus,nan
Cisticola subruficapilla,nan
Cisticola distinctus,nan
Cisticola lais,nan
Cisticola restrictus,nan
Cisticola njombe,nan
Cisticola haematocephalus,nan
Cisticola anderseni,nan
Cisticola luapula,nan
Cisticola pipiens,nan
Cisticola lugubris,nan
Cisticola marginatus,nan
Cisticola galactotes,nan
Cisticola carruthersi,nan
Cisticola tinniens,nan
Cisticola robustus,nan
Cisticola natalensis,nan
Cisticola fulvicapilla,nan
Cisticola aberdare,nan
Cisticola angusticauda,nan
Cisticola melanurus,nan
Cisticola brachypterus,nan
Cisticola rufus,nan
Cisticola troglodytes,nan
Cisticola nana,nan
Cisticola juncidis,nan
Cisticola haesitatus,nan
Cisticola cherina,nan
Cisticola aridulus,nan
Cisticola textrix,nan
Cisticola eximius,nan
Cisticola dambo,nan
Cisticola brunnescens,nan
Cisticola cinnamomeus,nan
Cisticola ayresii,nan
Cisticola exilis,nan
Graueria vittata,nan
Nesillas aldabrana,nan
Nesillas typica,nan
Nesillas lantzii,nan
Nesillas brevicaudata,nan
Nesillas mariae,nan
Calamonastides gracilirostris,nan
Arundinax aedon,nan
Iduna caligata,nan
Iduna rama,nan
Iduna pallida,nan
Iduna opaca,nan
Iduna natalensis,nan
Iduna similis,nan
Hippolais languida,nan
Hippolais olivetorum,nan
Hippolais polyglotta,nan
Hippolais icterina,nan
Acrocephalus paludicola,nan
Acrocephalus bistrigiceps,nan
Acrocephalus sorghophilus,nan
Acrocephalus melanopogon,nan
Acrocephalus schoenobaenus,nan
Acrocephalus agricola,nan
Acrocephalus concinens,nan
Acrocephalus tangorum,nan
Acrocephalus dumetorum,nan
Acrocephalus orinus,nan
Acrocephalus palustris,nan
Acrocephalus scirpaceus,nan
Acrocephalus griseldis,nan
Acrocephalus gracilirostris,nan
Acrocephalus rufescens,nan
Acrocephalus brevipennis,nan
Acrocephalus newtoni,nan
Acrocephalus rodericanus,nan
Acrocephalus sechellensis,nan
Acrocephalus arundinaceus,nan
Acrocephalus orientalis,nan
Acrocephalus stentoreus,nan
Acrocephalus luscinius,nan
Acrocephalus hiwae,nan
Acrocephalus australis,nan
Acrocephalus syrinx,nan
Acrocephalus nijoi,nan
Acrocephalus aequinoctialis,nan
Acrocephalus mendanae,nan
Acrocephalus yamashinae,nan
Acrocephalus rehsei,nan
Acrocephalus familiaris,nan
Acrocephalus vaughani,nan
Acrocephalus taiti,nan
Acrocephalus kerearako,nan
Acrocephalus rimitarae,nan
Acrocephalus musae,nan
Acrocephalus caffer,nan
Acrocephalus longirostris,nan
Acrocephalus percernis,nan
Acrocephalus atyphus,nan
Acrocephalus astrolabii,nan
Robsonius rabori,nan
Robsonius thompsoni,nan
Robsonius sorsogonensis,nan
Helopsaltes fasciolatus,nan
Helopsaltes amnicola,nan
Helopsaltes pryeri,nan
Helopsaltes certhiola,nan
Helopsaltes ochotensis,nan
Helopsaltes pleskei,nan
Locustella lanceolata,nan
Locustella alfredi,nan
Locustella fluviatilis,nan
Locustella luscinioides,nan
Locustella luteoventris,nan
Locustella naevia,nan
Locustella major,nan
Locustella tacsanowskia,nan
Locustella accentor,nan
Locustella caudata,nan
Locustella castanea,nan
Locustella musculus,nan
Locustella portenta,nan
Locustella disturbans,nan
Locustella davidi,nan
Locustella kashmirensis,nan
Locustella thoracica,nan
Locustella alishanensis,nan
Locustella mandelli,nan
Locustella idonea,nan
Locustella chengi,nan
Locustella montis,nan
Locustella seebohmi,nan
Poodytes albolimbatus,nan
Poodytes carteri,nan
Poodytes gramineus,nan
Poodytes punctatus,nan
Poodytes rufescens,nan
Malia grata,nan
Cincloramphus cruralis,nan
Cincloramphus grosvenori,nan
Cincloramphus rubiginosus,nan
Cincloramphus bivittatus,nan
Cincloramphus mathewsi,nan
Cincloramphus timoriensis,nan
Cincloramphus macrurus,nan
Cincloramphus whitneyi,nan
Cincloramphus turipavae,nan
Cincloramphus mariae,nan
Cincloramphus rufus,nan
Cincloramphus llaneae,nan
Elaphrornis palliseri,nan
Schoenicola platyurus,nan
Schoenicola striatus,nan
Catriscus brevirostris,nan
Megalurus palustris,nan
Bradypterus sylvaticus,nan
Bradypterus bangwaensis,nan
Bradypterus barratti,nan
Bradypterus lopezi,nan
Bradypterus cinnamomeus,nan
Bradypterus seebohmi,nan
Bradypterus brunneus,nan
Bradypterus grandis,nan
Bradypterus baboecala,nan
Bradypterus carpalis,nan
Bradypterus graueri,nan
Bradypterus centralis,nan
Donacobius atricapilla,nan
Oxylabes madagascariensis,nan
Bernieria madagascariensis,nan
Cryptosylvicola randrianasoloi,nan
Hartertula flavoviridis,nan
Thamnornis chloropetoides,nan
Crossleyia xanthophrys,nan
Crossleyia tenebrosa,nan
Xanthomixis zosterops,nan
Xanthomixis apperti,nan
Xanthomixis cinereiceps,nan
Randia pseudozosterops,nan
Pnoepyga albiventer,nan
Pnoepyga formosana,nan
Pnoepyga immaculata,nan
Pnoepyga pusilla,nan
Pseudochelidon eurystomina,nan
Pseudochelidon sirintarae,nan
Psalidoprocne nitens,nan
Psalidoprocne fuliginosa,nan
Psalidoprocne albiceps,nan
Psalidoprocne pristoptera,nan
Psalidoprocne obscura,nan
Pseudhirundo griseopyga,nan
Cheramoeca leucosterna,nan
Phedina borbonica,nan
Neophedina cincta,nan
Phedinopsis brazzae,nan
Riparia paludicola,nan
Riparia cowani,nan
Riparia chinensis,nan
Riparia congica,nan
Riparia riparia,nan
Riparia diluta,nan
Tachycineta bicolor,nan
Tachycineta stolzmanni,nan
Tachycineta albiventer,nan
Tachycineta leucorrhoa,nan
Tachycineta leucopyga,nan
Tachycineta albilinea,nan
Tachycineta euchrysea,nan
Tachycineta thalassina,nan
Tachycineta cyaneoviridis,nan
Progne subis,nan
Progne cryptoleuca,nan
Progne dominicensis,nan
Progne sinaloae,nan
Progne chalybea,nan
Progne elegans,nan
Progne murphyi,nan
Progne modesta,nan
Progne tapera,nan
Stelgidopteryx serripennis,nan
Stelgidopteryx ruficollis,nan
Atticora pileata,nan
Atticora tibialis,nan
Atticora fasciata,nan
Pygochelidon cyanoleuca,nan
Pygochelidon melanoleuca,nan
Alopochelidon fucata,nan
Orochelidon flavipes,nan
Orochelidon murina,nan
Orochelidon andecola,nan
Ptyonoprogne rupestris,nan
Ptyonoprogne obsoleta,nan
Ptyonoprogne rufigula,nan
Ptyonoprogne fuligula,nan
Ptyonoprogne concolor,nan
Hirundo atrocaerulea,nan
Hirundo nigrorufa,nan
Hirundo dimidiata,nan
Hirundo domicola,nan
Hirundo javanica,nan
Hirundo tahitica,nan
Hirundo leucosoma,nan
Hirundo megaensis,nan
Hirundo neoxena,nan
Hirundo rustica,twittering (rapid)<br/>tit-tit-tit-tit (rapid staccato)
Hirundo lucida,nan
Hirundo aethiopica,nan
Hirundo angolensis,nan
Hirundo nigrita,nan
Hirundo albigularis,nan
Hirundo smithii,nan
Atronanus fuliginosus,nan
Delichon urbicum,nan
Delichon lagopodum,nan
Delichon dasypus,nan
Delichon nipalense,nan
Cecropis cucullata,nan
Cecropis rufula,nan
Cecropis melanocrissus,nan
Cecropis daurica,nan
Cecropis hyperythra,nan
Cecropis badia,nan
Cecropis abyssinica,nan
Cecropis semirufa,nan
Cecropis senegalensis,nan
Petrochelidon rufigula,nan
Petrochelidon preussi,nan
Petrochelidon perdita,nan
Petrochelidon spilodera,nan
Petrochelidon fluvicola,nan
Petrochelidon ariel,nan
Petrochelidon nigricans,nan
Petrochelidon pyrrhonota,nan
Petrochelidon fulva,nan
Petrochelidon rufocollaris,nan
Andropadus importunus,nan
Stelgidillas gracilirostris,nan
Calyptocichla serinus,nan
Neolestes torquatus,nan
Bleda syndactylus,nan
Bleda eximius,nan
Bleda notatus,nan
Bleda ugandae,nan
Bleda canicapillus,nan
Atimastillas flavicollis,nan
Atimastillas flavigula,nan
Ixonotus guttatus,nan
Thescelocichla leucopleura,nan
Chlorocichla laetissima,nan
Chlorocichla prigoginei,nan
Chlorocichla falkensteini,nan
Chlorocichla flaviventris,nan
Chlorocichla simplex,nan
Baeopogon indicator,nan
Baeopogon clamans,nan
Arizelocichla montana,nan
Arizelocichla masukuensis,nan
Arizelocichla tephrolaema,nan
Arizelocichla kikuyuensis,nan
Arizelocichla nigriceps,nan
Arizelocichla neumanni,nan
Arizelocichla fusciceps,nan
Arizelocichla striifacies,nan
Arizelocichla milanjensis,nan
Arizelocichla chlorigula,nan
Criniger barbatus,nan
Criniger chloronotus,nan
Criniger calurus,nan
Criniger ndussumensis,nan
Criniger olivaceus,nan
Eurillas virens,nan
Eurillas latirostris,nan
Eurillas curvirostris,nan
Eurillas gracilis,nan
Eurillas ansorgei,nan
Phyllastrephus debilis,nan
Phyllastrephus albigula,nan
Phyllastrephus albigularis,nan
Phyllastrephus viridiceps,nan
Phyllastrephus flavostriatus,nan
Phyllastrephus xavieri,nan
Phyllastrephus icterinus,nan
Phyllastrephus terrestris,nan
Phyllastrephus poensis,nan
Phyllastrephus strepitans,nan
Phyllastrephus cerviniventris,nan
Phyllastrephus fischeri,nan
Phyllastrephus cabanisi,nan
Phyllastrephus scandens,nan
Phyllastrephus lorenzi,nan
Phyllastrephus poliocephalus,nan
Phyllastrephus hypochloris,nan
Phyllastrephus baumanni,nan
Phyllastrephus fulviventris,nan
Tricholestes criniger,nan
Setornis criniger,nan
Alophoixus phaeocephalus,nan
Alophoixus frater,nan
Alophoixus tephrogenys,nan
Alophoixus ruficrissus,nan
Alophoixus bres,nan
Alophoixus flaveolus,nan
Alophoixus ochraceus,nan
Alophoixus pallidus,nan
Alcurus striatus,nan
Iole finschii,nan
Iole palawanensis,nan
Iole viridescens,nan
Iole crypta,nan
Iole charlottae,nan
Iole cacharensis,nan
Iole propinqua,nan
Hemixos flavala,nan
Hemixos cinereus,nan
Hemixos castanonotus,nan
Acritillas indica,nan
Ixos leucogrammicus,nan
Ixos sumatranus,nan
Ixos virescens,nan
Ixos malaccensis,nan
Ixos mcclellandii,nan
Hypsipetes nicobariensis,nan
Hypsipetes philippinus,nan
Hypsipetes mindorensis,nan
Hypsipetes siquijorensis,nan
Hypsipetes affinis,nan
Hypsipetes platenae,nan
Hypsipetes aureus,nan
Hypsipetes harterti,nan
Hypsipetes longirostris,nan
Hypsipetes chloris,nan
Hypsipetes lucasi,nan
Hypsipetes mysticalis,nan
Hypsipetes guimarasensis,nan
Hypsipetes everetti,nan
Hypsipetes catarmanensis,nan
Hypsipetes rufigularis,nan
Hypsipetes amaurotis,nan
Hypsipetes borbonicus,nan
Hypsipetes madagascariensis,nan
Hypsipetes olivaceus,nan
Hypsipetes thompsoni,nan
Hypsipetes leucocephalus,nan
Hypsipetes ganeesa,nan
Hypsipetes parvirostris,nan
Hypsipetes moheliensis,nan
Hypsipetes crassirostris,nan
Microtarsus eutilotus,nan
Microtarsus melanoleucos,nan
Microtarsus urostictus,nan
Microtarsus priocephalus,nan
Microtarsus melanocephalos,nan
Microtarsus fuscoflavescens,nan
Microtarsus nieuwenhuisii,nan
Rubigula erythropthalmos,nan
Rubigula cyaniventris,nan
Rubigula squamata,nan
Rubigula flaviventris,nan
Rubigula gularis,nan
Rubigula melanictera,nan
Rubigula dispar,nan
Rubigula montis,nan
Nok hualon,nan
Spizixos canifrons,nan
Spizixos semitorques,nan
Pycnonotus tympanistrigus,nan
Pycnonotus simplex,nan
Pycnonotus plumosus,nan
Pycnonotus brunneus,nan
Pycnonotus zeylanicus,nan
Pycnonotus pseudosimplex,nan
Pycnonotus cinereifrons,nan
Pycnonotus luteolus,nan
Pycnonotus blanfordi,nan
Pycnonotus conradi,nan
Pycnonotus davisoni,nan
Pycnonotus finlaysoni,nan
Pycnonotus flavescens,nan
Pycnonotus snouckaerti,nan
Pycnonotus bimaculatus,nan
Pycnonotus leucops,nan
Pycnonotus xantholaemus,nan
Pycnonotus penicillatus,nan
Pycnonotus xanthorrhous,nan
Pycnonotus sinensis,nan
Pycnonotus taivanus,nan
Pycnonotus barbatus,nan
Pycnonotus jocosus,nan
Pycnonotus goiavier,nan
Pycnonotus cafer,nan
Pycnonotus aurigaster,nan
Pycnonotus leucotis,nan
Pycnonotus leucogenys,nan
Pycnonotus xanthopygos,nan
Pycnonotus nigricans,nan
Pycnonotus capensis,nan
Phylloscopus sibilatrix,nan
Phylloscopus bonelli,nan
Phylloscopus orientalis,nan
Phylloscopus maculipennis,nan
Phylloscopus pulcher,nan
Phylloscopus inornatus,nan
Phylloscopus humei,nan
Phylloscopus subviridis,nan
Phylloscopus yunnanensis,nan
Phylloscopus proregulus,nan
Phylloscopus kansuensis,nan
Phylloscopus chloronotus,nan
Phylloscopus forresti,nan
Phylloscopus tytleri,nan
Phylloscopus schwarzi,nan
Phylloscopus armandii,nan
Phylloscopus griseolus,nan
Phylloscopus affinis,nan
Phylloscopus fuscatus,nan
Phylloscopus fuligiventer,nan
Phylloscopus neglectus,nan
Phylloscopus subaffinis,nan
Phylloscopus trochilus,nan
Phylloscopus sindianus,nan
Phylloscopus canariensis,nan
Phylloscopus collybita,nan
Phylloscopus ibericus,nan
Phylloscopus cebuensis,nan
Phylloscopus olivaceus,nan
Phylloscopus coronatus,nan
Phylloscopus ijimae,nan
Phylloscopus umbrovirens,nan
Phylloscopus ruficapilla,nan
Phylloscopus laetus,nan
Phylloscopus laurae,nan
Phylloscopus herberti,nan
Phylloscopus budongoensis,nan
Phylloscopus intermedius,nan
Phylloscopus poliogenys,nan
Phylloscopus burkii,nan
Phylloscopus tephrocephalus,nan
Phylloscopus whistleri,nan
Phylloscopus valentini,nan
Phylloscopus omeiensis,nan
Phylloscopus soror,nan
Phylloscopus nitidus,nan
Phylloscopus trochiloides,nan
Phylloscopus plumbeitarsus,nan
Phylloscopus emeiensis,nan
Phylloscopus magnirostris,nan
Phylloscopus tenellipes,nan
Phylloscopus borealoides,nan
Phylloscopus xanthodryas,nan
Phylloscopus borealis,nan
Phylloscopus examinandus,nan
Phylloscopus castaniceps,nan
Phylloscopus montis,nan
Phylloscopus grammiceps,nan
Phylloscopus calciatilis,nan
Phylloscopus cantator,nan
Phylloscopus ricketti,nan
Phylloscopus occipitalis,nan
Phylloscopus reguloides,nan
Phylloscopus claudiae,nan
Phylloscopus goodsoni,nan
Phylloscopus xanthoschistos,nan
Phylloscopus intensior,nan
Phylloscopus hainanus,nan
Phylloscopus ogilviegranti,nan
Phylloscopus trivirgatus,nan
Phylloscopus nigrorum,nan
Phylloscopus presbytes,nan
Phylloscopus rotiensis,nan
Phylloscopus makirensis,nan
Phylloscopus nesophilus,nan
Phylloscopus sarasinorum,nan
Phylloscopus poliocephalus,nan
Phylloscopus maforensis,nan
Phylloscopus misoriensis,nan
Phylloscopus amoenus,nan
Hylia prasina,nan
Pholidornis rushiae,nan
Erythrocercus mccallii,nan
Erythrocercus holochlorus,nan
Erythrocercus livingstonei,nan
Scotocerca inquieta,nan
Hemitesia neumanni,nan
Hemitesia pallidipes,nan
Urosphena subulata,nan
Urosphena whiteheadi,nan
Urosphena squameiceps,nan
Tesia cyaniventer,nan
Tesia olivea,nan
Tesia superciliaris,nan
Tesia everetti,nan
Cettia major,nan
Cettia brunnifrons,nan
Cettia castaneocoronata,nan
Cettia cetti,nan
Abroscopus superciliaris,nan
Abroscopus albogularis,nan
Abroscopus schisticeps,nan
Phyllergates cucullatus,nan
Phyllergates heterolaemus,nan
Tickellia hodgsoni,nan
Horornis seebohmi,nan
Horornis diphone,nan
Horornis canturians,nan
Horornis annae,nan
Horornis carolinae,nan
Horornis parens,nan
Horornis haddeni,nan
Horornis ruficapilla,nan
Horornis fortipes,nan
Horornis brunnescens,nan
Horornis acanthizoides,nan
Horornis flavolivaceus,nan
Leptopoecile sophiae,nan
Leptopoecile elegans,nan
Aegithalos caudatus,nan
Aegithalos glaucogularis,nan
Aegithalos leucogenys,nan
Aegithalos exilis,nan
Aegithalos concinnus,nan
Aegithalos niveogularis,nan
Aegithalos iouschistos,nan
Aegithalos fuliginosus,nan
Psaltriparus minimus,lisp (multiple; very hp)<br/>tsit (multiple; very hp)
Sylvia atricapilla,nan
Sylvia borin,nan
Sylvia dohrni,nan
Sylvia galinieri,nan
Sylvia nigricapillus,nan
Sylvia abyssinica,nan
Sylvia atriceps,nan
Curruca nisoria,nan
Curruca layardi,nan
Curruca boehmi,nan
Curruca subcoerulea,nan
Curruca curruca,nan
Curruca lugens,nan
Curruca buryi,nan
Curruca leucomelaena,nan
Curruca hortensis,nan
Curruca crassirostris,nan
Curruca deserti,nan
Curruca nana,nan
Curruca deserticola,nan
Curruca mystacea,nan
Curruca ruppeli,nan
Curruca melanothorax,nan
Curruca melanocephala,nan
Curruca subalpina,nan
Curruca iberiae,nan
Curruca cantillans,nan
Curruca communis,nan
Curruca conspicillata,nan
Curruca sarda,nan
Curruca undata,nan
Curruca balearica,nan
Myzornis pyrrhoura,nan
Moupinia poecilotis,nan
Lioparus chrysotis,nan
Chrysomma sinense,nan
Chrysomma altirostre,nan
Rhopophilus albosuperciliaris,nan
Rhopophilus pekinensis,nan
Fulvetta ruficapilla,nan
Fulvetta danisi,nan
Fulvetta striaticollis,nan
Fulvetta ludlowi,nan
Fulvetta vinipectus,nan
Fulvetta manipurensis,nan
Fulvetta cinereiceps,nan
Fulvetta formosana,nan
Chamaea fasciata,nan
Paradoxornis heudei,nan
Paradoxornis flavirostris,nan
Paradoxornis guttaticollis,nan
Paradoxornis aemodius,nan
Paradoxornis unicolor,nan
Paradoxornis paradoxus,nan
Paradoxornis gularis,nan
Paradoxornis margaritae,nan
Paradoxornis ruficeps,nan
Paradoxornis bakeri,nan
Suthora davidiana,nan
Suthora fulvifrons,nan
Suthora nipalensis,nan
Suthora verreauxi,nan
Suthora atrosuperciliaris,nan
Suthora conspicillata,nan
Suthora zappeyi,nan
Suthora ricketti,nan
Suthora brunnea,nan
Suthora webbiana,nan
Suthora alphonsiana,nan
Suthora przewalskii,nan
Parayuhina diademata,nan
Staphida everetti,nan
Staphida castaniceps,nan
Staphida torqueola,nan
Yuhina nigrimenta,nan
Yuhina brunneiceps,nan
Yuhina flavicollis,nan
Yuhina humilis,nan
Yuhina bakeri,nan
Yuhina gularis,nan
Yuhina occipitalis,nan
Dasycrotapha speciosa,nan
Dasycrotapha pygmaea,nan
Dasycrotapha plateni,nan
Sterrhoptilus capitalis,nan
Sterrhoptilus dennistouni,nan
Sterrhoptilus affinis,nan
Sterrhoptilus nigrocapitatus,nan
Zosterornis hypogrammicus,nan
Zosterornis striatus,nan
Zosterornis whiteheadi,nan
Zosterornis latistriatus,nan
Zosterornis nigrorum,nan
Cleptornis marchei,nan
Rukia ruki,nan
Rukia longirostra,nan
Megazosterops palauensis,nan
Heleia javanica,nan
Heleia pinaiae,nan
Heleia squamifrons,nan
Heleia goodfellowi,nan
Heleia squamiceps,nan
Heleia superciliaris,nan
Heleia dohertyi,nan
Heleia muelleri,nan
Heleia crassirostris,nan
Heleia wallacei,nan
Apalopteron familiare,nan
Tephrozosterops stalkeri,nan
Zosterops ceylonensis,nan
Zosterops nigrorum,nan
Zosterops atricapilla,nan
Zosterops flavilateralis,nan
Zosterops mbuluensis,nan
Zosterops erythropleurus,nan
Zosterops simplex,nan
Zosterops emiliae,nan
Zosterops japonicus,nan
Zosterops palpebrosus,nan
Zosterops meyeni,nan
Zosterops semiflavus,nan
Zosterops mouroniensis,nan
Zosterops olivaceus,nan
Zosterops chloronothos,nan
Zosterops borbonicus,nan
Zosterops mauritianus,nan
Zosterops abyssinicus,nan
Zosterops socotranus,nan
Zosterops melanocephalus,nan
Zosterops stenocricotus,nan
Zosterops stuhlmanni,nan
Zosterops eurycricotus,nan
Zosterops brunneus,nan
Zosterops poliogastrus,nan
Zosterops kaffensis,nan
Zosterops kikuyuensis,nan
Zosterops ficedulinus,nan
Zosterops griseovirescens,nan
Zosterops feae,nan
Zosterops lugubris,nan
Zosterops leucophaeus,nan
Zosterops silvanus,nan
Zosterops senegalensis,nan
Zosterops kasaicus,nan
Zosterops pallidus,nan
Zosterops winifredae,nan
Zosterops virens,nan
Zosterops anderssoni,nan
Zosterops vaughani,nan
Zosterops modestus,nan
Zosterops anjuanensis,nan
Zosterops comorensis,nan
Zosterops maderaspatanus,nan
Zosterops kirki,nan
Zosterops mayottensis,nan
Zosterops aldabrensis,nan
Zosterops chloris,nan
Zosterops meratusensis,nan
Zosterops flavissimus,nan
Zosterops atrifrons,nan
Zosterops nehrkorni,nan
Zosterops somadikartai,nan
Zosterops consobrinorum,nan
Zosterops anomalus,nan
Zosterops minor,nan
Zosterops meeki,nan
Zosterops dehaani,nan
Zosterops atriceps,nan
Zosterops buruensis,nan
Zosterops stalkeri,nan
Zosterops flavus,nan
Zosterops citrinella,nan
Zosterops luteus,nan
Zosterops lateralis,nan
Zosterops paruhbesar,nan
Zosterops auriventer,nan
Zosterops melanurus,nan
Zosterops everetti,nan
Zosterops vellalavella,nan
Zosterops sanctaecrucis,nan
Zosterops fuscicapilla,nan
Zosterops flavifrons,nan
Zosterops superciliosus,nan
Zosterops lacertosus,nan
Zosterops gibbsi,nan
Zosterops explorator,nan
Zosterops hypoxanthus,nan
Zosterops mysorensis,nan
Zosterops hamlini,nan
Zosterops oblitus,nan
Zosterops rendovae,nan
Zosterops oleagineus,nan
Zosterops finschii,nan
Zosterops ponapensis,nan
Zosterops cinereus,nan
Zosterops rotensis,nan
Zosterops metcalfii,nan
Zosterops stresemanni,nan
Zosterops novaeguineae,nan
Zosterops kuehni,nan
Zosterops grayi,nan
Zosterops luteirostris,nan
Zosterops uropygialis,nan
Zosterops splendidus,nan
Zosterops kulambangrae,nan
Zosterops tetiparius,nan
Zosterops natalis,nan
Zosterops conspicillatus,nan
Zosterops semperi,nan
Zosterops hypolais,nan
Zosterops griseotinctus,nan
Zosterops murphyi,nan
Zosterops inornatus,nan
Zosterops albogularis,nan
Zosterops samoensis,nan
Zosterops strenuus,nan
Zosterops tenuirostris,nan
Zosterops minutus,nan
Zosterops xanthochroa,nan
Zosterops rennellianus,nan
Timalia pileata,nan
Dumetia hyperythra,nan
Dumetia atriceps,nan
Mixornis kelleyi,nan
Mixornis flavicollis,nan
Mixornis prillwitzi,nan
Mixornis gularis,nan
Mixornis bornensis,nan
Macronus ptilosus,nan
Macronus striaticeps,nan
Cyanoderma chrysaeum,nan
Cyanoderma erythropterum,nan
Cyanoderma bicolor,nan
Cyanoderma melanothorax,nan
Cyanoderma rufifrons,nan
Cyanoderma pyrrhops,nan
Cyanoderma ruficeps,nan
Spelaeornis caudatus,nan
Spelaeornis badeigularis,nan
Spelaeornis troglodytoides,nan
Spelaeornis kinneari,nan
Spelaeornis chocolatinus,nan
Spelaeornis oatesi,nan
Spelaeornis longicaudatus,nan
Spelaeornis reptatus,nan
Melanocichla lugubris,nan
Melanocichla calva,nan
Pomatorhinus ferruginosus,nan
Pomatorhinus phayrei,nan
Pomatorhinus ochraceiceps,nan
Pomatorhinus superciliaris,nan
Pomatorhinus ruficollis,nan
Pomatorhinus musicus,nan
Pomatorhinus schisticeps,nan
Pomatorhinus horsfieldii,nan
Pomatorhinus melanurus,nan
Pomatorhinus bornensis,nan
Pomatorhinus montanus,nan
Erythrogenys hypoleucos,nan
Erythrogenys erythrogenys,nan
Erythrogenys imberbis,nan
Erythrogenys mcclellandi,nan
Erythrogenys gravivox,nan
Erythrogenys swinhoei,nan
Erythrogenys erythrocnemis,nan
Stachyris nigricollis,nan
Stachyris grammiceps,nan
Stachyris maculata,nan
Stachyris nigriceps,nan
Stachyris poliocephala,nan
Stachyris nonggangensis,nan
Stachyris herberti,nan
Stachyris humei,nan
Stachyris roberti,nan
Stachyris leucotis,nan
Stachyris thoracica,nan
Stachyris oglei,nan
Stachyris strialata,nan
Graminicola bengalensis,nan
Graminicola striatus,nan
Turdinus macrodactylus,nan
Turdinus marmoratus,nan
Turdinus atrigularis,nan
Malacopteron affine,nan
Malacopteron albogulare,nan
Malacopteron cinereum,nan
Malacopteron magnum,nan
Malacopteron magnirostre,nan
Malacopteron palawanense,nan
Gampsorhynchus rufulus,nan
Gampsorhynchus torquatus,nan
Schoeniparus cinereus,nan
Schoeniparus castaneceps,nan
Schoeniparus klossi,nan
Schoeniparus variegaticeps,nan
Schoeniparus rufogularis,nan
Schoeniparus dubius,nan
Schoeniparus brunneus,nan
Pellorneum ruficeps,nan
Pellorneum fuscocapillus,nan
Pellorneum palustre,nan
Pellorneum nigrocapitatum,nan
Pellorneum capistratoides,nan
Pellorneum capistratum,nan
Pellorneum malaccense,nan
Pellorneum cinereiceps,nan
Pellorneum albiventre,nan
Pellorneum tickelli,nan
Pellorneum buettikoferi,nan
Pellorneum pyrrogenys,nan
Pellorneum rostratum,nan
Pellorneum bicolor,nan
Pellorneum celebense,nan
Laticilla burnesii,nan
Laticilla cinerascens,nan
Illadopsis fulvescens,nan
Illadopsis rufipennis,nan
Illadopsis distans,nan
Illadopsis pyrrhoptera,nan
Illadopsis cleaveri,nan
Illadopsis albipectus,nan
Illadopsis turdina,nan
Illadopsis puveli,nan
Illadopsis rufescens,nan
Kenopia striata,nan
Malacocincla abbotti,nan
Malacocincla sepiaria,nan
Malacocincla perspicillata,nan
Gypsophila crassa,nan
Gypsophila brevicaudata,nan
Gypsophila annamensis,nan
Gypsophila calcicola,nan
Gypsophila crispifrons,nan
Gypsophila rufipectus,nan
Ptilocichla mindanensis,nan
Ptilocichla leucogrammica,nan
Ptilocichla falcata,nan
Napothera epilepidota,nan
Napothera malacoptila,nan
Napothera albostriata,nan
Napothera pasquieri,nan
Napothera naungmungensis,nan
Napothera danjoui,nan
Alcippe poioicephala,nan
Alcippe grotei,nan
Alcippe brunneicauda,nan
Alcippe pyrrhoptera,nan
Alcippe nipalensis,nan
Alcippe davidi,nan
Alcippe hueti,nan
Alcippe morrisonia,nan
Alcippe fratercula,nan
Alcippe peracensis,nan
Grammatoptila striata,nan
Cutia nipalensis,nan
Cutia legalleni,nan
Laniellus langbianis,nan
Laniellus albonotatus,nan
Trochalopteron subunicolor,nan
Trochalopteron austeni,nan
Trochalopteron squamatum,nan
Trochalopteron lineatum,nan
Trochalopteron imbricatum,nan
Trochalopteron virgatum,nan
Trochalopteron variegatum,nan
Trochalopteron affine,nan
Trochalopteron morrisonianum,nan
Trochalopteron henrici,nan
Trochalopteron elliotii,nan
Trochalopteron milnei,nan
Trochalopteron yersini,nan
Trochalopteron erythrocephalum,nan
Trochalopteron chrysopterum,nan
Trochalopteron formosum,nan
Trochalopteron melanostigma,nan
Trochalopteron ngoclinhense,nan
Trochalopteron peninsulae,nan
Montecincla jerdoni,nan
Montecincla cachinnans,nan
Montecincla fairbanki,nan
Montecincla meridionalis,nan
Heterophasia picaoides,nan
Heterophasia auricularis,nan
Heterophasia capistrata,nan
Heterophasia pulchella,nan
Heterophasia gracilis,nan
Heterophasia melanoleuca,nan
Heterophasia desgodinsi,nan
Actinodura nipalensis,nan
Actinodura morrisoniana,nan
Actinodura waldeni,nan
Actinodura souliei,nan
Actinodura cyanouroptera,nan
Actinodura strigula,nan
Actinodura egertoni,nan
Actinodura ramsayi,nan
Actinodura sodangorum,nan
Leiothrix lutea,nan
Leiothrix argentauris,nan
Minla ignotincta,nan
Leioptila annectens,nan
Liocichla bugunorum,nan
Liocichla omeiensis,nan
Liocichla steerii,nan
Liocichla phoenicea,nan
Liocichla ripponi,nan
Argya malcolmi,nan
Argya cinereifrons,nan
Argya longirostris,nan
Argya subrufa,nan
Argya rufescens,nan
Argya striata,nan
Argya affinis,nan
Argya rubiginosa,nan
Argya aylmeri,nan
Argya altirostris,nan
Argya huttoni,nan
Argya caudata,nan
Argya fulva,nan
Argya squamiceps,nan
Argya earlei,nan
Argya gularis,nan
Turdoides nipalensis,nan
Turdoides atripennis,nan
Turdoides gilberti,nan
Turdoides chapini,nan
Turdoides rufocinctus,nan
Turdoides plebejus,nan
Turdoides leucopygia,nan
Turdoides hindei,nan
Turdoides squamulata,nan
Turdoides jardineii,nan
Turdoides gymnogenys,nan
Turdoides leucocephala,nan
Turdoides reinwardtii,nan
Turdoides tenebrosa,nan
Turdoides bicolor,nan
Turdoides hartlaubii,nan
Turdoides sharpei,nan
Turdoides melanops,nan
Turdoides hypoleuca,nan
Garrulax merulinus,nan
Garrulax annamensis,nan
Garrulax canorus,nan
Garrulax taewanus,nan
Garrulax monileger,nan
Garrulax rufifrons,nan
Garrulax palliatus,nan
Garrulax leucolophus,nan
Garrulax bicolor,nan
Garrulax milleti,nan
Garrulax strepitans,nan
Garrulax ferrarius,nan
Garrulax maesi,nan
Garrulax castanotis,nan
Ianthocincla sukatschewi,nan
Ianthocincla rufogularis,nan
Ianthocincla konkakinhensis,nan
Ianthocincla cineracea,nan
Ianthocincla ocellata,nan
Ianthocincla maxima,nan
Ianthocincla bieti,nan
Ianthocincla lunulata,nan
Pterorhinus delesserti,nan
Pterorhinus gularis,nan
Pterorhinus vassali,nan
Pterorhinus galbanus,nan
Pterorhinus courtoisi,nan
Pterorhinus mitratus,nan
Pterorhinus treacheri,nan
Pterorhinus ruficollis,nan
Pterorhinus nuchalis,nan
Pterorhinus chinensis,nan
Pterorhinus sannio,nan
Pterorhinus perspicillatus,nan
Pterorhinus pectoralis,nan
Pterorhinus davidi,nan
Pterorhinus woodi,nan
Pterorhinus lanceolatus,nan
Pterorhinus waddelli,nan
Pterorhinus koslowi,nan
Pterorhinus albogularis,nan
Pterorhinus ruficeps,nan
Pterorhinus caerulatus,nan
Pterorhinus berthemyi,nan
Pterorhinus poecilorhynchus,nan
Corthylio calendula,ji-dit; ji-dit; ji-dit (rattly)<br/>too-fritchyoo-fritchyoo-fritchyoo-
Regulus satrapa,see-see-see- (hp)
Regulus regulus,nan
Regulus goodfellowi,nan
Regulus madeirensis,nan
Regulus ignicapilla,nan
Tichodroma muraria,nan
Sitta leucopsis,nan
Sitta przewalskii,nan
Sitta magna,nan
Sitta carolinensis,anh-anh-anh-anh- (nasally)<br/>tooy-tooy-tooy-tooy<br/>wee-wee-wee-wee-who-who-who-who-
Sitta formosa,nan
Sitta azurea,nan
Sitta frontalis,nan
Sitta solangiae,nan
Sitta oenochlamys,nan
Sitta pygmaea,pippit; pippit; pippit 
Sitta pusilla,kit-kit-kit-..or ki-dit; ki-dit  (rapid)
Sitta insularis,nan
Sitta yunnanensis,nan
Sitta ledanti,nan
Sitta krueperi,nan
Sitta canadensis,ank-ank-ank (nasal monotone)
Sitta whiteheadi,nan
Sitta villosa,nan
Sitta neumayer,nan
Sitta tephronota,nan
Sitta arctica,nan
Sitta victoriae,nan
Sitta himalayensis,nan
Sitta castanea,nan
Sitta cinnamoventris,nan
Sitta neglecta,nan
Sitta europaea,nan
Sitta nagaensis,nan
Sitta cashmirensis,nan
Salpornis salvadori,nan
Salpornis spilonota,nan
Certhia familiaris,nan
Certhia hodgsoni,nan
Certhia tianquanensis,nan
Certhia americana,trill (hp; rapid) always as individuals
Certhia brachydactyla,nan
Certhia himalayana,nan
Certhia nipalensis,nan
Certhia discolor,nan
Certhia manipurensis,nan
Microbates collaris,nan
Microbates cinereiventris,nan
Ramphocaenus melanurus,nan
Ramphocaenus sticturus,nan
Polioptila guianensis,nan
Polioptila schistaceigula,nan
Polioptila clementsi,nan
Polioptila facilis,nan
Polioptila attenboroughi,nan
Polioptila paraensis,nan
Polioptila dumicola,nan
Polioptila lactea,nan
Polioptila lembeyei,nan
Polioptila plumbea,nan
Polioptila maior,nan
Polioptila albiventris,nan
Polioptila bilineata,nan
Polioptila caerulea,zpeee (a bit raspy)
Polioptila melanura,nan
Polioptila californica,nan
Polioptila nigriceps,nan
Polioptila albiloris,nan
Salpinctes obsoletus,ch-reee; ch-reee; ch-reee (a bit trilly-buzzy)<br/>chee-urr; chee-urr; chee-urr (a bit raspy)<br/>tik-eer
Microcerculus philomela,nan
Microcerculus marginatus,nan
Microcerculus ustulatus,nan
Microcerculus bambla,nan
Odontorchilus branickii,nan
Odontorchilus cinereus,nan
Catherpes mexicanus,tewee; tewee; tewee (slowing)<br/>tsheee (raspy; metallic)
Hylorchilus sumichrasti,nan
Hylorchilus navai,nan
Ferminia cerverai,nan
Troglodytes aedon,nan
Troglodytes beani,nan
Troglodytes martinicensis,nan
Troglodytes mesoleucus,nan
Troglodytes musicus,nan
Troglodytes grenadensis,nan
Troglodytes musculus,nan
Troglodytes cobbi,nan
Troglodytes sissonii,nan
Troglodytes tanneri,nan
Troglodytes rufociliatus,nan
Troglodytes ochraceus,nan
Troglodytes solstitialis,nan
Troglodytes monticola,nan
Troglodytes rufulus,nan
Troglodytes troglodytes,nan
Troglodytes pacificus,nan
Troglodytes hiemalis,varied; complicated; bubbly and busy
Thryorchilus browni,nan
Cistothorus stellaris,chip; chip or chip; chip; chrrrrr-rrr
Cistothorus platensis,nan
Cistothorus meridae,nan
Cistothorus apolinari,nan
Cistothorus palustris,varied; complicated; fast; bubbly and busy
Thryothorus ludovicianus,brrrrrrr (a brief; downslurred; rapid trill like thumbing comb tines)<br/>chooble-dee (varied triplet phrases)<br/>tea-kettle; tea-kettle; tea-kettle
Thryomanes bewickii,like Song Sparrow; but thinner; more rapid
Campylorhynchus albobrunneus,nan
Campylorhynchus zonatus,nan
Campylorhynchus megalopterus,nan
Campylorhynchus chiapensis,nan
Campylorhynchus humilis,nan
Campylorhynchus rufinucha,nan
Campylorhynchus capistratus,nan
Campylorhynchus gularis,nan
Campylorhynchus jocosus,nan
Campylorhynchus yucatanicus,nan
Campylorhynchus brunneicapillus,nan
Campylorhynchus nuchalis,nan
Campylorhynchus fasciatus,nan
Campylorhynchus griseus,nan
Campylorhynchus turdinus,nan
Pheugopedius spadix,nan
Pheugopedius fasciatoventris,nan
Pheugopedius euophrys,nan
Pheugopedius schulenbergi,nan
Pheugopedius eisenmanni,nan
Pheugopedius mystacalis,nan
Pheugopedius genibarbis,nan
Pheugopedius coraya,nan
Pheugopedius rutilus,nan
Pheugopedius maculipectus,nan
Pheugopedius sclateri,nan
Pheugopedius felix,nan
Pheugopedius atrogularis,nan
Thryophilus sinaloa,nan
Thryophilus pleurostictus,nan
Thryophilus rufalbus,nan
Thryophilus sernai,nan
Thryophilus nicefori,nan
Cantorchilus thoracicus,nan
Cantorchilus leucopogon,nan
Cantorchilus modestus,nan
Cantorchilus zeledoni,nan
Cantorchilus elutus,nan
Cantorchilus semibadius,nan
Cantorchilus nigricapillus,nan
Cantorchilus superciliaris,nan
Cantorchilus leucotis,nan
Cantorchilus longirostris,nan
Cantorchilus guarayanus,nan
Cantorchilus griseus,nan
Cinnycerthia unirufa,nan
Cinnycerthia olivascens,nan
Cinnycerthia peruana,nan
Cinnycerthia fulva,nan
Uropsila leucogastra,nan
Henicorhina leucosticta,nan
Henicorhina leucoptera,nan
Henicorhina leucophrys,nan
Henicorhina anachoreta,nan
Henicorhina negreti,nan
Cyphorhinus dichrous,nan
Cyphorhinus thoracicus,nan
Cyphorhinus phaeocephalus,nan
Cyphorhinus arada,nan
Elachura formosa,nan
Cinclus cinclus,nan
Cinclus pallasii,nan
Cinclus mexicanus,nan
Cinclus leucocephalus,nan
Cinclus schulzii,nan
Buphagus erythroryncha,nan
Buphagus africanus,nan
Rhabdornis mystacalis,nan
Rhabdornis grandis,nan
Rhabdornis inornatus,nan
Rhabdornis rabori,nan
Enodes erythrophris,nan
Scissirostrum dubium,nan
Aplonis metallica,nan
Aplonis mystacea,nan
Aplonis crassa,nan
Aplonis feadensis,nan
Aplonis insularis,nan
Aplonis magna,nan
Aplonis brunneicapillus,nan
Aplonis grandis,nan
Aplonis dichroa,nan
Aplonis zelandica,nan
Aplonis striata,nan
Aplonis pelzelni,nan
Aplonis cantoroides,nan
Aplonis santovestris,nan
Aplonis panayensis,nan
Aplonis mysolensis,nan
Aplonis minor,nan
Aplonis opaca,nan
Aplonis tabuensis,nan
Aplonis atrifusca,nan
Aplonis corvina,nan
Aplonis cinerascens,nan
Aplonis mavornata,nan
Aplonis fusca,nan
Aplonis ulietensis,nan
Basilornis celebensis,nan
Basilornis galeatus,nan
Basilornis corythaix,nan
Goodfellowia miranda,nan
Sarcops calvus,nan
Streptocitta albicollis,nan
Streptocitta albertinae,nan
Mino dumontii,nan
Mino anais,nan
Mino kreffti,nan
Ampeliceps coronatus,nan
Gracula ptilogenys,nan
Gracula religiosa,nan
Gracula venerata,nan
Gracula indica,nan
Sturnus vulgaris,nan
Sturnus unicolor,nan
Creatophora cinerea,nan
Pastor roseus,nan
Agropsar sturninus,nan
Agropsar philippensis,nan
Gracupica nigricollis,nan
Gracupica contra,nan
Gracupica floweri,nan
Gracupica jalla,nan
Sturnornis albofrontatus,nan
Leucopsar rothschildi,nan
Necropsar rodericanus,nan
Fregilupus varius,nan
Sturnia sinensis,nan
Sturnia pagodarum,nan
Sturnia malabarica,nan
Sturnia blythii,nan
Sturnia erythropygia,nan
Spodiopsar sericeus,nan
Spodiopsar cineraceus,nan
Acridotheres tristis,nan
Acridotheres ginginianus,nan
Acridotheres burmannicus,nan
Acridotheres leucocephalus,nan
Acridotheres melanopterus,nan
Acridotheres fuscus,nan
Acridotheres javanicus,nan
Acridotheres cinereus,nan
Acridotheres albocinctus,nan
Acridotheres grandis,nan
Acridotheres cristatellus,nan
Hartlaubius auratus,nan
Cinnyricinclus leucogaster,nan
Onychognathus tenuirostris,nan
Onychognathus nabouroup,nan
Onychognathus neumanni,nan
Onychognathus morio,nan
Onychognathus fulgidus,nan
Onychognathus walleri,nan
Onychognathus tristramii,nan
Onychognathus albirostris,nan
Onychognathus salvadorii,nan
Onychognathus blythii,nan
Onychognathus frater,nan
Saroglossa spilopterus,nan
Neocichla gutturalis,nan
Grafisia torquata,nan
Speculipastor bicolor,nan
Pholia sharpii,nan
Arizelopsar femoralis,nan
Poeoptera lugubris,nan
Poeoptera stuhlmanni,nan
Poeoptera kenricki,nan
Notopholia corusca,nan
Hylopsar purpureiceps,nan
Hylopsar cupreocauda,nan
Lamprotornis hildebrandti,nan
Lamprotornis shelleyi,nan
Lamprotornis australis,nan
Lamprotornis purpuroptera,nan
Lamprotornis caudatus,nan
Lamprotornis mevesii,nan
Lamprotornis unicolor,nan
Lamprotornis splendidus,nan
Lamprotornis ornatus,nan
Lamprotornis regius,nan
Lamprotornis superbus,nan
Lamprotornis pulcher,nan
Lamprotornis bicolor,nan
Lamprotornis albicapillus,nan
Lamprotornis fischeri,nan
Lamprotornis chloropterus,nan
Lamprotornis acuticaudus,nan
Lamprotornis chalybaeus,nan
Lamprotornis iris,nan
Lamprotornis purpureus,nan
Lamprotornis nitens,nan
Lamprotornis chalcurus,nan
Melanotis caerulescens,nan
Melanotis hypoleucus,nan
Melanoptila glabrirostris,nan
Dumetella carolinensis,meeeee-ew or maaaaaanh (nasal)<br/>varied mocker-like phrases (seldom repeated)
Ramphocinclus brachyurus,nan
Ramphocinclus sanctaeluciae,nan
Allenia fusca,nan
Margarops fuscatus,nan
Cinclocerthia ruficauda,nan
Cinclocerthia gutturalis,nan
Toxostoma curvirostre,nan
Toxostoma ocellatum,nan
Toxostoma rufum,varied mocker-like phrases (repeated 2x)<br/>drop-it; drop-it; cover-it-up; <br/>cover-it-up; pull-it-up; pull-it-up
Toxostoma longirostre,nan
Toxostoma guttatum,nan
Toxostoma bendirei,nan
Toxostoma cinereum,nan
Toxostoma redivivum,nan
Toxostoma lecontei,nan
Toxostoma crissale,nan
Oreoscoptes montanus,nan
Mimus thenca,nan
Mimus patagonicus,nan
Mimus saturninus,nan
Mimus triurus,nan
Mimus dorsalis,nan
Mimus gundlachii,nan
Mimus parvulus,nan
Mimus trifasciatus,nan
Mimus macdonaldi,nan
Mimus melanotis,nan
Mimus longicaudatus,nan
Mimus graysoni,nan
Mimus gilvus,nan
Mimus polyglottos,varied phrases (thrice or more repeated)
Pinarornis plumosus,nan
Grandala coelicolor,nan
Sialia sialis,pew or mew (sharply)<br/>chatter (harsh; brief)
Sialia mexicana,few (sofly)
Sialia currucoides,nan
Stizorhina fraseri,nan
Stizorhina finschi,nan
Neocossyphus rufus,nan
Neocossyphus poensis,nan
Myadestes townsendi,nan
Myadestes occidentalis,nan
Myadestes elisabeth,nan
Myadestes genibarbis,nan
Myadestes melanops,nan
Myadestes coloratus,nan
Myadestes unicolor,nan
Myadestes ralloides,nan
Myadestes myadestinus,nan
Myadestes woahensis,nan
Myadestes lanaiensis,nan
Myadestes obscurus,nan
Myadestes palmeri,nan
Zoothera dixoni,nan
Zoothera mollissima,nan
Zoothera salimalii,nan
Zoothera griseiceps,nan
Zoothera heinrichi,nan
Zoothera marginata,nan
Zoothera monticola,nan
Zoothera everetti,nan
Zoothera andromedae,nan
Zoothera aurea,nan
Zoothera dauma,nan
Zoothera major,nan
Zoothera neilgherriensis,nan
Zoothera imbricata,nan
Zoothera terrestris,nan
Zoothera margaretae,nan
Zoothera turipavae,nan
Zoothera lunulata,nan
Zoothera talaseae,nan
Zoothera atrigena,nan
Zoothera heinei,nan
Zoothera machiki,nan
Chlamydochaera jefferyi,nan
Cochoa purpurea,nan
Cochoa viridis,nan
Cochoa beccarii,nan
Cochoa azurea,nan
Ixoreus naevius,chyup
Catharus gracilirostris,nan
Catharus aurantiirostris,nan
Catharus fuscater,nan
Catharus occidentalis,nan
Catharus frantzii,nan
Catharus mexicanus,nan
Catharus dryas,nan
Catharus maculatus,nan
Catharus fuscescens,veer-veer-veer-veer- (ethereal)
Catharus minimus,whee-wheeo-titi-whee (thin; nasal)
Catharus bicknelli,nan
Catharus ustulatus,rurrip; rurrip   whit; whit
Catharus guttatus,veer-veer-veer-veer-<br/>Why don'tcha come to me? <br/>Here I am right near you
Hylocichla mustelina,chk-chk-chk (dry-subtle)<br/>ra-vi-o-li (flute-like)<br/>ee-oh-lay (flute-like - last note trilly)<br/>ra-vi-o-li (flute-like)<br/>oo-duh-lay-oh or oodle-drrrr (last note trilly)<br/>fweet-fweet-fweet (rapid-fire)
Entomodestes coracinus,nan
Entomodestes leucotis,nan
Cichlopsis leucogenys,nan
Ridgwayia pinicola,nan
Geokichla sibirica,nan
Geokichla wardii,nan
Geokichla guttata,nan
Geokichla camaronensis,nan
Geokichla princei,nan
Geokichla crossleyi,nan
Geokichla oberlaenderi,nan
Geokichla piaggiae,nan
Geokichla gurneyi,nan
Geokichla spiloptera,nan
Geokichla cinerea,nan
Geokichla dumasi,nan
Geokichla joiceyi,nan
Geokichla interpres,nan
Geokichla leucolaema,nan
Geokichla dohertyi,nan
Geokichla peronii,nan
Geokichla schistacea,nan
Geokichla erythronota,nan
Geokichla mendeni,nan
Geokichla citrina,nan
Turdus mupinensis,nan
Turdus simensis,nan
Turdus litsitsirupa,nan
Turdus viscivorus,nan
Turdus philomelos,nan
Turdus tephronotus,nan
Turdus ludoviciae,nan
Turdus menachensis,nan
Turdus mandarinus,nan
Turdus bewsheri,nan
Turdus libonyana,nan
Turdus olivaceus,nan
Turdus abyssinicus,nan
Turdus helleri,nan
Turdus roehli,nan
Turdus xanthorhynchus,nan
Turdus olivaceofuscus,nan
Turdus niveiceps,nan
Turdus boulboul,nan
Turdus simillimus,nan
Turdus pelios,nan
Turdus smithi,nan
Turdus iliacus,nan
Turdus merula,nan
Turdus unicolor,nan
Turdus dissimilis,nan
Turdus hortulorum,nan
Turdus cardis,nan
Turdus mindorensis,nan
Turdus thomassoni,nan
Turdus nigrorum,nan
Turdus erythropleurus,nan
Turdus schlegelii,nan
Turdus javanicus,nan
Turdus deningeri,nan
Turdus papuensis,nan
Turdus heinrothi,nan
Turdus bougainvillei,nan
Turdus kulambangrae,nan
Turdus vanikorensis,nan
Turdus pritzbueri,nan
Turdus xanthopus,nan
Turdus poliocephalus,nan
Turdus samoensis,nan
Turdus ruficeps,nan
Turdus maximus,nan
Turdus kessleri,nan
Turdus pallidus,nan
Turdus obscurus,nan
Turdus feae,nan
Turdus celaenops,nan
Turdus chrysolaus,nan
Turdus pilaris,nan
Turdus albocinctus,nan
Turdus rubrocanus,nan
Turdus torquatus,nan
Turdus atrogularis,nan
Turdus ruficollis,nan
Turdus eunomus,nan
Turdus naumanni,nan
Turdus turdoides,nan
Turdus ravidus,nan
Turdus aurantius,nan
Turdus plumbeus,nan
Turdus ardosiaceus,nan
Turdus infuscatus,nan
Turdus nigrescens,nan
Turdus rufitorques,nan
Turdus migratorius,"cheer-up; cheer-a-lee; cheer-ee-o, whinny"
Turdus rufopalliatus,nan
Turdus plebejus,nan
Turdus swalesi,nan
Turdus jamaicensis,nan
Turdus leucops,nan
Turdus lherminieri,nan
Turdus fulviventris,nan
Turdus reevei,nan
Turdus serranus,nan
Turdus olivater,nan
Turdus nigriceps,nan
Turdus fuscater,nan
Turdus chiguanco,nan
Turdus falcklandii,nan
Turdus eremita,nan
Turdus amaurochalinus,nan
Turdus ignobilis,nan
Turdus arthuri,nan
Turdus maranonicus,nan
Turdus flavipes,nan
Turdus subalaris,nan
Turdus murinus,nan
Turdus lawrencii,nan
Turdus obsoletus,nan
Turdus assimilis,nan
Turdus daguae,nan
Turdus albicollis,nan
Turdus leucomelas,nan
Turdus hauxwelli,nan
Turdus fumigatus,nan
Turdus rufiventris,nan
Turdus haplochrous,nan
Turdus nudigenis,nan
Turdus sanchezorum,nan
Turdus maculirostris,nan
Turdus grayi,nan
Muscicapa griseisticta,nan
Muscicapa sibirica,nan
Muscicapa ferruginea,nan
Muscicapa dauurica,nan
Muscicapa randi,nan
Muscicapa segregata,nan
Muscicapa muttui,nan
Muscicapa sodhii,nan
Muscicapa williamsoni,nan
Muscicapa adusta,nan
Muscicapa epulata,nan
Muscicapa sethsmithi,nan
Muscicapa striata,nan
Muscicapa gambagae,nan
Muscicapa aquatica,nan
Muscicapa cassini,nan
Myopornis boehmi,nan
Artomyias ussheri,nan
Artomyias fuliginosa,nan
Bradornis comitatus,nan
Bradornis mariquensis,nan
Bradornis microrhynchus,nan
Agricola pallidus,nan
Agricola infuscatus,nan
Fraseria cinerascens,nan
Fraseria ocreata,nan
Fraseria griseigularis,nan
Fraseria plumbea,nan
Fraseria olivascens,nan
Fraseria lendu,nan
Fraseria tessmanni,nan
Fraseria caerulescens,nan
Namibornis herero,nan
Empidornis semipartitus,nan
Sigelus silens,nan
Melaenornis ardesiacus,nan
Melaenornis annamarulae,nan
Melaenornis edolioides,nan
Melaenornis pammelaina,nan
Melaenornis fischeri,nan
Melaenornis brunneus,nan
Melaenornis chocolatinus,nan
Humblotia flavirostris,nan
Alethe diademata,nan
Alethe castanea,nan
Tychaedon coryphoeus,nan
Tychaedon leucosticta,nan
Tychaedon signata,nan
Tychaedon quadrivirgata,nan
Tychaedon barbata,nan
Cercotrichas podobe,nan
Cercotrichas galactotes,nan
Cercotrichas paena,nan
Cercotrichas hartlaubi,nan
Cercotrichas leucophrys,nan
Copsychus fulicatus,nan
Copsychus saularis,nan
Copsychus pyrropygus,nan
Copsychus albospecularis,nan
Copsychus sechellarum,nan
Copsychus mindanensis,nan
Copsychus malabaricus,nan
Copsychus leggei,nan
Copsychus stricklandii,nan
Copsychus barbouri,nan
Copsychus nigricauda,nan
Copsychus albiventris,nan
Copsychus omissus,nan
Copsychus luzoniensis,nan
Copsychus superciliaris,nan
Copsychus niger,nan
Copsychus cebuensis,nan
Leucoptilon concretum,nan
Sholicola major,nan
Sholicola albiventris,nan
Niltava grandis,nan
Niltava macgrigoriae,nan
Niltava davidi,nan
Niltava sundara,nan
Niltava sumatrana,nan
Niltava oatesi,nan
Niltava vivida,nan
Cyanoptila cyanomelana,nan
Cyanoptila cumatilis,nan
Eumyias sanfordi,nan
Eumyias hoevelli,nan
Eumyias hyacinthinus,nan
Eumyias oscillans,nan
Eumyias stresemanni,nan
Eumyias sordidus,nan
Eumyias albicaudatus,nan
Eumyias indigo,nan
Eumyias thalassinus,nan
Eumyias additus,nan
Eumyias panayensis,nan
Anthipes monileger,nan
Anthipes solitaris,nan
Cyornis ruckii,nan
Cyornis herioti,nan
Cyornis camarinensis,nan
Cyornis hainanus,nan
Cyornis pallidipes,nan
Cyornis poliogenys,nan
Cyornis unicolor,nan
Cyornis rubeculoides,nan
Cyornis glaucicomans,nan
Cyornis magnirostris,nan
Cyornis whitei,nan
Cyornis banyumas,nan
Cyornis montanus,nan
Cyornis kadayangensis,nan
Cyornis caerulatus,nan
Cyornis turcosus,nan
Cyornis lemprieri,nan
Cyornis superbus,nan
Cyornis tickelliae,nan
Cyornis sumatrensis,nan
Cyornis rufigastra,nan
Cyornis omissus,nan
Cyornis kalaoensis,nan
Cyornis brunneatus,nan
Cyornis nicobaricus,nan
Cyornis umbratilis,nan
Cyornis olivaceus,nan
Cyornis ruficauda,nan
Cyornis ocularis,nan
Cyornis ruficrissa,nan
Cyornis pelingensis,nan
Cyornis colonus,nan
Cossyphicula roberti,nan
Cossyphicula isabellae,nan
Dessonornis archeri,nan
Dessonornis anomalus,nan
Dessonornis caffer,nan
Dessonornis humeralis,nan
Cossypha cyanocampter,nan
Cossypha semirufa,nan
Cossypha heuglini,nan
Cossypha natalensis,nan
Cossypha dichroa,nan
Cossypha heinrichi,nan
Cossypha niveicapilla,nan
Cossypha albicapillus,nan
Xenocopsychus ansorgei,nan
Cichladusa arquata,nan
Cichladusa ruficauda,nan
Cichladusa guttata,nan
Erithacus rubecula,nan
Pogonocichla stellata,nan
Swynnertonia swynnertoni,nan
Chamaetylas poliocephala,nan
Chamaetylas poliophrys,nan
Chamaetylas choloensis,nan
Chamaetylas fuelleborni,nan
Stiphrornis pyrrholaemus,nan
Stiphrornis erythrothorax,nan
Stiphrornis mabirae,nan
Sheppardia polioptera,nan
Sheppardia poensis,nan
Sheppardia bocagei,nan
Sheppardia cyornithopsis,nan
Sheppardia aequatorialis,nan
Sheppardia sharpei,nan
Sheppardia gunningi,nan
Sheppardia gabela,nan
Sheppardia montana,nan
Sheppardia lowei,nan
Sheppardia aurantiithorax,nan
Leonardina woodi,nan
Vauriella gularis,nan
Vauriella insignis,nan
Vauriella albigularis,nan
Vauriella goodfellowi,nan
Heinrichia calligyna,nan
Brachypteryx hyperythra,nan
Brachypteryx leucophris,nan
Brachypteryx cruralis,nan
Brachypteryx sinensis,nan
Brachypteryx goodfellowi,nan
Brachypteryx poliogyna,nan
Brachypteryx erythrogyna,nan
Brachypteryx saturata,nan
Brachypteryx montana,nan
Brachypteryx floris,nan
Heteroxenicus stellatus,nan
Larvivora sibilans,nan
Larvivora ruficeps,nan
Larvivora akahige,nan
Larvivora tanensis,nan
Larvivora komadori,nan
Larvivora namiyei,nan
Larvivora brunnea,nan
Larvivora cyane,nan
Irania gutturalis,nan
Luscinia luscinia,nan
Luscinia megarhynchos,nan
Luscinia phaenicuroides,nan
Luscinia svecica,nan
Myophonus blighi,nan
Myophonus melanurus,nan
Myophonus glaucinus,nan
Myophonus castaneus,nan
Myophonus borneensis,nan
Myophonus robinsoni,nan
Myophonus horsfieldii,nan
Myophonus insularis,nan
Myophonus caeruleus,nan
Enicurus scouleri,nan
Enicurus leschenaulti,nan
Enicurus borneensis,nan
Enicurus maculatus,nan
Enicurus velatus,nan
Enicurus ruficapillus,nan
Enicurus immaculatus,nan
Enicurus schistaceus,nan
Calliope pectardens,nan
Calliope obscura,nan
Calliope calliope,nan
Calliope pectoralis,nan
Calliope tschebaiewi,nan
Myiomela leucura,nan
Myiomela sumatrana,nan
Myiomela diana,nan
Cinclidium frontale,nan
Tarsiger cyanurus,nan
Tarsiger albocoeruleus,nan
Tarsiger rufilatus,nan
Tarsiger hyperythrus,nan
Tarsiger indicus,nan
Tarsiger formosanus,nan
Tarsiger chrysaeus,nan
Tarsiger johnstoniae,nan
Ficedula zanthopygia,nan
Ficedula elisae,nan
Ficedula narcissina,nan
Ficedula owstoni,nan
Ficedula mugimaki,nan
Ficedula erithacus,nan
Ficedula nigrorufa,nan
Ficedula tricolor,nan
Ficedula hyperythra,nan
Ficedula hodgsoni,nan
Ficedula strophiata,nan
Ficedula sapphira,nan
Ficedula westermanni,nan
Ficedula superciliaris,nan
Ficedula ruficauda,nan
Ficedula albicilla,nan
Ficedula subrubra,nan
Ficedula parva,nan
Ficedula semitorquata,nan
Ficedula hypoleuca,nan
Ficedula speculigera,nan
Ficedula albicollis,nan
Ficedula riedeli,nan
Ficedula dumetoria,nan
Ficedula platenae,nan
Ficedula disposita,nan
Ficedula rufigula,nan
Ficedula henrici,nan
Ficedula buruensis,nan
Ficedula bonthaina,nan
Ficedula harterti,nan
Ficedula timorensis,nan
Ficedula basilanica,nan
Ficedula crypta,nan
Ficedula luzoniensis,nan
Phoenicurus frontalis,nan
Phoenicurus fuliginosus,nan
Phoenicurus bicolor,nan
Phoenicurus erythronotus,nan
Phoenicurus leucocephalus,nan
Phoenicurus alaschanicus,nan
Phoenicurus coeruleocephala,nan
Phoenicurus moussieri,nan
Phoenicurus phoenicurus,nan
Phoenicurus hodgsoni,nan
Phoenicurus schisticeps,nan
Phoenicurus erythrogastrus,nan
Phoenicurus ochruros,nan
Phoenicurus auroreus,nan
Monticola rufocinereus,nan
Monticola rufiventris,nan
Monticola gularis,nan
Monticola cinclorhyncha,nan
Monticola brevipes,nan
Monticola explorator,nan
Monticola imerina,nan
Monticola erythronotus,nan
Monticola sharpei,nan
Monticola saxatilis,nan
Monticola solitarius,nan
Monticola angolensis,nan
Monticola rupestris,nan
Monticola semirufus,nan
Saxicola rubetra,nan
Saxicola macrorhynchus,nan
Saxicola insignis,nan
Saxicola dacotiae,nan
Saxicola rubicola,nan
Saxicola maurus,nan
Saxicola stejnegeri,nan
Saxicola torquatus,nan
Saxicola tectes,nan
Saxicola leucurus,nan
Saxicola caprata,nan
Saxicola jerdoni,nan
Saxicola ferreus,nan
Saxicola gutturalis,nan
Campicoloides bifasciatus,nan
Emarginata sinuata,nan
Emarginata schlegelii,nan
Emarginata tractrac,nan
Pinarochroa sordida,nan
Thamnolaea cinnamomeiventris,nan
Myrmecocichla nigra,nan
Myrmecocichla aethiops,nan
Myrmecocichla formicivora,nan
Myrmecocichla tholloni,nan
Myrmecocichla monticola,nan
Myrmecocichla melaena,nan
Myrmecocichla arnotti,nan
Oenanthe oenanthe,nan
Oenanthe seebohmi,nan
Oenanthe pileata,nan
Oenanthe bottae,nan
Oenanthe frenata,nan
Oenanthe isabellina,nan
Oenanthe heuglinii,nan
Oenanthe monacha,nan
Oenanthe deserti,nan
Oenanthe hispanica,nan
Oenanthe cypriaca,nan
Oenanthe melanoleuca,nan
Oenanthe pleschanka,nan
Oenanthe albifrons,nan
Oenanthe phillipsi,nan
Oenanthe moesta,nan
Oenanthe melanura,nan
Oenanthe familiaris,nan
Oenanthe dubia,nan
Oenanthe scotocerca,nan
Oenanthe fusca,nan
Oenanthe picata,nan
Oenanthe leucura,nan
Oenanthe albonigra,nan
Oenanthe leucopyga,nan
Oenanthe lugentoides,nan
Oenanthe lugubris,nan
Oenanthe finschii,nan
Oenanthe lugens,nan
Oenanthe xanthoprymna,nan
Oenanthe chrysopygia,nan
Bombycilla garrulus,nan
Bombycilla cedrorum,trill (hp; rapid) always in flocks<br/>zeee-zeee-zeee (hp trilled)
Bombycilla japonica,nan
Moho braccatus,nan
Moho apicalis,nan
Moho bishopi,nan
Moho nobilis,nan
Chaetoptila angustipluma,nan
Phainoptila melanoxantha,nan
Ptiliogonys cinereus,nan
Ptiliogonys caudatus,nan
Phainopepla nitens,nan
Dulus dominicus,nan
Hylocitrea bonensis,nan
Hypocolius ampelinus,nan
Promerops gurneyi,nan
Promerops cafer,nan
Modulatrix stictigula,nan
Arcanator orostruthus,nan
Kakamega poliothorax,nan
Prionochilus maculatus,nan
Prionochilus percussus,nan
Prionochilus plateni,nan
Prionochilus xanthopygius,nan
Prionochilus thoracicus,nan
Pachyglossa olivacea,nan
Pachyglossa agilis,nan
Pachyglossa everetti,nan
Pachyglossa propria,nan
Pachyglossa chrysorrhea,nan
Pachyglossa melanozantha,nan
Pachyglossa vincens,nan
Dicaeum dayakorum,nan
Dicaeum annae,nan
Dicaeum aureolimbatum,nan
Dicaeum nigrilore,nan
Dicaeum anthonyi,nan
Dicaeum kampalili,nan
Dicaeum bicolor,nan
Dicaeum quadricolor,nan
Dicaeum australe,nan
Dicaeum haematostictum,nan
Dicaeum retrocinctum,nan
Dicaeum trigonostigma,nan
Dicaeum hypoleucum,nan
Dicaeum erythrorhynchos,nan
Dicaeum concolor,nan
Dicaeum minullum,nan
Dicaeum virescens,nan
Dicaeum pygmaeum,nan
Dicaeum nehrkorni,nan
Dicaeum schistaceiceps,nan
Dicaeum erythrothorax,nan
Dicaeum vulneratum,nan
Dicaeum pectorale,nan
Dicaeum geelvinkianum,nan
Dicaeum nitidum,nan
Dicaeum eximium,nan
Dicaeum aeneum,nan
Dicaeum tristrami,nan
Dicaeum igniferum,nan
Dicaeum maugei,nan
Dicaeum ignipectus,nan
Dicaeum cambodianum,nan
Dicaeum luzoniense,nan
Dicaeum beccarii,nan
Dicaeum monticolum,nan
Dicaeum celebicum,nan
Dicaeum sanguinolentum,nan
Dicaeum rhodopygiale,nan
Dicaeum wilhelminae,nan
Dicaeum hanieli,nan
Dicaeum keiense,nan
Dicaeum hirundinaceum,nan
Dicaeum cruentatum,nan
Dicaeum trochileum,nan
Chalcoparia singalensis,nan
Deleornis fraseri,nan
Deleornis axillaris,nan
Anthreptes reichenowi,nan
Anthreptes anchietae,nan
Anthreptes simplex,nan
Anthreptes malacensis,nan
Anthreptes griseigularis,nan
Anthreptes rhodolaemus,nan
Anthreptes gabonicus,nan
Anthreptes longuemarei,nan
Anthreptes orientalis,nan
Anthreptes neglectus,nan
Anthreptes aurantius,nan
Anthreptes seimundi,nan
Anthreptes rectirostris,nan
Anthreptes tephrolaemus,nan
Anthreptes rubritorques,nan
Hedydipna collaris,nan
Hedydipna platura,nan
Hedydipna metallica,nan
Hedydipna pallidigaster,nan
Anabathmis reichenbachii,nan
Anabathmis hartlaubii,nan
Anabathmis newtonii,nan
Dreptes thomensis,nan
Anthobaphes violacea,nan
Cyanomitra verticalis,nan
Cyanomitra bannermani,nan
Cyanomitra cyanolaema,nan
Cyanomitra oritis,nan
Cyanomitra alinae,nan
Cyanomitra olivacea,nan
Cyanomitra veroxii,nan
Chalcomitra adelberti,nan
Chalcomitra fuliginosa,nan
Chalcomitra rubescens,nan
Chalcomitra amethystina,nan
Chalcomitra senegalensis,nan
Chalcomitra hunteri,nan
Chalcomitra balfouri,nan
Leptocoma zeylonica,nan
Leptocoma minima,nan
Leptocoma brasiliana,nan
Leptocoma sperata,nan
Leptocoma aspasia,nan
Leptocoma calcostetha,nan
Nectarinia bocagii,nan
Nectarinia purpureiventris,nan
Nectarinia tacazze,nan
Nectarinia kilimensis,nan
Nectarinia famosa,nan
Nectarinia johnstoni,nan
Drepanorhynchus reichenowi,nan
Cinnyris chloropygius,nan
Cinnyris minullus,nan
Cinnyris gertrudis,nan
Cinnyris manoensis,nan
Cinnyris chalybeus,nan
Cinnyris neergaardi,nan
Cinnyris stuhlmanni,nan
Cinnyris prigoginei,nan
Cinnyris ludovicensis,nan
Cinnyris reichenowi,nan
Cinnyris afer,nan
Cinnyris regius,nan
Cinnyris rockefelleri,nan
Cinnyris mediocris,nan
Cinnyris usambaricus,nan
Cinnyris fuelleborni,nan
Cinnyris moreaui,nan
Cinnyris loveridgei,nan
Cinnyris pulchellus,nan
Cinnyris melanogastrus,nan
Cinnyris mariquensis,nan
Cinnyris shelleyi,nan
Cinnyris congensis,nan
Cinnyris erythrocercus,nan
Cinnyris nectarinioides,nan
Cinnyris bifasciatus,nan
Cinnyris tsavoensis,nan
Cinnyris chalcomelas,nan
Cinnyris pembae,nan
Cinnyris bouvieri,nan
Cinnyris osea,nan
Cinnyris habessinicus,nan
Cinnyris hellmayri,nan
Cinnyris coccinigastrus,nan
Cinnyris johannae,nan
Cinnyris superbus,nan
Cinnyris rufipennis,nan
Cinnyris oustaleti,nan
Cinnyris talatala,nan
Cinnyris venustus,nan
Cinnyris fuscus,nan
Cinnyris ursulae,nan
Cinnyris batesi,nan
Cinnyris cupreus,nan
Cinnyris asiaticus,nan
Cinnyris ornatus,nan
Cinnyris infrenatus,nan
Cinnyris frenatus,nan
Cinnyris jugularis,nan
Cinnyris aurora,nan
Cinnyris clementiae,nan
Cinnyris teysmanni,nan
Cinnyris idenburgi,nan
Cinnyris buettikoferi,nan
Cinnyris solaris,nan
Cinnyris sovimanga,nan
Cinnyris notatus,nan
Cinnyris dussumieri,nan
Cinnyris humbloti,nan
Cinnyris comorensis,nan
Cinnyris coquerellii,nan
Cinnyris lotenius,nan
Aethopyga duyvenbodei,nan
Aethopyga ignicauda,nan
Aethopyga saturata,nan
Aethopyga gouldiae,nan
Aethopyga nipalensis,nan
Aethopyga shelleyi,nan
Aethopyga temminckii,nan
Aethopyga mystacalis,nan
Aethopyga vigorsii,nan
Aethopyga siparaja,nan
Aethopyga magnifica,nan
Aethopyga christinae,nan
Aethopyga bella,nan
Aethopyga eximia,nan
Aethopyga flagrans,nan
Aethopyga guimarasensis,nan
Aethopyga pulcherrima,nan
Aethopyga linaraborae,nan
Aethopyga primigenia,nan
Aethopyga boltoni,nan
Aethopyga tibolii,nan
Kurochkinegramma hypogrammicum,nan
Arachnothera crassirostris,nan
Arachnothera robusta,nan
Arachnothera flammifera,nan
Arachnothera dilutior,nan
Arachnothera longirostra,nan
Arachnothera juliae,nan
Arachnothera clarae,nan
Arachnothera chrysogenys,nan
Arachnothera flavigaster,nan
Arachnothera magna,nan
Arachnothera affinis,nan
Arachnothera modesta,nan
Arachnothera everetti,nan
Irena puella,nan
Irena tweeddalii,nan
Irena cyanogastra,nan
Chloropsis flavipennis,nan
Chloropsis palawanensis,nan
Chloropsis sonnerati,nan
Chloropsis cyanopogon,nan
Chloropsis moluccensis,nan
Chloropsis cochinchinensis,nan
Chloropsis kinabaluensis,nan
Chloropsis jerdoni,nan
Chloropsis aurifrons,nan
Chloropsis media,nan
Chloropsis hardwickii,nan
Chloropsis venusta,nan
Peucedramus taeniatus,nan
Urocynchramus pylzowi,nan
Bubalornis albirostris,nan
Bubalornis niger,nan
Dinemellia dinemelli,nan
Sporopipes frontalis,nan
Sporopipes squamifrons,nan
Plocepasser mahali,nan
Plocepasser superciliosus,nan
Plocepasser rufoscapulatus,nan
Plocepasser donaldsoni,nan
Histurgops ruficauda,nan
Pseudonigrita arnaudi,nan
Pseudonigrita cabanisi,nan
Philetairus socius,nan
Malimbus coronatus,nan
Malimbus cassini,nan
Malimbus ballmanni,nan
Malimbus racheliae,nan
Malimbus scutatus,nan
Malimbus ibadanensis,nan
Malimbus erythrogaster,nan
Malimbus nitens,nan
Malimbus malimbicus,nan
Malimbus rubricollis,nan
Anaplectes rubriceps,nan
Anaplectes jubaensis,nan
Ploceus flavipes,nan
Ploceus bertrandi,nan
Ploceus baglafecht,nan
Ploceus nigrimentus,nan
Ploceus bannermani,nan
Ploceus batesi,nan
Ploceus luteolus,nan
Ploceus pelzelni,nan
Ploceus subpersonatus,nan
Ploceus brachypterus,nan
Ploceus nigricollis,nan
Ploceus ocularis,nan
Ploceus melanogaster,nan
Ploceus alienus,nan
Ploceus capensis,nan
Ploceus temporalis,nan
Ploceus subaureus,nan
Ploceus xanthops,nan
Ploceus aurantius,nan
Ploceus bojeri,nan
Ploceus castaneiceps,nan
Ploceus princeps,nan
Ploceus xanthopterus,nan
Ploceus castanops,nan
Ploceus burnieri,nan
Ploceus holoxanthus,nan
Ploceus taeniopterus,nan
Ploceus intermedius,nan
Ploceus velatus,nan
Ploceus vitellinus,nan
Ploceus reichardi,nan
Ploceus katangae,nan
Ploceus ruweti,nan
Ploceus heuglini,nan
Ploceus galbula,nan
Ploceus spekei,nan
Ploceus spekeoides,nan
Ploceus castaneofuscus,nan
Ploceus nigerrimus,nan
Ploceus cucullatus,nan
Ploceus grandis,nan
Ploceus weynsi,nan
Ploceus golandi,nan
Ploceus dichrocephalus,nan
Ploceus melanocephalus,nan
Ploceus jacksoni,nan
Ploceus rubiginosus,nan
Ploceus badius,nan
Ploceus aureonucha,nan
Ploceus tricolor,nan
Ploceus albinucha,nan
Ploceus bicolor,nan
Ploceus insignis,nan
Ploceus dorsomaculatus,nan
Ploceus preussi,nan
Ploceus olivaceiceps,nan
Ploceus nicolli,nan
Ploceus angolensis,nan
Ploceus sanctithomae,nan
Ploceus nelicourvi,nan
Ploceus sakalava,nan
Ploceus manyar,nan
Ploceus philippinus,nan
Ploceus hypoxanthus,nan
Ploceus megarhynchus,nan
Ploceus benghalensis,nan
Pachyphantes superciliosus,nan
Quelea cardinalis,nan
Quelea erythrops,nan
Quelea quelea,nan
Brachycope anomala,nan
Foudia madagascariensis,nan
Foudia aldabrana,nan
Foudia eminentissima,nan
Foudia omissa,nan
Foudia delloni,nan
Foudia rubra,nan
Foudia sechellarum,nan
Foudia flavicans,nan
Euplectes franciscanus,nan
Euplectes orix,nan
Euplectes nigroventris,nan
Euplectes hordeaceus,nan
Euplectes gierowii,nan
Euplectes afer,nan
Euplectes diadematus,nan
Euplectes aureus,nan
Euplectes capensis,nan
Euplectes albonotatus,nan
Euplectes macroura,nan
Euplectes laticauda,nan
Euplectes ardens,nan
Euplectes axillaris,nan
Euplectes hartlaubi,nan
Euplectes psammacromius,nan
Euplectes progne,nan
Euplectes jacksoni,nan
Amblyospiza albifrons,nan
Heteromunia pectoralis,nan
Oreostruthus fuliginosus,nan
Stagonopleura guttata,nan
Stagonopleura oculata,nan
Stagonopleura bella,nan
Neochmia phaeton,nan
Neochmia temporalis,nan
Emblema pictum,nan
Emblema ruficauda,nan
Emblema modestum,nan
Stizoptera bichenovii,nan
Taeniopygia guttata,nan
Poephila personata,nan
Poephila acuticauda,nan
Poephila cincta,nan
Spermestes griseicapilla,nan
Spermestes cucullata,nan
Spermestes fringilloides,nan
Spermestes bicolor,nan
Lepidopygia nana,nan
Euodice cantans,nan
Euodice malabarica,nan
Padda oryzivora,nan
Padda fuscata,nan
Mayrimunia tristissima,nan
Mayrimunia leucosticta,nan
Lonchura punctulata,nan
Lonchura kelaarti,nan
Lonchura molucca,nan
Lonchura striata,nan
Lonchura fuscans,nan
Lonchura leucogastra,nan
Lonchura leucogastroides,nan
Lonchura malacca,nan
Lonchura atricapilla,nan
Lonchura ferruginosa,nan
Lonchura maja,nan
Lonchura pallida,nan
Lonchura grandis,nan
Lonchura teerinki,nan
Lonchura montana,nan
Lonchura monticola,nan
Lonchura vana,nan
Lonchura nevermanni,nan
Lonchura caniceps,nan
Lonchura spectabilis,nan
Lonchura forbesi,nan
Lonchura hunsteini,nan
Lonchura nigerrima,nan
Lonchura flaviprymna,nan
Lonchura quinticolor,nan
Lonchura castaneothorax,nan
Lonchura stygia,nan
Lonchura melaena,nan
Chloebia gouldiae,nan
Erythrura prasina,nan
Erythrura viridifacies,nan
Erythrura hyperythra,nan
Erythrura psittacea,nan
Erythrura pealii,nan
Erythrura cyaneovirens,nan
Erythrura kleinschmidti,nan
Erythrura tricolor,nan
Erythrura coloria,nan
Erythrura papuana,nan
Erythrura trichroa,nan
Nesocharis shelleyi,nan
Nesocharis ansorgei,nan
Coccopygia quartinia,nan
Coccopygia bocagei,nan
Coccopygia melanotis,nan
Mandingoa nitidula,nan
Cryptospiza shelleyi,nan
Cryptospiza jacksoni,nan
Cryptospiza salvadorii,nan
Cryptospiza reichenovii,nan
Parmoptila rubrifrons,nan
Parmoptila woodhousei,nan
Parmoptila jamesoni,nan
Nigrita fusconotus,nan
Nigrita bicolor,nan
Nigrita canicapillus,nan
Nigrita luteifrons,nan
Delacourella capistrata,nan
Brunhilda erythronotos,nan
Brunhilda charmosyna,nan
Glaucestrilda caerulescens,nan
Glaucestrilda perreini,nan
Glaucestrilda thomensis,nan
Estrilda nonnula,nan
Estrilda atricapilla,nan
Estrilda kandti,nan
Estrilda melpoda,nan
Estrilda poliopareia,nan
Estrilda paludicola,nan
Estrilda astrild,nan
Estrilda nigriloris,nan
Estrilda troglodytes,nan
Estrilda rhodopyga,nan
Estrilda rufibarba,nan
Ortygospiza atricollis,nan
Paludipasser locustella,nan
Amadina fasciata,nan
Amadina erythrocephala,nan
Amandava formosa,nan
Amandava subflava,nan
Amandava amandava,nan
Granatina ianthinogaster,nan
Granatina granatina,nan
Uraeginthus angolensis,nan
Uraeginthus bengalus,nan
Uraeginthus cyanocephalus,nan
Spermophaga poliogenys,nan
Spermophaga haematina,nan
Spermophaga ruficapilla,nan
Pyrenestes minor,nan
Pyrenestes sanguineus,nan
Pyrenestes ostrinus,nan
Pytilia melba,nan
Pytilia afra,nan
Pytilia phoenicoptera,nan
Pytilia lineata,nan
Pytilia hypogrammica,nan
Euschistospiza dybowskii,nan
Euschistospiza cinereovinacea,nan
Hypargos niveoguttatus,nan
Hypargos margaritatus,nan
Clytospiza monteiri,nan
Lagonosticta senegala,nan
Lagonosticta rubricata,nan
Lagonosticta rhodopareia,nan
Lagonosticta virata,nan
Lagonosticta sanguinodorsalis,nan
Lagonosticta umbrinodorsalis,nan
Lagonosticta rara,nan
Lagonosticta rufopicta,nan
Lagonosticta nitidula,nan
Lagonosticta larvata,nan
Vidua macroura,nan
Vidua orientalis,nan
Vidua interjecta,nan
Vidua togoensis,nan
Vidua obtusa,nan
Vidua paradisaea,nan
Vidua hypocherina,nan
Vidua fischeri,nan
Vidua regia,nan
Vidua chalybeata,nan
Vidua wilsoni,nan
Vidua nigeriae,nan
Vidua maryae,nan
Vidua raricola,nan
Vidua larvaticola,nan
Vidua camerunensis,nan
Vidua funerea,nan
Vidua purpurascens,nan
Vidua codringtoni,nan
Anomalospiza imberbis,nan
Prunella collaris,nan
Prunella himalayana,nan
Prunella rubeculoides,nan
Prunella strophiata,nan
Prunella montanella,nan
Prunella ocularis,nan
Prunella fulvescens,nan
Prunella atrogularis,nan
Prunella koslowi,nan
Prunella modularis,nan
Prunella rubida,nan
Prunella immaculata,nan
Hypocryptadius cinnamomeus,nan
Passer ammodendri,nan
Passer domesticus,chiddik; chiddik (dry; non-musical)
Passer italiae,nan
Passer hispaniolensis,nan
Passer pyrrhonotus,nan
Passer castanopterus,nan
Passer cinnamomeus,nan
Passer flaveolus,nan
Passer moabiticus,nan
Passer iagoensis,nan
Passer hemileucus,nan
Passer insularis,nan
Passer motitensis,nan
Passer rufocinctus,nan
Passer shelleyi,nan
Passer cordofanicus,nan
Passer melanurus,nan
Passer griseus,nan
Passer swainsonii,nan
Passer gongonensis,nan
Passer suahelicus,nan
Passer diffusus,nan
Passer simplex,nan
Passer zarudnyi,nan
Passer montanus,nan
Passer luteus,nan
Passer euchlorus,nan
Passer eminibey,nan
Gymnoris pyrgita,nan
Gymnoris xanthocollis,nan
Gymnoris superciliaris,nan
Gymnoris dentata,nan
Petronia petronia,nan
Carpospiza brachydactyla,nan
Montifringilla nivalis,nan
Montifringilla henrici,nan
Montifringilla adamsi,nan
Onychostruthus taczanowskii,nan
Pyrgilauda davidiana,nan
Pyrgilauda ruficollis,nan
Pyrgilauda blanfordi,nan
Pyrgilauda theresae,nan
Dendronanthus indicus,nan
Motacilla capensis,nan
Motacilla clara,nan
Motacilla bocagii,nan
Motacilla flaviventris,nan
Motacilla cinerea,nan
Motacilla flava,nan
Motacilla tschutschensis,nan
Motacilla citreola,nan
Motacilla maderaspatensis,nan
Motacilla samveasnae,nan
Motacilla grandis,nan
Motacilla aguimp,nan
Motacilla alba,nan
Anthus australis,nan
Anthus novaeseelandiae,nan
Anthus richardi,nan
Anthus rufulus,nan
Anthus cinnamomeus,nan
Anthus hoeschi,nan
Anthus nyassae,nan
Anthus similis,nan
Anthus nicholsoni,nan
Anthus godlewskii,nan
Anthus campestris,nan
Anthus leucophrys,nan
Anthus vaalensis,nan
Anthus pallidiventris,nan
Anthus nilghiriensis,nan
Anthus sylvanus,nan
Anthus berthelotii,nan
Anthus melindae,nan
Anthus lineiventris,nan
Anthus crenatus,nan
Anthus ruficollis,nan
Anthus gutturalis,nan
Anthus pratensis,nan
Anthus roseatus,nan
Anthus trivialis,nan
Anthus hodgsoni,nan
Anthus gustavi,nan
Anthus cervinus,nan
Anthus spinoletta,nan
Anthus petrosus,nan
Anthus japonicus,nan
Anthus rubescens,chwee; chwee; chwee (thin) pipit-pipit
Anthus spragueii,ching-a-ring-a-ring-a-ring-a-ring-a-ring-a  (descending)
Anthus chii,nan
Anthus peruvianus,nan
Anthus brevirostris,nan
Anthus furcatus,nan
Anthus chacoensis,nan
Anthus correndera,nan
Anthus antarcticus,nan
Anthus nattereri,nan
Anthus hellmayri,nan
Anthus bogotensis,nan
Anthus brachyurus,nan
Anthus caffer,nan
Anthus sokokensis,nan
Tmetothylacus tenellus,nan
Hemimacronyx chloris,nan
Macronyx sharpei,nan
Macronyx capensis,nan
Macronyx croceus,nan
Macronyx fuelleborni,nan
Macronyx flavicollis,nan
Macronyx aurantiigula,nan
Macronyx ameliae,nan
Macronyx grimwoodi,nan
Fringilla coelebs,nan
Fringilla moreletti,nan
Fringilla maderensis,nan
Fringilla canariensis,nan
Fringilla spodiogenys,nan
Fringilla teydea,nan
Fringilla polatzeki,nan
Fringilla montifringilla,nan
Chlorophonia elegantissima,nan
Chlorophonia musica,nan
Chlorophonia sclateri,nan
Chlorophonia flavifrons,nan
Chlorophonia cyanocephala,nan
Chlorophonia cyanea,nan
Chlorophonia pyrrhophrys,nan
Chlorophonia flavirostris,nan
Chlorophonia occipitalis,nan
Chlorophonia callophrys,nan
Euphonia jamaica,nan
Euphonia saturata,nan
Euphonia plumbea,nan
Euphonia chlorotica,nan
Euphonia finschi,nan
Euphonia concinna,nan
Euphonia trinitatis,nan
Euphonia godmani,nan
Euphonia affinis,nan
Euphonia luteicapilla,nan
Euphonia chrysopasta,nan
Euphonia minuta,nan
Euphonia chalybea,nan
Euphonia violacea,nan
Euphonia hirundinacea,nan
Euphonia laniirostris,nan
Euphonia imitans,nan
Euphonia gouldi,nan
Euphonia fulvicrissa,nan
Euphonia anneae,nan
Euphonia xanthogaster,nan
Euphonia mesochrysa,nan
Euphonia cayennensis,nan
Euphonia rufiventris,nan
Euphonia pectoralis,nan
Mycerobas icterioides,nan
Mycerobas affinis,nan
Mycerobas melanozanthos,nan
Mycerobas carnipes,nan
Hesperiphona abeillei,nan
Hesperiphona vespertina,chirp or chiirrrp (burry)
Coccothraustes coccothraustes,nan
Eophona migratoria,nan
Eophona personata,nan
Melamprosops phaeosoma,nan
Oreomystis bairdi,nan
Paroreomyza maculata,nan
Paroreomyza flammea,nan
Paroreomyza montana,nan
Loxioides bailleui,nan
Telespiza cantans,nan
Telespiza ultima,nan
Chloridops kona,nan
Rhodacanthis flaviceps,nan
Rhodacanthis palmeri,nan
Ciridops anna,nan
Palmeria dolei,nan
Himatione fraithii,nan
Himatione sanguinea,nan
Drepanis coccinea,nan
Drepanis pacifica,nan
Drepanis funerea,nan
Psittirostra psittacea,nan
Dysmorodrepanis munroi,nan
Pseudonestor xanthophrys,nan
Hemignathus hanapepe,nan
Hemignathus lucidus,nan
Hemignathus affinis,nan
Hemignathus wilsoni,nan
Akialoa obscura,nan
Akialoa ellisiana,nan
Akialoa stejnegeri,nan
Akialoa lanaiensis,nan
Magumma parva,nan
Chlorodrepanis virens,nan
Chlorodrepanis flava,nan
Chlorodrepanis stejnegeri,nan
Viridonia sagittirostris,nan
Loxops mana,nan
Loxops caeruleirostris,nan
Loxops coccineus,nan
Loxops wolstenholmei,nan
Loxops ochraceus,nan
Carpodacus erythrinus,nan
Carpodacus sipahi,nan
Carpodacus ferreorostris,nan
Carpodacus rhodochlamys,nan
Carpodacus grandis,nan
Carpodacus pulcherrimus,nan
Carpodacus davidianus,nan
Carpodacus waltoni,nan
Carpodacus edwardsii,nan
Carpodacus rodochroa,nan
Carpodacus rodopeplus,nan
Carpodacus verreauxii,nan
Carpodacus vinaceus,nan
Carpodacus formosanus,nan
Carpodacus synoicus,nan
Carpodacus stoliczkae,nan
Carpodacus roborowskii,nan
Carpodacus sillemi,nan
Carpodacus rubicilloides,nan
Carpodacus rubicilla,nan
Carpodacus sibiricus,nan
Carpodacus puniceus,nan
Carpodacus subhimachalus,nan
Carpodacus roseus,nan
Carpodacus trifasciatus,nan
Carpodacus thura,nan
Carpodacus dubius,nan
Pinicola enucleator,nan
Pyrrhula nipalensis,nan
Pyrrhula leucogenis,nan
Pyrrhula aurantiaca,nan
Pyrrhula erythrocephala,nan
Pyrrhula erythaca,nan
Pyrrhula owstoni,nan
Pyrrhula murina,nan
Pyrrhula pyrrhula,nan
Rhodopechys sanguineus,nan
Bucanetes githagineus,nan
Bucanetes mongolicus,nan
Agraphospiza rubescens,nan
Pyrrhoplectes epauletta,nan
Callacanthis burtoni,nan
Procarduelis nipalensis,nan
Leucosticte nemoricola,nan
Leucosticte brandti,nan
Leucosticte arctoa,nan
Leucosticte tephrocotis,nan
Leucosticte atrata,nan
Leucosticte australis,nan
Haemorhous mexicanus,zreee! (included in varied; <br/>warbling song)
Haemorhous purpureus,warbling - varied phrases; fast; lively; brief
Haemorhous cassinii,chitty-up or chill-ee-up
Rhodospiza obsoleta,nan
Rhynchostruthus percivali,nan
Rhynchostruthus socotranus,nan
Rhynchostruthus louisae,nan
Chloris chloris,nan
Chloris sinica,nan
Chloris spinoides,nan
Chloris monguilloti,nan
Chloris ambigua,nan
Linurgus olivaceus,nan
Crithagra leucopygia,nan
Crithagra mozambica,nan
Crithagra citrinelloides,nan
Crithagra frontalis,nan
Crithagra hyposticta,nan
Crithagra capistrata,nan
Crithagra koliensis,nan
Crithagra scotops,nan
Crithagra rothschildi,nan
Crithagra atrogularis,nan
Crithagra reichenowi,nan
Crithagra xanthopygia,nan
Crithagra citrinipectus,nan
Crithagra dorsostriata,nan
Crithagra flavigula,nan
Crithagra xantholaema,nan
Crithagra donaldsoni,nan
Crithagra buchanani,nan
Crithagra sulphurata,nan
Crithagra flaviventris,nan
Crithagra albogularis,nan
Crithagra striolata,nan
Crithagra whytii,nan
Crithagra burtoni,nan
Crithagra melanochroa,nan
Crithagra rufobrunnea,nan
Crithagra concolor,nan
Crithagra leucoptera,nan
Crithagra mennelli,nan
Crithagra canicapilla,nan
Crithagra gularis,nan
Crithagra striatipectus,nan
Crithagra reichardi,nan
Crithagra tristriata,nan
Crithagra menachensis,nan
Crithagra ankoberensis,nan
Crithagra totta,nan
Crithagra symonsi,nan
Linaria flavirostris,nan
Linaria cannabina,nan
Linaria yemenensis,nan
Linaria johannis,nan
Acanthis flammea,nan
Loxia pytyopsittacus,nan
Loxia scotica,nan
Loxia curvirostra,nan
Loxia sinesciuris,nan
Loxia megaplaga,nan
Loxia leucoptera,nan
Chrysocorythus estherae,nan
Chrysocorythus mindanensis,nan
Carduelis carduelis,nan
Carduelis caniceps,nan
Carduelis citrinella,nan
Carduelis corsicana,nan
Serinus serinus,nan
Serinus canaria,nan
Serinus pusillus,nan
Serinus syriacus,nan
Serinus flavivertex,nan
Serinus canicollis,nan
Serinus nigriceps,nan
Serinus alario,nan
Spinus thibetanus,nan
Spinus spinus,nan
Spinus pinus,zreeeeeee! (buzzy)
Spinus atriceps,nan
Spinus notatus,nan
Spinus dominicensis,nan
Spinus psaltria,tee-yee! or tee-yer
Spinus lawrencei,nan
Spinus tristis,pa-chip-chip-chip per-chick-a-ree<br/>po-ta-to-chip (and dip {in flight})
Spinus spinescens,nan
Spinus yarrellii,nan
Spinus xanthogastrus,nan
Spinus cucullatus,nan
Spinus crassirostris,nan
Spinus magellanicus,nan
Spinus siemiradzkii,nan
Spinus olivaceus,nan
Spinus atratus,nan
Spinus uropygialis,nan
Spinus barbatus,nan
Calcarius lapponicus,nan
Calcarius ornatus,nan
Calcarius pictus,nan
Rhynchophanes mccownii,nan
Plectrophenax nivalis,nan
Plectrophenax hyperboreus,nan
Rhodinocichla rosea,nan
Emberiza affinis,nan
Emberiza lathami,nan
Emberiza melanocephala,nan
Emberiza bruniceps,nan
Emberiza calandra,nan
Emberiza fucata,nan
Emberiza koslowi,nan
Emberiza jankowskii,nan
Emberiza cia,nan
Emberiza godlewskii,nan
Emberiza cioides,nan
Emberiza cirlus,nan
Emberiza stewarti,nan
Emberiza citrinella,nan
Emberiza leucocephalos,nan
Emberiza buchanani,nan
Emberiza cineracea,nan
Emberiza hortulana,nan
Emberiza caesia,nan
Emberiza cabanisi,nan
Emberiza flaviventris,nan
Emberiza poliopleura,nan
Emberiza capensis,nan
Emberiza impetuani,nan
Emberiza socotrana,nan
Emberiza tahapisi,nan
Emberiza goslingi,nan
Emberiza sahari,nan
Emberiza striolata,nan
Emberiza siemsseni,nan
Emberiza elegans,nan
Emberiza yessoensis,nan
Emberiza pallasi,nan
Emberiza schoeniclus,nan
Emberiza aureola,nan
Emberiza pusilla,nan
Emberiza rustica,nan
Emberiza sulphurata,nan
Emberiza spodocephala,nan
Emberiza personata,nan
Emberiza rutila,nan
Emberiza chrysophrys,nan
Emberiza tristrami,nan
Emberiza variabilis,nan
Oreothraupis arremonops,nan
Chlorospingus flavigularis,nan
Chlorospingus parvirostris,nan
Chlorospingus canigularis,nan
Chlorospingus pileatus,nan
Chlorospingus flavopectus,nan
Chlorospingus tacarcunae,nan
Chlorospingus inornatus,nan
Chlorospingus semifuscus,nan
Rhynchospiza stolzmanni,nan
Rhynchospiza dabbenei,nan
Rhynchospiza strigiceps,nan
Peucaea carpalis,nan
Peucaea sumichrasti,nan
Peucaea ruficauda,nan
Peucaea humeralis,nan
Peucaea mystacalis,nan
Peucaea botterii,nan
Peucaea cassinii,nan
Peucaea aestivalis,seeeee; slip-slip-slip-slip-slip
Ammodramus savannarum,pee-trip-treee (last syllable a raspy trill)
Ammodramus humeralis,nan
Ammodramus aurifrons,nan
Arremonops rufivirgatus,nan
Arremonops chloronotus,nan
Arremonops conirostris,nan
Arremonops tocuyensis,nan
Spizella passerina,chipping trill (mechanical)
Spizella pallida,nan
Spizella atrogularis,nan
Spizella pusilla,a ping-pong ball dropped onto a table<br/>increasing in rate and pitch
Spizella breweri,seeeep (thin)
Spizella wortheni,nan
Amphispizopsis quinquestriata,nan
Amphispiza bilineata,nan
Chondestes grammacus,tsip (sharp)
Calamospiza melanocorys,nan
Arremon costaricensis,nan
Arremon basilicus,nan
Arremon perijanus,nan
Arremon atricapillus,nan
Arremon phaeopleurus,nan
Arremon phygas,nan
Arremon assimilis,nan
Arremon torquatus,nan
Arremon aurantiirostris,nan
Arremon abeillei,nan
Arremon nigriceps,nan
Arremon schlegeli,nan
Arremon axillaris,nan
Arremon taciturnus,nan
Arremon franciscanus,nan
Arremon semitorquatus,nan
Arremon dorbignii,nan
Arremon flavirostris,nan
Arremon virenticeps,nan
Arremon brunneinucha,nan
Arremon crassirostris,nan
Arremon castaneiceps,nan
Spizelloides arborea,nan
Passerella iliaca,nan
Junco hyemalis,dit (repeated occasionally)<br/>smack (repeated occasionally)<br/>chipping trill (musical; tinkling)
Junco insularis,nan
Junco phaeonotus,nan
Junco bairdi,nan
Junco vulcani,nan
Zonotrichia capensis,nan
Zonotrichia leucophrys,more; more; more cheezies; please pink (loudly)<br/>tseeeep (thin)
Zonotrichia atricapilla,Oh; dear me!; three blind mice
Zonotrichia querula,nan
Zonotrichia albicollis,O Sweet Canada; Canada; Canada<br/>O-san-pibbity-pibbity-pibbity
Artemisiospiza nevadensis,nan
Artemisiospiza belli,nan
Oriturus superciliosus,nan
Pooecetes gramineus,like Song Sparrow; but lower; more guttural<br/>Listen to my evening sing-ing-ing-ing<br/>here-here; where-where; all-together-down-the-hill
Ammospiza leconteii,nan
Ammospiza maritima,chup-chup-tzeeee
Ammospiza nelsoni,nan
Ammospiza caudacuta,nan
Passerculus sandwichensis,zit-zit-zit-zeeee-zaaay (burry-raspy)
Centronyx bairdii,nan
Centronyx henslowii,tsip-a-tik (non-musical; repeated occasionally)
Xenospiza baileyi,nan
Melospiza melodia,Maids-maids-maids-put-on-your-tea-kettle-ettle-ettle<br/>Hip; hip; hip hurrah boys; spring is here!<br/>Madge; Madge; Madge pick beetles off; the water's hot
Melospiza lincolnii,nan
Melospiza georgiana,chipping trill (slower; staccato)
Pezopetes capitalis,nan
Torreornis inexpectata,nan
Melozone kieneri,nan
Melozone fusca,nan
Melozone albicollis,nan
Melozone aberti,nan
Melozone crissalis,nan
Melozone occipitalis,nan
Melozone leucotis,nan
Melozone biarcuata,nan
Melozone cabanisi,nan
Aimophila rufescens,nan
Aimophila ruficeps,nan
Aimophila notosticta,nan
Pipilo chlorurus,weet-churrr-chee-churrr (mixed sweet and burry notes)
Pipilo maculatus,nan
Pipilo erythrophthalmus,too-wheee! drink-your-teeeee!<br/>hot dog; pickle-ickle-ickle
Pipilo naufragus,nan
Pipilo ocai,nan
Atlapetes pileatus,nan
Atlapetes albinucha,nan
Atlapetes tibialis,nan
Atlapetes luteoviridis,nan
Atlapetes albofrenatus,nan
Atlapetes personatus,nan
Atlapetes melanocephalus,nan
Atlapetes semirufus,nan
Atlapetes flaviceps,nan
Atlapetes fuscoolivaceus,nan
Atlapetes leucopis,nan
Atlapetes albiceps,nan
Atlapetes rufigenis,nan
Atlapetes crassus,nan
Atlapetes tricolor,nan
Atlapetes schistaceus,nan
Atlapetes taczanowskii,nan
Atlapetes pallidinucha,nan
Atlapetes blancae,nan
Atlapetes nigrifrons,nan
Atlapetes latinuchus,nan
Atlapetes leucopterus,nan
Atlapetes pallidiceps,nan
Atlapetes seebohmi,nan
Atlapetes nationi,nan
Atlapetes forbesi,nan
Atlapetes melanopsis,nan
Atlapetes terborghi,nan
Atlapetes canigenis,nan
Atlapetes melanolaemus,nan
Atlapetes rufinucha,nan
Atlapetes fulviceps,nan
Atlapetes citrinellus,nan
Calyptophilus tertius,nan
Calyptophilus frugivorus,nan
Phaenicophilus palmarum,nan
Phaenicophilus poliocephalus,nan
Xenoligea montana,nan
Microligea palustris,nan
Nesospingus speculiferus,nan
Spindalis zena,nan
Spindalis nigricephala,nan
Spindalis dominicensis,nan
Spindalis portoricensis,nan
Zeledonia coronata,nan
Teretistris fernandinae,nan
Teretistris fornsi,nan
Icteria virens,whoit (whistled)<br/>wit; wit; wit or chak; chak; chak
Xanthocephalus xanthocephalus,hoarse; raspy notes and phrases
Dolichonyx oryzivorus,plink; plink
Sturnella neglecta,flute-like; 7-10 gurgling notes
Sturnella magna,but-I-DO-love-you<br/>spring-of-the-year
Sturnella lilianae,nan
Leistes militaris,nan
Leistes superciliaris,nan
Leistes bellicosus,nan
Leistes defilippii,nan
Leistes loyca,nan
Amblycercus holosericeus,nan
Cassiculus melanicterus,nan
Psarocolius angustifrons,nan
Psarocolius atrovirens,nan
Psarocolius viridis,nan
Psarocolius decumanus,nan
Psarocolius wagleri,nan
Psarocolius montezuma,nan
Psarocolius guatimozinus,nan
Psarocolius cassini,nan
Psarocolius bifasciatus,nan
Cacicus solitarius,nan
Cacicus chrysopterus,nan
Cacicus sclateri,nan
Cacicus koepckeae,nan
Cacicus uropygialis,nan
Cacicus cela,nan
Cacicus chrysonotus,nan
Cacicus latirostris,nan
Cacicus haemorrhous,nan
Cacicus oseryi,nan
Icterus dominicensis,nan
Icterus melanopsis,nan
Icterus northropi,nan
Icterus portoricensis,nan
Icterus laudabilis,nan
Icterus oberi,nan
Icterus bonana,nan
Icterus wagleri,nan
Icterus maculialatus,nan
Icterus prosthemelas,nan
Icterus spurius,warbling - varied phrases; incl. guttural notes
Icterus cucullatus,nan
Icterus chrysater,nan
Icterus auricapillus,nan
Icterus graceannae,nan
Icterus mesomelas,nan
Icterus cayanensis,nan
Icterus pyrrhopterus,nan
Icterus icterus,nan
Icterus jamacaii,nan
Icterus croconotus,nan
Icterus pustulatus,nan
Icterus bullockii,varied; rich whistles and mixed gutturals<br/>chuck chuck chuck-it-too-ee zhew zhew
Icterus auratus,nan
Icterus leucopteryx,nan
Icterus nigrogularis,nan
Icterus pectoralis,nan
Icterus gularis,nan
Icterus graduacauda,nan
Icterus galbula,flute-like; disjointed series of notes <br/>here; here; come right here; dear
Icterus abeillei,nan
Icterus parisorum,nan
Nesopsar nigerrimus,nan
Agelaius phoeniceus,chortle-deeeeee (hp and drawn-out last syllable)<br/>conk-a-reeeeeeeee<br/>tseer; tseer
Agelaius assimilis,nan
Agelaius tricolor,nan
Agelaius humeralis,nan
Agelaius xanthomus,nan
Molothrus rufoaxillaris,nan
Molothrus bonariensis,nan
Molothrus aeneus,nan
Molothrus ater,bubble-bubble-zeeee! 
Molothrus oryzivorus,nan
Dives dives,nan
Dives warczewiczi,nan
Ptiloxena atroviolacea,nan
Euphagus carolinus,check<br/>ksh-a-leeee (rusty-squeaky)
Euphagus cyanocephalus,ksh-eee (creaky)
Quiscalus quiscula,nan
Quiscalus major,nan
Quiscalus mexicanus,nan
Quiscalus palustris,nan
Quiscalus nicaraguensis,nan
Quiscalus niger,nan
Quiscalus lugubris,nan
Hypopyrrhus pyrohypogaster,nan
Lampropsar tanagrinus,nan
Gymnomystax mexicanus,nan
Macroagelaius subalaris,nan
Macroagelaius imthurni,nan
Curaeus curaeus,nan
Amblyramphus holosericeus,nan
Anumara forbesi,nan
Gnorimopsar chopi,nan
Oreopsar bolivianus,nan
Agelaioides badius,nan
Agelaioides fringillarius,nan
Agelasticus xanthophthalmus,nan
Agelasticus cyanopus,nan
Agelasticus thilius,nan
Chrysomus ruficapillus,nan
Chrysomus icterocephalus,nan
Xanthopsar flavus,nan
Pseudoleistes guirahuro,nan
Pseudoleistes virescens,nan
Seiurus aurocapilla,p'cheer - p'cheer - p'cheer<br/>t-cheer; t-cheer; t-cheer
Helmitheros vermivorum,trill (very rapid; even; mechanical)
Parkesia motacilla,chink<br/>tree; tree; tree terwitter-witter wit
Parkesia noveboracensis,twit-twit-twit; sweet-sweet-sweet; <br/>chew-chew-chew
Vermivora bachmanii,nan
Vermivora chrysoptera,beeee(buzzy trill)-bz-bz-bz
Vermivora cyanoptera,beee-bzzz; blue winged! (second syllable buzzy)
Mniotilta varia,nan
Protonotaria citrea,zweet; zweet; zweet (single pitch)
Limnothlypis swainsonii,whee; whee; whee whip-poor-will
Oreothlypis superciliosa,nan
Oreothlypis gutturalis,nan
Leiothlypis peregrina,tika-tika-tika; swee-swee-swee; chay-chay-chay
Leiothlypis celata,trill (ascending/accelerating; then tumbles at end)
Leiothlypis crissalis,nan
Leiothlypis luciae,nan
Leiothlypis ruficapilla,trill in two parts - 2nd faster and lower in pitch<br/>see-bit-see-bit-see-bit; <br/>see-see-see-see (2-pt.)
Leiothlypis virginiae,nan
Leucopeza semperi,nan
Oporornis agilis,chee-pa-chuh; chee-pa-chuh; <br/>chee-pa-chuh; chee chik-a-too-ee; chik-a-too-ee
Geothlypis poliocephala,nan
Geothlypis aequinoctialis,nan
Geothlypis auricularis,nan
Geothlypis velata,nan
Geothlypis tolmiei,chiddle-chiddle-chiddle-turtle<br/>chip-chewy or chip-chewy-chew (hp; clearer than Hammond's Flyc.)<br/>tsik (low; sharp)
Geothlypis philadelphia,turdle; turdle; turdle; two-to-you
Geothlypis formosa,p'chee; p'chee; p'chee
Geothlypis semiflava,nan
Geothlypis speciosa,nan
Geothlypis beldingi,nan
Geothlypis rostrata,nan
Geothlypis flavovelata,nan
Geothlypis trichas,witchety-witchety-witchety (slow) (Western race)<br/>tchep (flat and raspy)
Geothlypis nelsoni,nan
Catharopeza bishopi,nan
Setophaga plumbea,nan
Setophaga angelae,nan
Setophaga pharetra,nan
Setophaga citrina,a-weeta-weeta-weet-tee-o
Setophaga ruticilla,tzee-tzee-tzee-tzeeeo
Setophaga kirtlandii,nan
Setophaga tigrina,seet-seet-seet-seet (thin; hp)
Setophaga cerulea,chyoo-chyoo-chyoo-tseee (last syllable burry)<br/>trill (ending with buzzy-) beeee
Setophaga americana,nan
Setophaga pitiayumi,nan
Setophaga magnolia,weeta-weeta-weetsee<br/>weeta-weeta-wit-chew<br/>I'm-I'm-I'm-so-sweet<br/>one; two; three; four; six
Setophaga castanea,tee-zee-tee-zee-tee-zee-tee (very rapid; hp)
Setophaga fusca,see-say; teetsa-teetsa-teetsa-  zee-zee-zee
Setophaga aestiva,nan
Setophaga petechia,nan
Setophaga pensylvanica,pleased-pleased-pleased-pleased-ta-meetcha<br/>see-see-see-Miss-Beech'er
Setophaga striata,chipping trill
Setophaga caerulescens,beer-beer-beer-beeee! (raspy)<br/>zur-zur-zur-zree!<br/>please; please; please squeeeeze<br/>I am so laz-eeeeee
Setophaga palmarum,trill (weak and buzzy)
Setophaga pityophila,nan
Setophaga pinus,chipping trill
Setophaga coronata,"trill in two parts, 2nd higher or lower in pitch<br/>trill (weak; unvaried)"
Setophaga dominica,tsyoo-tsyoo-tsyoo-tsyoo  -tswee
Setophaga flavescens,nan
Setophaga vitellina,nan
Setophaga discolor,zee-zee-zee-zee (steady rise in pitch)
Setophaga adelaidae,nan
Setophaga subita,nan
Setophaga delicata,nan
Setophaga graciae,nan
Setophaga nigrescens,zeedle-zeedle-zee-zeet-cha
Setophaga townsendi,nan
Setophaga occidentalis,nan
Setophaga chrysoparia,nan
Setophaga virens,trees-trees-murmuring-trees<br/>zee-zee-zee-zee-zoo-zee
Euthlypis lachrymosa,nan
Basileuterus rufifrons,nan
Basileuterus delattrii,nan
Basileuterus melanogenys,nan
Basileuterus ignotus,nan
Basileuterus belli,nan
Basileuterus culicivorus,nan
Basileuterus melanotis,nan
Basileuterus tacarcunae,nan
Basileuterus tristriatus,nan
Basileuterus punctipectus,nan
Basileuterus trifasciatus,nan
Myiothlypis griseiceps,nan
Myiothlypis basilica,nan
Myiothlypis luteoviridis,nan
Myiothlypis leucophrys,nan
Myiothlypis flaveola,nan
Myiothlypis leucoblephara,nan
Myiothlypis signata,nan
Myiothlypis nigrocristata,nan
Myiothlypis fulvicauda,nan
Myiothlypis rivularis,nan
Myiothlypis bivittata,nan
Myiothlypis chlorophrys,nan
Myiothlypis chrysogaster,nan
Myiothlypis cinereicollis,nan
Myiothlypis conspicillata,nan
Myiothlypis fraseri,nan
Myiothlypis coronata,nan
Cardellina canadensis,chip-chupitty-swee-ditchety
Cardellina pusilla,chee-chee-chee; chet-chet-chet-chet
Cardellina rubrifrons,nan
Cardellina rubra,nan
Cardellina versicolor,nan
Myioborus pictus,nan
Myioborus miniatus,nan
Myioborus brunniceps,nan
Myioborus castaneocapilla,nan
Myioborus pariae,nan
Myioborus cardonai,nan
Myioborus albifacies,nan
Myioborus torquatus,nan
Myioborus flavivertex,nan
Myioborus ornatus,nan
Myioborus melanocephalus,nan
Myioborus albifrons,nan
Mitrospingus cassinii,nan
Mitrospingus oleagineus,nan
Lamprospiza melanoleuca,nan
Orthogonys chloricterus,nan
Piranga roseogularis,nan
Piranga flava,nan
Piranga rubra,piky-tucky-tuck or pik-a-tuck
Piranga olivacea,hurry; worry; blurry; flurry (burry)
Piranga ludoviciana,pri-di-dik
Piranga bidentata,nan
Piranga leucoptera,nan
Piranga erythrocephala,nan
Piranga rubriceps,nan
Habia rubica,nan
Driophlox fuscicauda,nan
Driophlox gutturalis,nan
Driophlox atrimaxillaris,nan
Driophlox cristata,nan
Chlorothraupis carmioli,nan
Chlorothraupis frenata,nan
Chlorothraupis olivacea,nan
Chlorothraupis stolzmanni,nan
Periporphyrus celaeno,nan
Periporphyrus erythromelas,nan
Caryothraustes poliogaster,nan
Caryothraustes canadensis,nan
Cardinalis phoeniceus,nan
Cardinalis cardinalis,cheer-cheer-cheer-purty-purty-purty-
Cardinalis sinuatus,nan
Pheucticus chrysopeplus,nan
Pheucticus chrysogaster,nan
Pheucticus tibialis,nan
Pheucticus aureoventris,nan
Pheucticus ludovicianus,cheer-up; cheer-a-lee; cheer-ee-o<br/>chink
Pheucticus melanocephalus,ik (sharply) robin-like; but more musical<br/>spik
Granatellus venustus,nan
Granatellus sallaei,nan
Granatellus pelzelni,nan
Granatellus paraensis,nan
Amaurospiza concolor,nan
Amaurospiza aequatorialis,nan
Amaurospiza carrizalensis,nan
Amaurospiza moesta,nan
Cyanoloxia glaucocaerulea,nan
Cyanoloxia cyanoides,nan
Cyanoloxia rothschildii,nan
Cyanoloxia brissonii,nan
Cyanocompsa parellina,nan
Passerina caerulea,chink; house finch-like; but lower
Passerina amoena,zzzzzzd (buzzy)
Passerina cyanea,varied phrases (in couplets)<br/>fire; fire; where? where? here; here; see it? see it?
Passerina rositae,nan
Passerina leclancherii,nan
Passerina versicolor,nan
Passerina ciris,nan
Spiza americana,nan
Orchesticus abeillei,nan
Paroaria coronata,nan
Paroaria dominicana,nan
Paroaria nigrogenis,nan
Paroaria gularis,nan
Paroaria baeri,nan
Paroaria capitata,nan
Schistochlamys melanopis,nan
Schistochlamys ruficapillus,nan
Cissopis leverianus,nan
Neothraupis fasciata,nan
Conothraupis speculigera,nan
Conothraupis mesoleuca,nan
Compsothraupis loricata,nan
Sericossypha albocristata,nan
Nemosia pileata,nan
Nemosia rourei,nan
Creurgops verticalis,nan
Creurgops dentatus,nan
Kleinothraupis atropileus,nan
Kleinothraupis calophrys,nan
Kleinothraupis parodii,nan
Kleinothraupis reyi,nan
Sphenopsis frontalis,nan
Sphenopsis melanotis,nan
Thlypopsis sordida,nan
Thlypopsis inornata,nan
Thlypopsis fulviceps,nan
Thlypopsis pyrrhocoma,nan
Thlypopsis ruficeps,nan
Thlypopsis superciliaris,nan
Thlypopsis ornata,nan
Thlypopsis pectoralis,nan
Microspingus alticola,nan
Microspingus erythrophrys,nan
Microspingus lateralis,nan
Microspingus cabanisi,nan
Microspingus torquatus,nan
Microspingus melanoleucus,nan
Microspingus cinereus,nan
Microspingus trifasciatus,nan
Nephelornis oneilli,nan
Trichothraupis melanops,nan
Eucometis penicillata,nan
Heliothraupis oneilli,nan
Loriotus cristatus,nan
Loriotus rufiventer,nan
Loriotus luctuosus,nan
Tachyphonus surinamus,nan
Tachyphonus delatrii,nan
Tachyphonus coronatus,nan
Tachyphonus rufus,nan
Tachyphonus phoenicius,nan
Lanio fulvus,nan
Lanio versicolor,nan
Lanio aurantius,nan
Lanio leucothorax,nan
Ramphocelus sanguinolentus,nan
Ramphocelus flammigerus,nan
Ramphocelus passerinii,nan
Ramphocelus bresilius,nan
Ramphocelus melanogaster,nan
Ramphocelus carbo,nan
Ramphocelus nigrogularis,nan
Ramphocelus dimidiatus,nan
Calochaetes coccineus,nan
Cyanicterus cyanicterus,nan
Bangsia arcaei,nan
Bangsia melanochlamys,nan
Bangsia rothschildi,nan
Bangsia edwardsi,nan
Bangsia aureocincta,nan
Bangsia flavovirens,nan
Wetmorethraupis sterrhopteron,nan
Buthraupis montana,nan
Sporathraupis cyanocephala,nan
Tephrophilus wetmorei,nan
Chlorornis riefferii,nan
Cnemathraupis eximia,nan
Cnemathraupis aureodorsalis,nan
Anisognathus melanogenys,nan
Anisognathus lacrymosus,nan
Anisognathus igniventris,nan
Anisognathus somptuosus,nan
Anisognathus notabilis,nan
Dubusia carrikeri,nan
Dubusia taeniata,nan
Dubusia stictocephala,nan
Dubusia castaneoventris,nan
Pseudosaltator rufiventris,nan
Stephanophorus diadematus,nan
Iridosornis porphyrocephalus,nan
Iridosornis analis,nan
Iridosornis jelskii,nan
Iridosornis rufivertex,nan
Iridosornis reinhardti,nan
Pipraeidea melanonota,nan
Rauenia bonariensis,nan
Chlorochrysa phoenicotis,nan
Chlorochrysa calliparaea,nan
Chlorochrysa nitidissima,nan
Thraupis episcopus,nan
Thraupis sayaca,nan
Thraupis glaucocolpa,nan
Thraupis cyanoptera,nan
Thraupis ornata,nan
Thraupis abbas,nan
Thraupis palmarum,nan
Ixothraupis varia,nan
Ixothraupis rufigula,nan
Ixothraupis guttata,nan
Ixothraupis xanthogastra,nan
Ixothraupis punctata,nan
Chalcothraupis ruficervix,nan
Poecilostreptus cabanisi,nan
Poecilostreptus palmeri,nan
Stilpnia cyanoptera,nan
Stilpnia whitelyi,nan
Stilpnia viridicollis,nan
Stilpnia heinei,nan
Stilpnia argyrofenges,nan
Stilpnia phillipsi,nan
Stilpnia peruviana,nan
Stilpnia preciosa,nan
Stilpnia meyerdeschauenseei,nan
Stilpnia cayana,nan
Stilpnia cucullata,nan
Stilpnia vitriolina,nan
Stilpnia nigrocincta,nan
Stilpnia larvata,nan
Stilpnia cyanicollis,nan
Tangara vassorii,nan
Tangara nigroviridis,nan
Tangara dowii,nan
Tangara fucosa,nan
Tangara labradorides,nan
Tangara cyanotis,nan
Tangara inornata,nan
Tangara mexicana,nan
Tangara brasiliensis,nan
Tangara chilensis,nan
Tangara velia,nan
Tangara callophrys,nan
Tangara seledon,nan
Tangara fastuosa,nan
Tangara cyanocephala,nan
Tangara desmaresti,nan
Tangara cyanoventris,nan
Tangara lavinia,nan
Tangara gyrola,nan
Tangara rufigenis,nan
Tangara chrysotis,nan
Tangara xanthocephala,nan
Tangara parzudakii,nan
Tangara schrankii,nan
Tangara johannae,nan
Tangara arthus,nan
Tangara florida,nan
Tangara icterocephala,nan
Tersina viridis,nan
Dacnis albiventris,nan
Dacnis egregia,nan
Dacnis lineata,nan
Dacnis flaviventer,nan
Dacnis hartlaubi,nan
Dacnis nigripes,nan
Dacnis venusta,nan
Dacnis cayana,nan
Dacnis viguieri,nan
Dacnis berlepschi,nan
Cyanerpes nitidus,nan
Cyanerpes lucidus,nan
Cyanerpes caeruleus,nan
Cyanerpes cyaneus,nan
Chlorophanes spiza,nan
Iridophanes pulcherrimus,nan
Heterospingus rubrifrons,nan
Heterospingus xanthopygius,nan
Hemithraupis guira,nan
Hemithraupis ruficapilla,nan
Hemithraupis flavicollis,nan
Chrysothlypis chrysomelas,nan
Chrysothlypis salmoni,nan
Conirostrum bicolor,nan
Conirostrum margaritae,nan
Conirostrum speciosum,nan
Conirostrum leucogenys,nan
Conirostrum binghami,nan
Conirostrum ferrugineiventre,nan
Conirostrum sitticolor,nan
Conirostrum albifrons,nan
Conirostrum tamarugense,nan
Conirostrum rufum,nan
Conirostrum cinereum,nan
Diglossa gloriosissima,nan
Diglossa lafresnayii,nan
Diglossa mystacalis,nan
Diglossa gloriosa,nan
Diglossa humeralis,nan
Diglossa brunneiventris,nan
Diglossa carbonaria,nan
Diglossa venezuelensis,nan
Diglossa albilatera,nan
Diglossa duidae,nan
Diglossa major,nan
Diglossa indigotica,nan
Diglossa baritula,nan
Diglossa plumbea,nan
Diglossa sittoides,nan
Diglossa glauca,nan
Diglossa caerulescens,nan
Diglossa cyanea,nan
Catamblyrhynchus diadema,nan
Urothraupis stolzmanni,nan
Phrygilus atriceps,nan
Phrygilus punensis,nan
Phrygilus gayi,nan
Phrygilus patagonicus,nan
Diuca diuca,nan
Melanodera melanodera,nan
Melanodera xanthogramma,nan
Xenodacnis parina,nan
Idiopsar dorsalis,nan
Idiopsar erythronotus,nan
Idiopsar speculifer,nan
Idiopsar brachyurus,nan
Geospizopsis unicolor,nan
Geospizopsis plebejus,nan
Haplospiza unicolor,nan
Haplospiza rustica,nan
Acanthidops bairdi,nan
Lophospingus pusillus,nan
Lophospingus griseocristatus,nan
Rowettia goughensis,nan
Nesospiza acunhae,nan
Nesospiza questi,nan
Nesospiza wilkinsi,nan
Piezorina cinerea,nan
Xenospingus concolor,nan
Incaspiza pulchra,nan
Incaspiza personata,nan
Incaspiza ortizi,nan
Incaspiza laeta,nan
Incaspiza watkinsi,nan
Rhopospina fruticeti,nan
Rhopospina caerulescens,nan
Rhopospina alaudina,nan
Rhopospina carbonaria,nan
Pseudospingus verticalis,nan
Pseudospingus xanthophthalmus,nan
Cnemoscopus rubrirostris,nan
Cnemoscopus chrysogaster,nan
Cypsnagra hirundinacea,nan
Donacospiza albifrons,nan
Poospizopsis caesar,nan
Poospizopsis hypochondria,nan
Castanozoster thoracicus,nan
Poospiza goeringi,nan
Poospiza rufosuperciliaris,nan
Poospiza boliviana,nan
Poospiza ornata,nan
Poospiza whitii,nan
Poospiza nigrorufa,nan
Poospiza rubecula,nan
Poospiza hispaniolensis,nan
Poospiza garleppi,nan
Poospiza baeri,nan
Sicalis citrina,nan
Sicalis lutea,nan
Sicalis uropygialis,nan
Sicalis luteocephala,nan
Sicalis auriventris,nan
Sicalis olivascens,nan
Sicalis mendozae,nan
Sicalis lebruni,nan
Sicalis columbiana,nan
Sicalis flaveola,nan
Sicalis luteola,nan
Sicalis raimondii,nan
Sicalis taczanowskii,nan
Emberizoides herbicola,nan
Emberizoides duidae,nan
Emberizoides ypiranganus,nan
Embernagra platensis,nan
Embernagra longicauda,nan
Volatinia jacarina,nan
Sporophila bouvronides,nan
Sporophila lineola,nan
Sporophila leucoptera,nan
Sporophila peruviana,nan
Sporophila telasco,nan
Sporophila simplex,nan
Sporophila castaneiventris,nan
Sporophila minuta,nan
Sporophila nigrorufa,nan
Sporophila bouvreuil,nan
Sporophila pileata,nan
Sporophila hypoxantha,nan
Sporophila ruficollis,nan
Sporophila iberaensis,nan
Sporophila palustris,nan
Sporophila hypochroma,nan
Sporophila cinnamomea,nan
Sporophila melanogaster,nan
Sporophila funerea,nan
Sporophila angolensis,nan
Sporophila nuttingi,nan
Sporophila maximiliani,nan
Sporophila crassirostris,nan
Sporophila atrirostris,nan
Sporophila corvina,nan
Sporophila intermedia,nan
Sporophila americana,nan
Sporophila morelleti,nan
Sporophila torqueola,nan
Sporophila fringilloides,nan
Sporophila luctuosa,nan
Sporophila nigricollis,nan
Sporophila ardesiaca,nan
Sporophila caerulescens,nan
Sporophila schistacea,nan
Sporophila falcirostris,nan
Sporophila frontalis,nan
Sporophila plumbea,nan
Sporophila beltoni,nan
Sporophila collaris,nan
Sporophila albogularis,nan
Catamenia analis,nan
Catamenia inornata,nan
Catamenia homochroa,nan
Charitospiza eucosma,nan
Coryphaspiza melanotis,nan
Coryphospingus pileatus,nan
Coryphospingus cucullatus,nan
Rhodospingus cruentus,nan
Gubernatrix cristata,nan
Coereba flaveola,nan
Tiaris olivaceus,nan
Euneornis campestris,nan
Melopyrrha portoricensis,nan
Melopyrrha grandis,nan
Melopyrrha nigra,nan
Melopyrrha taylori,nan
Melopyrrha violacea,nan
Loxipasser anoxanthus,nan
Phonipara canora,nan
Loxigilla noctis,nan
Loxigilla barbadensis,nan
Melanospiza richardsoni,nan
Melanospiza bicolor,nan
Asemospiza obscura,nan
Asemospiza fuliginosa,nan
Pinaroloxias inornata,nan
Certhidea olivacea,nan
Certhidea fusca,nan
Platyspiza crassirostris,nan
Camarhynchus pallidus,nan
Camarhynchus psittacula,nan
Camarhynchus pauper,nan
Camarhynchus parvulus,nan
Camarhynchus heliobates,nan
Geospiza fuliginosa,nan
Geospiza magnirostris,nan
Geospiza septentrionalis,nan
Geospiza acutirostris,nan
Geospiza difficilis,nan
Geospiza scandens,nan
Geospiza fortis,nan
Geospiza conirostris,nan
Geospiza propinqua,nan
Parkerthraustes humeralis,nan
Saltatricula multicolor,nan
Saltatricula atricollis,nan
Saltator maximus,nan
Saltator atripennis,nan
Saltator atriceps,nan
Saltator orenocensis,nan
Saltator olivascens,nan
Saltator grandis,nan
Saltator coerulescens,nan
Saltator striatipectus,nan
Saltator albicollis,nan
Saltator similis,nan
Saltator nigriceps,nan
Saltator maxillosus,nan
Saltator aurantiirostris,nan
Saltator cinctus,nan
Saltator grossus,nan
Saltator fuliginosus,nan
